date,ric,underlying,expiry,type,strike,MID_PRICE,TRDPRC_1,eligible
2026-06-15,UUUUF262601050.U^F26,UUUU,2026-06-26,Call,10.5,5.55,,True
2026-06-15,UUUUF262601100.U^F26,UUUU,2026-06-26,Call,11.0,4.9,,True
2026-06-15,UUUUF262601150.U^F26,UUUU,2026-06-26,Call,11.5,4.325,,True
2026-06-15,UUUUF262601200.U^F26,UUUU,2026-06-26,Call,12.0,3.725,3.9,True
2026-06-15,UUUUF262601250.U^F26,UUUU,2026-06-26,Call,12.5,3.5,,True
2026-06-15,UUUUF262601300.U^F26,UUUU,2026-06-26,Call,13.0,2.89,,True
2026-06-15,UUUUF262601350.U^F26,UUUU,2026-06-26,Call,13.5,2.435,2.49,True
2026-06-15,UUUUF262601400.U^F26,UUUU,2026-06-26,Call,14.0,2.09,,True
2026-06-15,UUUUF262601450.U^F26,UUUU,2026-06-26,Call,14.5,1.695,,True
2026-06-15,UUUUF262601500.U^F26,UUUU,2026-06-26,Call,15.0,1.19,1.35,True
2026-06-15,UUUUF262601550.U^F26,UUUU,2026-06-26,Call,15.5,0.925,1.0,True
2026-06-15,UUUUF262601600.U^F26,UUUU,2026-06-26,Call,16.0,0.69,0.73,True
2026-06-15,UUUUF262601650.U^F26,UUUU,2026-06-26,Call,16.5,0.525,0.54,True
2026-06-15,UUUUF262601700.U^F26,UUUU,2026-06-26,Call,17.0,0.35,0.34,True
2026-06-15,UUUUF262601750.U^F26,UUUU,2026-06-26,Call,17.5,0.275,0.27,True
2026-06-15,UUUUF262601800.U^F26,UUUU,2026-06-26,Call,18.0,0.175,0.18,True
2026-06-15,UUUUF262601850.U^F26,UUUU,2026-06-26,Call,18.5,0.1,0.14,True
2026-06-15,UUUUG102601100.U^G26,UUUU,2026-07-10,Call,11.0,5.05,,True
2026-06-15,UUUUG102601150.U^G26,UUUU,2026-07-10,Call,11.5,,,False
2026-06-15,UUUUG102601200.U^G26,UUUU,2026-07-10,Call,12.0,4.025,,True
2026-06-15,UUUUG102601250.U^G26,UUUU,2026-07-10,Call,12.5,,,False
2026-06-15,UUUUG102601300.U^G26,UUUU,2026-07-10,Call,13.0,3.24,,True
2026-06-15,UUUUG102601350.U^G26,UUUU,2026-07-10,Call,13.5,2.795,,True
2026-06-15,UUUUG102601400.U^G26,UUUU,2026-07-10,Call,14.0,2.34,,True
2026-06-15,UUUUG102601450.U^G26,UUUU,2026-07-10,Call,14.5,2.12,2.07,True
2026-06-15,UUUUG102601500.U^G26,UUUU,2026-07-10,Call,15.0,1.63,1.83,True
2026-06-15,UUUUG102601550.U^G26,UUUU,2026-07-10,Call,15.5,1.37,1.55,True
2026-06-15,UUUUG102601600.U^G26,UUUU,2026-07-10,Call,16.0,1.15,1.28,True
2026-06-15,UUUUG102601650.U^G26,UUUU,2026-07-10,Call,16.5,0.94,0.92,True
2026-06-15,UUUUG102601700.U^G26,UUUU,2026-07-10,Call,17.0,0.765,0.78,True
2026-06-15,UUUUG102601750.U^G26,UUUU,2026-07-10,Call,17.5,0.605,0.85,True
2026-06-15,UUUUG102601800.U^G26,UUUU,2026-07-10,Call,18.0,0.455,0.52,True
2026-06-15,UUUUG102601850.U^G26,UUUU,2026-07-10,Call,18.5,0.445,0.45,True
2026-06-15,UUUUG172601100.U^G26,UUUU,2026-07-17,Call,11.0,5.075,,True
2026-06-15,UUUUG172601150.U^G26,UUUU,2026-07-17,Call,11.5,,,False
2026-06-15,UUUUG172601200.U^G26,UUUU,2026-07-17,Call,12.0,3.975,4.2,True
2026-06-15,UUUUG172601250.U^G26,UUUU,2026-07-17,Call,12.5,,,False
2026-06-15,UUUUG172601300.U^G26,UUUU,2026-07-17,Call,13.0,3.3,,True
2026-06-15,UUUUG172601350.U^G26,UUUU,2026-07-17,Call,13.5,,,False
2026-06-15,UUUUG172601400.U^G26,UUUU,2026-07-17,Call,14.0,2.475,2.48,True
2026-06-15,UUUUG172601450.U^G26,UUUU,2026-07-17,Call,14.5,,,False
2026-06-15,UUUUG172601500.U^G26,UUUU,2026-07-17,Call,15.0,1.815,1.82,True
2026-06-15,UUUUG172601550.U^G26,UUUU,2026-07-17,Call,15.5,,,False
2026-06-15,UUUUG172601600.U^G26,UUUU,2026-07-17,Call,16.0,1.355,1.39,True
2026-06-15,UUUUG172601650.U^G26,UUUU,2026-07-17,Call,16.5,,,False
2026-06-15,UUUUG172601700.U^G26,UUUU,2026-07-17,Call,17.0,1.02,1.0,True
2026-06-15,UUUUG172601750.U^G26,UUUU,2026-07-17,Call,17.5,,,False
2026-06-15,UUUUG172601800.U^G26,UUUU,2026-07-17,Call,18.0,0.655,0.7,True
2026-06-15,UUUUG172601850.U^G26,UUUU,2026-07-17,Call,18.5,,,False
2026-06-15,UUUUG242601050.U^G26,UUUU,2026-07-24,Call,10.5,,,False
2026-06-15,UUUUG242601100.U^G26,UUUU,2026-07-24,Call,11.0,5.05,,True
2026-06-15,UUUUG242601150.U^G26,UUUU,2026-07-24,Call,11.5,,,False
2026-06-15,UUUUG242601200.U^G26,UUUU,2026-07-24,Call,12.0,4.15,,True
2026-06-15,UUUUG242601250.U^G26,UUUU,2026-07-24,Call,12.5,,,False
2026-06-15,UUUUG242601300.U^G26,UUUU,2026-07-24,Call,13.0,3.425,,True
2026-06-15,UUUUG242601350.U^G26,UUUU,2026-07-24,Call,13.5,2.905,2.95,True
2026-06-15,UUUUG242601400.U^G26,UUUU,2026-07-24,Call,14.0,2.76,2.8,True
2026-06-15,UUUUG242601450.U^G26,UUUU,2026-07-24,Call,14.5,2.415,,True
2026-06-15,UUUUG242601500.U^G26,UUUU,2026-07-24,Call,15.0,2.085,2.13,True
2026-06-15,UUUUG242601550.U^G26,UUUU,2026-07-24,Call,15.5,1.825,1.85,True
2026-06-15,UUUUG242601600.U^G26,UUUU,2026-07-24,Call,16.0,1.59,1.71,True
2026-06-15,UUUUG242601650.U^G26,UUUU,2026-07-24,Call,16.5,1.395,2.02,True
2026-06-15,UUUUG242601700.U^G26,UUUU,2026-07-24,Call,17.0,1.19,1.41,True
2026-06-15,UUUUG242601750.U^G26,UUUU,2026-07-24,Call,17.5,1.03,1.19,True
2026-06-15,UUUUG242601800.U^G26,UUUU,2026-07-24,Call,18.0,0.8,1.04,True
2026-06-15,UUUUG242601850.U^G26,UUUU,2026-07-24,Call,18.5,0.78,0.95,True
2026-06-15,UUUUG312601050.U^G26,UUUU,2026-07-31,Call,10.5,5.625,,True
2026-06-15,UUUUG312601100.U^G26,UUUU,2026-07-31,Call,11.0,5.125,,True
2026-06-15,UUUUG312601150.U^G26,UUUU,2026-07-31,Call,11.5,4.725,,True
2026-06-15,UUUUG312601200.U^G26,UUUU,2026-07-31,Call,12.0,4.4,,True
2026-06-15,UUUUG312601250.U^G26,UUUU,2026-07-31,Call,12.5,3.85,,True
2026-06-15,UUUUG312601300.U^G26,UUUU,2026-07-31,Call,13.0,3.475,,True
2026-06-15,UUUUG312601350.U^G26,UUUU,2026-07-31,Call,13.5,3.25,,True
2026-06-15,UUUUG312601400.U^G26,UUUU,2026-07-31,Call,14.0,2.945,,True
2026-06-15,UUUUG312601450.U^G26,UUUU,2026-07-31,Call,14.5,2.585,,True
2026-06-15,UUUUG312601500.U^G26,UUUU,2026-07-31,Call,15.0,2.33,2.44,True
2026-06-15,UUUUG312601550.U^G26,UUUU,2026-07-31,Call,15.5,1.99,2.5,True
2026-06-15,UUUUG312601600.U^G26,UUUU,2026-07-31,Call,16.0,1.765,1.75,True
2026-06-15,UUUUG312601650.U^G26,UUUU,2026-07-31,Call,16.5,1.72,,True
2026-06-15,UUUUG312601700.U^G26,UUUU,2026-07-31,Call,17.0,1.525,,True
2026-06-15,UUUUG312601750.U^G26,UUUU,2026-07-31,Call,17.5,1.32,,True
2026-06-15,UUUUG312601800.U^G26,UUUU,2026-07-31,Call,18.0,0.995,1.07,True
2026-06-15,UUUUG312601850.U^G26,UUUU,2026-07-31,Call,18.5,0.89,,True
2026-06-15,UUUUH072601050.U^H26,UUUU,2026-08-07,Call,10.5,,,False
2026-06-15,UUUUH072601100.U^H26,UUUU,2026-08-07,Call,11.0,,,False
2026-06-15,UUUUH072601150.U^H26,UUUU,2026-08-07,Call,11.5,,,False
2026-06-15,UUUUH072601200.U^H26,UUUU,2026-08-07,Call,12.0,,,False
2026-06-15,UUUUH072601250.U^H26,UUUU,2026-08-07,Call,12.5,,,False
2026-06-15,UUUUH072601300.U^H26,UUUU,2026-08-07,Call,13.0,,,False
2026-06-15,UUUUH072601350.U^H26,UUUU,2026-08-07,Call,13.5,,,False
2026-06-15,UUUUH072601400.U^H26,UUUU,2026-08-07,Call,14.0,,,False
2026-06-15,UUUUH072601450.U^H26,UUUU,2026-08-07,Call,14.5,,,False
2026-06-15,UUUUH072601500.U^H26,UUUU,2026-08-07,Call,15.0,,,False
2026-06-15,UUUUH072601550.U^H26,UUUU,2026-08-07,Call,15.5,,,False
2026-06-15,UUUUH072601600.U^H26,UUUU,2026-08-07,Call,16.0,,,False
2026-06-15,UUUUH072601650.U^H26,UUUU,2026-08-07,Call,16.5,,,False
2026-06-15,UUUUH072601700.U^H26,UUUU,2026-08-07,Call,17.0,,,False
2026-06-15,UUUUH072601750.U^H26,UUUU,2026-08-07,Call,17.5,,,False
2026-06-15,UUUUH072601800.U^H26,UUUU,2026-08-07,Call,18.0,,,False
2026-06-15,UUUUH072601850.U^H26,UUUU,2026-08-07,Call,18.5,,,False
2026-06-15,UUUUH142601050.U^H26,UUUU,2026-08-14,Call,10.5,,,False
2026-06-15,UUUUH142601100.U^H26,UUUU,2026-08-14,Call,11.0,,,False
2026-06-15,UUUUH142601150.U^H26,UUUU,2026-08-14,Call,11.5,,,False
2026-06-15,UUUUH142601200.U^H26,UUUU,2026-08-14,Call,12.0,,,False
2026-06-15,UUUUH142601250.U^H26,UUUU,2026-08-14,Call,12.5,,,False
2026-06-15,UUUUH142601300.U^H26,UUUU,2026-08-14,Call,13.0,,,False
2026-06-15,UUUUH142601350.U^H26,UUUU,2026-08-14,Call,13.5,,,False
2026-06-15,UUUUH142601400.U^H26,UUUU,2026-08-14,Call,14.0,,,False
2026-06-15,UUUUH142601450.U^H26,UUUU,2026-08-14,Call,14.5,,,False
2026-06-15,UUUUH142601500.U^H26,UUUU,2026-08-14,Call,15.0,,,False
2026-06-15,UUUUH142601550.U^H26,UUUU,2026-08-14,Call,15.5,,,False
2026-06-15,UUUUH142601600.U^H26,UUUU,2026-08-14,Call,16.0,,,False
2026-06-15,UUUUH142601650.U^H26,UUUU,2026-08-14,Call,16.5,,,False
2026-06-15,UUUUH142601700.U^H26,UUUU,2026-08-14,Call,17.0,,,False
2026-06-15,UUUUH142601750.U^H26,UUUU,2026-08-14,Call,17.5,,,False
2026-06-15,UUUUH142601800.U^H26,UUUU,2026-08-14,Call,18.0,,,False
2026-06-15,UUUUH142601850.U^H26,UUUU,2026-08-14,Call,18.5,,,False
2026-06-15,UUUUH212601050.U^H26,UUUU,2026-08-21,Call,10.5,,,False
2026-06-15,UUUUH212601100.U^H26,UUUU,2026-08-21,Call,11.0,,,False
2026-06-15,UUUUH212601150.U^H26,UUUU,2026-08-21,Call,11.5,,,False
2026-06-15,UUUUH212601200.U^H26,UUUU,2026-08-21,Call,12.0,,,False
2026-06-15,UUUUH212601250.U^H26,UUUU,2026-08-21,Call,12.5,,,False
2026-06-15,UUUUH212601300.U^H26,UUUU,2026-08-21,Call,13.0,,,False
2026-06-15,UUUUH212601350.U^H26,UUUU,2026-08-21,Call,13.5,,,False
2026-06-15,UUUUH212601400.U^H26,UUUU,2026-08-21,Call,14.0,,,False
2026-06-15,UUUUH212601450.U^H26,UUUU,2026-08-21,Call,14.5,,,False
2026-06-15,UUUUH212601500.U^H26,UUUU,2026-08-21,Call,15.0,,,False
2026-06-15,UUUUH212601550.U^H26,UUUU,2026-08-21,Call,15.5,,,False
2026-06-15,UUUUH212601600.U^H26,UUUU,2026-08-21,Call,16.0,,,False
2026-06-15,UUUUH212601650.U^H26,UUUU,2026-08-21,Call,16.5,,,False
2026-06-15,UUUUH212601700.U^H26,UUUU,2026-08-21,Call,17.0,,,False
2026-06-15,UUUUH212601750.U^H26,UUUU,2026-08-21,Call,17.5,,,False
2026-06-15,UUUUH212601800.U^H26,UUUU,2026-08-21,Call,18.0,,,False
2026-06-15,UUUUH212601850.U^H26,UUUU,2026-08-21,Call,18.5,,,False
2026-06-15,UUUUH282601050.U^H26,UUUU,2026-08-28,Call,10.5,,,False
2026-06-15,UUUUH282601100.U^H26,UUUU,2026-08-28,Call,11.0,,,False
2026-06-15,UUUUH282601150.U^H26,UUUU,2026-08-28,Call,11.5,,,False
2026-06-15,UUUUH282601200.U^H26,UUUU,2026-08-28,Call,12.0,,,False
2026-06-15,UUUUH282601250.U^H26,UUUU,2026-08-28,Call,12.5,,,False
2026-06-15,UUUUH282601300.U^H26,UUUU,2026-08-28,Call,13.0,,,False
2026-06-15,UUUUH282601350.U^H26,UUUU,2026-08-28,Call,13.5,,,False
2026-06-15,UUUUH282601400.U^H26,UUUU,2026-08-28,Call,14.0,,,False
2026-06-15,UUUUH282601450.U^H26,UUUU,2026-08-28,Call,14.5,,,False
2026-06-15,UUUUH282601500.U^H26,UUUU,2026-08-28,Call,15.0,,,False
2026-06-15,UUUUH282601550.U^H26,UUUU,2026-08-28,Call,15.5,,,False
2026-06-15,UUUUH282601600.U^H26,UUUU,2026-08-28,Call,16.0,,,False
2026-06-15,UUUUH282601650.U^H26,UUUU,2026-08-28,Call,16.5,,,False
2026-06-15,UUUUH282601700.U^H26,UUUU,2026-08-28,Call,17.0,,,False
2026-06-15,UUUUH282601750.U^H26,UUUU,2026-08-28,Call,17.5,,,False
2026-06-15,UUUUH282601800.U^H26,UUUU,2026-08-28,Call,18.0,,,False
2026-06-15,UUUUH282601850.U^H26,UUUU,2026-08-28,Call,18.5,,,False
2026-06-15,UUUUI042601050.U^I26,UUUU,2026-09-04,Call,10.5,,,False
2026-06-15,UUUUI042601100.U^I26,UUUU,2026-09-04,Call,11.0,,,False
2026-06-15,UUUUI042601150.U^I26,UUUU,2026-09-04,Call,11.5,,,False
2026-06-15,UUUUI042601200.U^I26,UUUU,2026-09-04,Call,12.0,,,False
2026-06-15,UUUUI042601250.U^I26,UUUU,2026-09-04,Call,12.5,,,False
2026-06-15,UUUUI042601300.U^I26,UUUU,2026-09-04,Call,13.0,,,False
2026-06-15,UUUUI042601350.U^I26,UUUU,2026-09-04,Call,13.5,,,False
2026-06-15,UUUUI042601400.U^I26,UUUU,2026-09-04,Call,14.0,,,False
2026-06-15,UUUUI042601450.U^I26,UUUU,2026-09-04,Call,14.5,,,False
2026-06-15,UUUUI042601500.U^I26,UUUU,2026-09-04,Call,15.0,,,False
2026-06-15,UUUUI042601550.U^I26,UUUU,2026-09-04,Call,15.5,,,False
2026-06-15,UUUUI042601600.U^I26,UUUU,2026-09-04,Call,16.0,,,False
2026-06-15,UUUUI042601650.U^I26,UUUU,2026-09-04,Call,16.5,,,False
2026-06-15,UUUUI042601700.U^I26,UUUU,2026-09-04,Call,17.0,,,False
2026-06-15,UUUUI042601750.U^I26,UUUU,2026-09-04,Call,17.5,,,False
2026-06-15,UUUUI042601800.U^I26,UUUU,2026-09-04,Call,18.0,,,False
2026-06-15,UUUUI042601850.U^I26,UUUU,2026-09-04,Call,18.5,,,False
2026-06-15,UUUUR262601100.U^F26,UUUU,2026-06-26,Put,11.0,,,False
2026-06-15,UUUUR262601200.U^F26,UUUU,2026-06-26,Put,12.0,0.045,0.06,True
2026-06-15,UUUUR262601250.U^F26,UUUU,2026-06-26,Put,12.5,,0.09,True
2026-06-15,UUUUR262601300.U^F26,UUUU,2026-06-26,Put,13.0,0.11,0.12,True
2026-06-15,UUUUR262601350.U^F26,UUUU,2026-06-26,Put,13.5,0.12,0.11,True
2026-06-15,UUUUR262601400.U^F26,UUUU,2026-06-26,Put,14.0,0.26,0.28,True
2026-06-15,UUUUR262601450.U^F26,UUUU,2026-06-26,Put,14.5,0.39,0.4,True
2026-06-15,UUUUR262601500.U^F26,UUUU,2026-06-26,Put,15.0,0.565,0.57,True
2026-06-15,UUUUR262601550.U^F26,UUUU,2026-06-26,Put,15.5,0.78,0.8,True
2026-06-15,UUUUR262601600.U^F26,UUUU,2026-06-26,Put,16.0,1.06,1.05,True
2026-06-15,UUUUR262601650.U^F26,UUUU,2026-06-26,Put,16.5,1.325,1.21,True
2026-06-15,UUUUR262601700.U^F26,UUUU,2026-06-26,Put,17.0,1.715,1.69,True
2026-06-15,UUUUR262601750.U^F26,UUUU,2026-06-26,Put,17.5,2.125,2.07,True
2026-06-15,UUUUR262601800.U^F26,UUUU,2026-06-26,Put,18.0,2.545,2.5,True
2026-06-15,UUUUR262601850.U^F26,UUUU,2026-06-26,Put,18.5,2.8,,True
2026-06-15,UUUUS102601100.U^G26,UUUU,2026-07-10,Put,11.0,,0.16,True
2026-06-15,UUUUS102601150.U^G26,UUUU,2026-07-10,Put,11.5,,,False
2026-06-15,UUUUS102601200.U^G26,UUUU,2026-07-10,Put,12.0,0.175,0.2,True
2026-06-15,UUUUS102601250.U^G26,UUUU,2026-07-10,Put,12.5,,,False
2026-06-15,UUUUS102601300.U^G26,UUUU,2026-07-10,Put,13.0,0.31,0.33,True
2026-06-15,UUUUS102601350.U^G26,UUUU,2026-07-10,Put,13.5,0.44,0.42,True
2026-06-15,UUUUS102601400.U^G26,UUUU,2026-07-10,Put,14.0,0.59,0.58,True
2026-06-15,UUUUS102601450.U^G26,UUUU,2026-07-10,Put,14.5,0.735,0.75,True
2026-06-15,UUUUS102601500.U^G26,UUUU,2026-07-10,Put,15.0,0.965,0.95,True
2026-06-15,UUUUS102601550.U^G26,UUUU,2026-07-10,Put,15.5,1.105,1.09,True
2026-06-15,UUUUS102601600.U^G26,UUUU,2026-07-10,Put,16.0,1.485,1.46,True
2026-06-15,UUUUS102601650.U^G26,UUUU,2026-07-10,Put,16.5,1.625,,True
2026-06-15,UUUUS102601700.U^G26,UUUU,2026-07-10,Put,17.0,2.035,2.02,True
2026-06-15,UUUUS102601750.U^G26,UUUU,2026-07-10,Put,17.5,2.325,,True
2026-06-15,UUUUS102601800.U^G26,UUUU,2026-07-10,Put,18.0,2.735,2.54,True
2026-06-15,UUUUS102601850.U^G26,UUUU,2026-07-10,Put,18.5,3.225,3.01,True
2026-06-15,UUUUS172601100.U^G26,UUUU,2026-07-17,Put,11.0,0.155,0.13,True
2026-06-15,UUUUS172601150.U^G26,UUUU,2026-07-17,Put,11.5,,,False
2026-06-15,UUUUS172601200.U^G26,UUUU,2026-07-17,Put,12.0,0.275,0.39,True
2026-06-15,UUUUS172601250.U^G26,UUUU,2026-07-17,Put,12.5,,,False
2026-06-15,UUUUS172601300.U^G26,UUUU,2026-07-17,Put,13.0,0.455,0.45,True
2026-06-15,UUUUS172601350.U^G26,UUUU,2026-07-17,Put,13.5,,,False
2026-06-15,UUUUS172601400.U^G26,UUUU,2026-07-17,Put,14.0,0.725,0.73,True
2026-06-15,UUUUS172601450.U^G26,UUUU,2026-07-17,Put,14.5,,,False
2026-06-15,UUUUS172601500.U^G26,UUUU,2026-07-17,Put,15.0,1.125,1.15,True
2026-06-15,UUUUS172601550.U^G26,UUUU,2026-07-17,Put,15.5,,,False
2026-06-15,UUUUS172601600.U^G26,UUUU,2026-07-17,Put,16.0,1.64,1.63,True
2026-06-15,UUUUS172601650.U^G26,UUUU,2026-07-17,Put,16.5,,,False
2026-06-15,UUUUS172601700.U^G26,UUUU,2026-07-17,Put,17.0,2.245,2.1,True
2026-06-15,UUUUS172601750.U^G26,UUUU,2026-07-17,Put,17.5,,,False
2026-06-15,UUUUS172601800.U^G26,UUUU,2026-07-17,Put,18.0,3.04,2.92,True
2026-06-15,UUUUS172601850.U^G26,UUUU,2026-07-17,Put,18.5,,,False
2026-06-15,UUUUS242601050.U^G26,UUUU,2026-07-24,Put,10.5,,,False
2026-06-15,UUUUS242601100.U^G26,UUUU,2026-07-24,Put,11.0,0.15,0.2,True
2026-06-15,UUUUS242601150.U^G26,UUUU,2026-07-24,Put,11.5,,,False
2026-06-15,UUUUS242601200.U^G26,UUUU,2026-07-24,Put,12.0,0.3,,True
2026-06-15,UUUUS242601250.U^G26,UUUU,2026-07-24,Put,12.5,,,False
2026-06-15,UUUUS242601300.U^G26,UUUU,2026-07-24,Put,13.0,0.575,0.56,True
2026-06-15,UUUUS242601350.U^G26,UUUU,2026-07-24,Put,13.5,0.685,,True
2026-06-15,UUUUS242601400.U^G26,UUUU,2026-07-24,Put,14.0,0.865,0.87,True
2026-06-15,UUUUS242601450.U^G26,UUUU,2026-07-24,Put,14.5,1.075,,True
2026-06-15,UUUUS242601500.U^G26,UUUU,2026-07-24,Put,15.0,1.31,1.25,True
2026-06-15,UUUUS242601550.U^G26,UUUU,2026-07-24,Put,15.5,1.595,1.59,True
2026-06-15,UUUUS242601600.U^G26,UUUU,2026-07-24,Put,16.0,1.815,1.74,True
2026-06-15,UUUUS242601650.U^G26,UUUU,2026-07-24,Put,16.5,2.185,2.15,True
2026-06-15,UUUUS242601700.U^G26,UUUU,2026-07-24,Put,17.0,2.415,,True
2026-06-15,UUUUS242601750.U^G26,UUUU,2026-07-24,Put,17.5,2.74,,True
2026-06-15,UUUUS242601800.U^G26,UUUU,2026-07-24,Put,18.0,3.085,,True
2026-06-15,UUUUS242601850.U^G26,UUUU,2026-07-24,Put,18.5,3.5,,True
2026-06-15,UUUUS312601050.U^G26,UUUU,2026-07-31,Put,10.5,0.145,0.25,True
2026-06-15,UUUUS312601100.U^G26,UUUU,2026-07-31,Put,11.0,0.265,0.23,True
2026-06-15,UUUUS312601150.U^G26,UUUU,2026-07-31,Put,11.5,0.27,0.4,True
2026-06-15,UUUUS312601200.U^G26,UUUU,2026-07-31,Put,12.0,0.45,0.41,True
2026-06-15,UUUUS312601250.U^G26,UUUU,2026-07-31,Put,12.5,0.53,,True
2026-06-15,UUUUS312601300.U^G26,UUUU,2026-07-31,Put,13.0,0.66,,True
2026-06-15,UUUUS312601350.U^G26,UUUU,2026-07-31,Put,13.5,0.815,,True
2026-06-15,UUUUS312601400.U^G26,UUUU,2026-07-31,Put,14.0,0.99,0.96,True
2026-06-15,UUUUS312601450.U^G26,UUUU,2026-07-31,Put,14.5,1.19,,True
2026-06-15,UUUUS312601500.U^G26,UUUU,2026-07-31,Put,15.0,1.51,1.49,True
2026-06-15,UUUUS312601550.U^G26,UUUU,2026-07-31,Put,15.5,1.765,1.63,True
2026-06-15,UUUUS312601600.U^G26,UUUU,2026-07-31,Put,16.0,1.995,1.95,True
2026-06-15,UUUUS312601650.U^G26,UUUU,2026-07-31,Put,16.5,2.26,2.22,True
2026-06-15,UUUUS312601700.U^G26,UUUU,2026-07-31,Put,17.0,2.555,,True
2026-06-15,UUUUS312601750.U^G26,UUUU,2026-07-31,Put,17.5,2.905,,True
2026-06-15,UUUUS312601800.U^G26,UUUU,2026-07-31,Put,18.0,3.25,3.22,True
2026-06-15,UUUUS312601850.U^G26,UUUU,2026-07-31,Put,18.5,3.65,,True
2026-06-15,UUUUT072601050.U^H26,UUUU,2026-08-07,Put,10.5,,,False
2026-06-15,UUUUT072601100.U^H26,UUUU,2026-08-07,Put,11.0,,,False
2026-06-15,UUUUT072601150.U^H26,UUUU,2026-08-07,Put,11.5,,,False
2026-06-15,UUUUT072601200.U^H26,UUUU,2026-08-07,Put,12.0,,,False
2026-06-15,UUUUT072601250.U^H26,UUUU,2026-08-07,Put,12.5,,,False
2026-06-15,UUUUT072601300.U^H26,UUUU,2026-08-07,Put,13.0,,,False
2026-06-15,UUUUT072601350.U^H26,UUUU,2026-08-07,Put,13.5,,,False
2026-06-15,UUUUT072601400.U^H26,UUUU,2026-08-07,Put,14.0,,,False
2026-06-15,UUUUT072601450.U^H26,UUUU,2026-08-07,Put,14.5,,,False
2026-06-15,UUUUT072601500.U^H26,UUUU,2026-08-07,Put,15.0,,,False
2026-06-15,UUUUT072601550.U^H26,UUUU,2026-08-07,Put,15.5,,,False
2026-06-15,UUUUT072601600.U^H26,UUUU,2026-08-07,Put,16.0,,,False
2026-06-15,UUUUT072601650.U^H26,UUUU,2026-08-07,Put,16.5,,,False
2026-06-15,UUUUT072601700.U^H26,UUUU,2026-08-07,Put,17.0,,,False
2026-06-15,UUUUT072601750.U^H26,UUUU,2026-08-07,Put,17.5,,,False
2026-06-15,UUUUT072601800.U^H26,UUUU,2026-08-07,Put,18.0,,,False
2026-06-15,UUUUT072601850.U^H26,UUUU,2026-08-07,Put,18.5,,,False
2026-06-15,UUUUT142601050.U^H26,UUUU,2026-08-14,Put,10.5,,,False
2026-06-15,UUUUT142601100.U^H26,UUUU,2026-08-14,Put,11.0,,,False
2026-06-15,UUUUT142601150.U^H26,UUUU,2026-08-14,Put,11.5,,,False
2026-06-15,UUUUT142601200.U^H26,UUUU,2026-08-14,Put,12.0,,,False
2026-06-15,UUUUT142601250.U^H26,UUUU,2026-08-14,Put,12.5,,,False
2026-06-15,UUUUT142601300.U^H26,UUUU,2026-08-14,Put,13.0,,,False
2026-06-15,UUUUT142601350.U^H26,UUUU,2026-08-14,Put,13.5,,,False
2026-06-15,UUUUT142601400.U^H26,UUUU,2026-08-14,Put,14.0,,,False
2026-06-15,UUUUT142601450.U^H26,UUUU,2026-08-14,Put,14.5,,,False
2026-06-15,UUUUT142601500.U^H26,UUUU,2026-08-14,Put,15.0,,,False
2026-06-15,UUUUT142601550.U^H26,UUUU,2026-08-14,Put,15.5,,,False
2026-06-15,UUUUT142601600.U^H26,UUUU,2026-08-14,Put,16.0,,,False
2026-06-15,UUUUT142601650.U^H26,UUUU,2026-08-14,Put,16.5,,,False
2026-06-15,UUUUT142601700.U^H26,UUUU,2026-08-14,Put,17.0,,,False
2026-06-15,UUUUT142601750.U^H26,UUUU,2026-08-14,Put,17.5,,,False
2026-06-15,UUUUT142601800.U^H26,UUUU,2026-08-14,Put,18.0,,,False
2026-06-15,UUUUT142601850.U^H26,UUUU,2026-08-14,Put,18.5,,,False
2026-06-15,UUUUT212601050.U^H26,UUUU,2026-08-21,Put,10.5,,,False
2026-06-15,UUUUT212601100.U^H26,UUUU,2026-08-21,Put,11.0,,,False
2026-06-15,UUUUT212601150.U^H26,UUUU,2026-08-21,Put,11.5,,,False
2026-06-15,UUUUT212601200.U^H26,UUUU,2026-08-21,Put,12.0,,,False
2026-06-15,UUUUT212601250.U^H26,UUUU,2026-08-21,Put,12.5,,,False
2026-06-15,UUUUT212601300.U^H26,UUUU,2026-08-21,Put,13.0,,,False
2026-06-15,UUUUT212601350.U^H26,UUUU,2026-08-21,Put,13.5,,,False
2026-06-15,UUUUT212601400.U^H26,UUUU,2026-08-21,Put,14.0,,,False
2026-06-15,UUUUT212601450.U^H26,UUUU,2026-08-21,Put,14.5,,,False
2026-06-15,UUUUT212601500.U^H26,UUUU,2026-08-21,Put,15.0,,,False
2026-06-15,UUUUT212601550.U^H26,UUUU,2026-08-21,Put,15.5,,,False
2026-06-15,UUUUT212601600.U^H26,UUUU,2026-08-21,Put,16.0,,,False
2026-06-15,UUUUT212601650.U^H26,UUUU,2026-08-21,Put,16.5,,,False
2026-06-15,UUUUT212601700.U^H26,UUUU,2026-08-21,Put,17.0,,,False
2026-06-15,UUUUT212601750.U^H26,UUUU,2026-08-21,Put,17.5,,,False
2026-06-15,UUUUT212601800.U^H26,UUUU,2026-08-21,Put,18.0,,,False
2026-06-15,UUUUT212601850.U^H26,UUUU,2026-08-21,Put,18.5,,,False
2026-06-15,UUUUT282601050.U^H26,UUUU,2026-08-28,Put,10.5,,,False
2026-06-15,UUUUT282601100.U^H26,UUUU,2026-08-28,Put,11.0,,,False
2026-06-15,UUUUT282601150.U^H26,UUUU,2026-08-28,Put,11.5,,,False
2026-06-15,UUUUT282601200.U^H26,UUUU,2026-08-28,Put,12.0,,,False
2026-06-15,UUUUT282601250.U^H26,UUUU,2026-08-28,Put,12.5,,,False
2026-06-15,UUUUT282601300.U^H26,UUUU,2026-08-28,Put,13.0,,,False
2026-06-15,UUUUT282601350.U^H26,UUUU,2026-08-28,Put,13.5,,,False
2026-06-15,UUUUT282601400.U^H26,UUUU,2026-08-28,Put,14.0,,,False
2026-06-15,UUUUT282601450.U^H26,UUUU,2026-08-28,Put,14.5,,,False
2026-06-15,UUUUT282601500.U^H26,UUUU,2026-08-28,Put,15.0,,,False
2026-06-15,UUUUT282601550.U^H26,UUUU,2026-08-28,Put,15.5,,,False
2026-06-15,UUUUT282601600.U^H26,UUUU,2026-08-28,Put,16.0,,,False
2026-06-15,UUUUT282601650.U^H26,UUUU,2026-08-28,Put,16.5,,,False
2026-06-15,UUUUT282601700.U^H26,UUUU,2026-08-28,Put,17.0,,,False
2026-06-15,UUUUT282601750.U^H26,UUUU,2026-08-28,Put,17.5,,,False
2026-06-15,UUUUT282601800.U^H26,UUUU,2026-08-28,Put,18.0,,,False
2026-06-15,UUUUT282601850.U^H26,UUUU,2026-08-28,Put,18.5,,,False
2026-06-15,UUUUU042601050.U^I26,UUUU,2026-09-04,Put,10.5,,,False
2026-06-15,UUUUU042601100.U^I26,UUUU,2026-09-04,Put,11.0,,,False
2026-06-15,UUUUU042601150.U^I26,UUUU,2026-09-04,Put,11.5,,,False
2026-06-15,UUUUU042601200.U^I26,UUUU,2026-09-04,Put,12.0,,,False
2026-06-15,UUUUU042601250.U^I26,UUUU,2026-09-04,Put,12.5,,,False
2026-06-15,UUUUU042601300.U^I26,UUUU,2026-09-04,Put,13.0,,,False
2026-06-15,UUUUU042601350.U^I26,UUUU,2026-09-04,Put,13.5,,,False
2026-06-15,UUUUU042601400.U^I26,UUUU,2026-09-04,Put,14.0,,,False
2026-06-15,UUUUU042601450.U^I26,UUUU,2026-09-04,Put,14.5,,,False
2026-06-15,UUUUU042601500.U^I26,UUUU,2026-09-04,Put,15.0,,,False
2026-06-15,UUUUU042601550.U^I26,UUUU,2026-09-04,Put,15.5,,,False
2026-06-15,UUUUU042601600.U^I26,UUUU,2026-09-04,Put,16.0,,,False
2026-06-15,UUUUU042601650.U^I26,UUUU,2026-09-04,Put,16.5,,,False
2026-06-15,UUUUU042601700.U^I26,UUUU,2026-09-04,Put,17.0,,,False
2026-06-15,UUUUU042601750.U^I26,UUUU,2026-09-04,Put,17.5,,,False
2026-06-15,UUUUU042601800.U^I26,UUUU,2026-09-04,Put,18.0,,,False
2026-06-15,UUUUU042601850.U^I26,UUUU,2026-09-04,Put,18.5,,,False
2026-06-16,UUUUF262601050.U^F26,UUUU,2026-06-26,Call,10.5,5.25,,True
2026-06-16,UUUUF262601100.U^F26,UUUU,2026-06-26,Call,11.0,4.6,,True
2026-06-16,UUUUF262601150.U^F26,UUUU,2026-06-26,Call,11.5,4.325,,True
2026-06-16,UUUUF262601200.U^F26,UUUU,2026-06-26,Call,12.0,3.825,,True
2026-06-16,UUUUF262601250.U^F26,UUUU,2026-06-26,Call,12.5,3.17,,True
2026-06-16,UUUUF262601300.U^F26,UUUU,2026-06-26,Call,13.0,2.715,,True
2026-06-16,UUUUF262601350.U^F26,UUUU,2026-06-26,Call,13.5,2.215,,True
2026-06-16,UUUUF262601400.U^F26,UUUU,2026-06-26,Call,14.0,1.785,,True
2026-06-16,UUUUF262601450.U^F26,UUUU,2026-06-26,Call,14.5,1.415,,True
2026-06-16,UUUUF262601500.U^F26,UUUU,2026-06-26,Call,15.0,1.0,1.09,True
2026-06-16,UUUUF262601550.U^F26,UUUU,2026-06-26,Call,15.5,0.73,0.85,True
2026-06-16,UUUUF262601600.U^F26,UUUU,2026-06-26,Call,16.0,0.53,0.54,True
2026-06-16,UUUUF262601650.U^F26,UUUU,2026-06-26,Call,16.5,0.39,0.53,True
2026-06-16,UUUUF262601700.U^F26,UUUU,2026-06-26,Call,17.0,0.28,0.32,True
2026-06-16,UUUUF262601750.U^F26,UUUU,2026-06-26,Call,17.5,0.21,0.21,True
2026-06-16,UUUUF262601800.U^F26,UUUU,2026-06-26,Call,18.0,0.13,0.16,True
2026-06-16,UUUUF262601850.U^F26,UUUU,2026-06-26,Call,18.5,0.085,0.12,True
2026-06-16,UUUUG102601100.U^G26,UUUU,2026-07-10,Call,11.0,4.825,,True
2026-06-16,UUUUG102601150.U^G26,UUUU,2026-07-10,Call,11.5,,,False
2026-06-16,UUUUG102601200.U^G26,UUUU,2026-07-10,Call,12.0,3.8,,True
2026-06-16,UUUUG102601250.U^G26,UUUU,2026-07-10,Call,12.5,,,False
2026-06-16,UUUUG102601300.U^G26,UUUU,2026-07-10,Call,13.0,2.925,3.35,True
2026-06-16,UUUUG102601350.U^G26,UUUU,2026-07-10,Call,13.5,2.535,,True
2026-06-16,UUUUG102601400.U^G26,UUUU,2026-07-10,Call,14.0,2.165,,True
2026-06-16,UUUUG102601450.U^G26,UUUU,2026-07-10,Call,14.5,1.855,2.15,True
2026-06-16,UUUUG102601500.U^G26,UUUU,2026-07-10,Call,15.0,1.42,,True
2026-06-16,UUUUG102601550.U^G26,UUUU,2026-07-10,Call,15.5,1.18,1.46,True
2026-06-16,UUUUG102601600.U^G26,UUUU,2026-07-10,Call,16.0,0.98,1.2,True
2026-06-16,UUUUG102601650.U^G26,UUUU,2026-07-10,Call,16.5,0.82,1.19,True
2026-06-16,UUUUG102601700.U^G26,UUUU,2026-07-10,Call,17.0,0.64,1.0,True
2026-06-16,UUUUG102601750.U^G26,UUUU,2026-07-10,Call,17.5,0.515,0.64,True
2026-06-16,UUUUG102601800.U^G26,UUUU,2026-07-10,Call,18.0,0.415,0.54,True
2026-06-16,UUUUG102601850.U^G26,UUUU,2026-07-10,Call,18.5,0.335,0.58,True
2026-06-16,UUUUG172601100.U^G26,UUUU,2026-07-17,Call,11.0,4.825,5.48,True
2026-06-16,UUUUG172601150.U^G26,UUUU,2026-07-17,Call,11.5,,,False
2026-06-16,UUUUG172601200.U^G26,UUUU,2026-07-17,Call,12.0,3.825,,True
2026-06-16,UUUUG172601250.U^G26,UUUU,2026-07-17,Call,12.5,,,False
2026-06-16,UUUUG172601300.U^G26,UUUU,2026-07-17,Call,13.0,3.09,,True
2026-06-16,UUUUG172601350.U^G26,UUUU,2026-07-17,Call,13.5,,,False
2026-06-16,UUUUG172601400.U^G26,UUUU,2026-07-17,Call,14.0,2.395,2.45,True
2026-06-16,UUUUG172601450.U^G26,UUUU,2026-07-17,Call,14.5,,,False
2026-06-16,UUUUG172601500.U^G26,UUUU,2026-07-17,Call,15.0,1.63,1.68,True
2026-06-16,UUUUG172601550.U^G26,UUUU,2026-07-17,Call,15.5,,,False
2026-06-16,UUUUG172601600.U^G26,UUUU,2026-07-17,Call,16.0,1.17,1.26,True
2026-06-16,UUUUG172601650.U^G26,UUUU,2026-07-17,Call,16.5,,,False
2026-06-16,UUUUG172601700.U^G26,UUUU,2026-07-17,Call,17.0,0.795,0.89,True
2026-06-16,UUUUG172601750.U^G26,UUUU,2026-07-17,Call,17.5,,,False
2026-06-16,UUUUG172601800.U^G26,UUUU,2026-07-17,Call,18.0,0.575,0.65,True
2026-06-16,UUUUG172601850.U^G26,UUUU,2026-07-17,Call,18.5,,,False
2026-06-16,UUUUG242601050.U^G26,UUUU,2026-07-24,Call,10.5,,,False
2026-06-16,UUUUG242601100.U^G26,UUUU,2026-07-24,Call,11.0,4.825,,True
2026-06-16,UUUUG242601150.U^G26,UUUU,2026-07-24,Call,11.5,,,False
2026-06-16,UUUUG242601200.U^G26,UUUU,2026-07-24,Call,12.0,3.925,4.35,True
2026-06-16,UUUUG242601250.U^G26,UUUU,2026-07-24,Call,12.5,,,False
2026-06-16,UUUUG242601300.U^G26,UUUU,2026-07-24,Call,13.0,3.225,3.3,True
2026-06-16,UUUUG242601350.U^G26,UUUU,2026-07-24,Call,13.5,2.835,,True
2026-06-16,UUUUG242601400.U^G26,UUUU,2026-07-24,Call,14.0,2.53,,True
2026-06-16,UUUUG242601450.U^G26,UUUU,2026-07-24,Call,14.5,2.22,2.3,True
2026-06-16,UUUUG242601500.U^G26,UUUU,2026-07-24,Call,15.0,1.97,,True
2026-06-16,UUUUG242601550.U^G26,UUUU,2026-07-24,Call,15.5,1.705,1.7,True
2026-06-16,UUUUG242601600.U^G26,UUUU,2026-07-24,Call,16.0,1.365,1.59,True
2026-06-16,UUUUG242601650.U^G26,UUUU,2026-07-24,Call,16.5,1.17,1.32,True
2026-06-16,UUUUG242601700.U^G26,UUUU,2026-07-24,Call,17.0,0.975,1.15,True
2026-06-16,UUUUG242601750.U^G26,UUUU,2026-07-24,Call,17.5,0.96,1.0,True
2026-06-16,UUUUG242601800.U^G26,UUUU,2026-07-24,Call,18.0,0.805,0.85,True
2026-06-16,UUUUG242601850.U^G26,UUUU,2026-07-24,Call,18.5,0.805,,True
2026-06-16,UUUUG312601050.U^G26,UUUU,2026-07-31,Call,10.5,5.325,,True
2026-06-16,UUUUG312601100.U^G26,UUUU,2026-07-31,Call,11.0,4.925,,True
2026-06-16,UUUUG312601150.U^G26,UUUU,2026-07-31,Call,11.5,4.475,,True
2026-06-16,UUUUG312601200.U^G26,UUUU,2026-07-31,Call,12.0,4.15,,True
2026-06-16,UUUUG312601250.U^G26,UUUU,2026-07-31,Call,12.5,3.75,,True
2026-06-16,UUUUG312601300.U^G26,UUUU,2026-07-31,Call,13.0,3.425,,True
2026-06-16,UUUUG312601350.U^G26,UUUU,2026-07-31,Call,13.5,2.975,3.1,True
2026-06-16,UUUUG312601400.U^G26,UUUU,2026-07-31,Call,14.0,2.685,,True
2026-06-16,UUUUG312601450.U^G26,UUUU,2026-07-31,Call,14.5,2.355,,True
2026-06-16,UUUUG312601500.U^G26,UUUU,2026-07-31,Call,15.0,2.135,2.19,True
2026-06-16,UUUUG312601550.U^G26,UUUU,2026-07-31,Call,15.5,1.95,,True
2026-06-16,UUUUG312601600.U^G26,UUUU,2026-07-31,Call,16.0,1.685,1.73,True
2026-06-16,UUUUG312601650.U^G26,UUUU,2026-07-31,Call,16.5,1.43,,True
2026-06-16,UUUUG312601700.U^G26,UUUU,2026-07-31,Call,17.0,1.185,1.3,True
2026-06-16,UUUUG312601750.U^G26,UUUU,2026-07-31,Call,17.5,1.065,1.5,True
2026-06-16,UUUUG312601800.U^G26,UUUU,2026-07-31,Call,18.0,1.025,1.07,True
2026-06-16,UUUUG312601850.U^G26,UUUU,2026-07-31,Call,18.5,0.89,1.05,True
2026-06-16,UUUUH072601050.U^H26,UUUU,2026-08-07,Call,10.5,,,False
2026-06-16,UUUUH072601100.U^H26,UUUU,2026-08-07,Call,11.0,,,False
2026-06-16,UUUUH072601150.U^H26,UUUU,2026-08-07,Call,11.5,,,False
2026-06-16,UUUUH072601200.U^H26,UUUU,2026-08-07,Call,12.0,,,False
2026-06-16,UUUUH072601250.U^H26,UUUU,2026-08-07,Call,12.5,,,False
2026-06-16,UUUUH072601300.U^H26,UUUU,2026-08-07,Call,13.0,,,False
2026-06-16,UUUUH072601350.U^H26,UUUU,2026-08-07,Call,13.5,,,False
2026-06-16,UUUUH072601400.U^H26,UUUU,2026-08-07,Call,14.0,,,False
2026-06-16,UUUUH072601450.U^H26,UUUU,2026-08-07,Call,14.5,,,False
2026-06-16,UUUUH072601500.U^H26,UUUU,2026-08-07,Call,15.0,,,False
2026-06-16,UUUUH072601550.U^H26,UUUU,2026-08-07,Call,15.5,,,False
2026-06-16,UUUUH072601600.U^H26,UUUU,2026-08-07,Call,16.0,,,False
2026-06-16,UUUUH072601650.U^H26,UUUU,2026-08-07,Call,16.5,,,False
2026-06-16,UUUUH072601700.U^H26,UUUU,2026-08-07,Call,17.0,,,False
2026-06-16,UUUUH072601750.U^H26,UUUU,2026-08-07,Call,17.5,,,False
2026-06-16,UUUUH072601800.U^H26,UUUU,2026-08-07,Call,18.0,,,False
2026-06-16,UUUUH072601850.U^H26,UUUU,2026-08-07,Call,18.5,,,False
2026-06-16,UUUUH142601050.U^H26,UUUU,2026-08-14,Call,10.5,,,False
2026-06-16,UUUUH142601100.U^H26,UUUU,2026-08-14,Call,11.0,,,False
2026-06-16,UUUUH142601150.U^H26,UUUU,2026-08-14,Call,11.5,,,False
2026-06-16,UUUUH142601200.U^H26,UUUU,2026-08-14,Call,12.0,,,False
2026-06-16,UUUUH142601250.U^H26,UUUU,2026-08-14,Call,12.5,,,False
2026-06-16,UUUUH142601300.U^H26,UUUU,2026-08-14,Call,13.0,,,False
2026-06-16,UUUUH142601350.U^H26,UUUU,2026-08-14,Call,13.5,,,False
2026-06-16,UUUUH142601400.U^H26,UUUU,2026-08-14,Call,14.0,,,False
2026-06-16,UUUUH142601450.U^H26,UUUU,2026-08-14,Call,14.5,,,False
2026-06-16,UUUUH142601500.U^H26,UUUU,2026-08-14,Call,15.0,,,False
2026-06-16,UUUUH142601550.U^H26,UUUU,2026-08-14,Call,15.5,,,False
2026-06-16,UUUUH142601600.U^H26,UUUU,2026-08-14,Call,16.0,,,False
2026-06-16,UUUUH142601650.U^H26,UUUU,2026-08-14,Call,16.5,,,False
2026-06-16,UUUUH142601700.U^H26,UUUU,2026-08-14,Call,17.0,,,False
2026-06-16,UUUUH142601750.U^H26,UUUU,2026-08-14,Call,17.5,,,False
2026-06-16,UUUUH142601800.U^H26,UUUU,2026-08-14,Call,18.0,,,False
2026-06-16,UUUUH142601850.U^H26,UUUU,2026-08-14,Call,18.5,,,False
2026-06-16,UUUUH212601050.U^H26,UUUU,2026-08-21,Call,10.5,,,False
2026-06-16,UUUUH212601100.U^H26,UUUU,2026-08-21,Call,11.0,,,False
2026-06-16,UUUUH212601150.U^H26,UUUU,2026-08-21,Call,11.5,,,False
2026-06-16,UUUUH212601200.U^H26,UUUU,2026-08-21,Call,12.0,,,False
2026-06-16,UUUUH212601250.U^H26,UUUU,2026-08-21,Call,12.5,,,False
2026-06-16,UUUUH212601300.U^H26,UUUU,2026-08-21,Call,13.0,,,False
2026-06-16,UUUUH212601350.U^H26,UUUU,2026-08-21,Call,13.5,,,False
2026-06-16,UUUUH212601400.U^H26,UUUU,2026-08-21,Call,14.0,,,False
2026-06-16,UUUUH212601450.U^H26,UUUU,2026-08-21,Call,14.5,,,False
2026-06-16,UUUUH212601500.U^H26,UUUU,2026-08-21,Call,15.0,,,False
2026-06-16,UUUUH212601550.U^H26,UUUU,2026-08-21,Call,15.5,,,False
2026-06-16,UUUUH212601600.U^H26,UUUU,2026-08-21,Call,16.0,,,False
2026-06-16,UUUUH212601650.U^H26,UUUU,2026-08-21,Call,16.5,,,False
2026-06-16,UUUUH212601700.U^H26,UUUU,2026-08-21,Call,17.0,,,False
2026-06-16,UUUUH212601750.U^H26,UUUU,2026-08-21,Call,17.5,,,False
2026-06-16,UUUUH212601800.U^H26,UUUU,2026-08-21,Call,18.0,,,False
2026-06-16,UUUUH212601850.U^H26,UUUU,2026-08-21,Call,18.5,,,False
2026-06-16,UUUUH282601050.U^H26,UUUU,2026-08-28,Call,10.5,,,False
2026-06-16,UUUUH282601100.U^H26,UUUU,2026-08-28,Call,11.0,,,False
2026-06-16,UUUUH282601150.U^H26,UUUU,2026-08-28,Call,11.5,,,False
2026-06-16,UUUUH282601200.U^H26,UUUU,2026-08-28,Call,12.0,,,False
2026-06-16,UUUUH282601250.U^H26,UUUU,2026-08-28,Call,12.5,,,False
2026-06-16,UUUUH282601300.U^H26,UUUU,2026-08-28,Call,13.0,,,False
2026-06-16,UUUUH282601350.U^H26,UUUU,2026-08-28,Call,13.5,,,False
2026-06-16,UUUUH282601400.U^H26,UUUU,2026-08-28,Call,14.0,,,False
2026-06-16,UUUUH282601450.U^H26,UUUU,2026-08-28,Call,14.5,,,False
2026-06-16,UUUUH282601500.U^H26,UUUU,2026-08-28,Call,15.0,,,False
2026-06-16,UUUUH282601550.U^H26,UUUU,2026-08-28,Call,15.5,,,False
2026-06-16,UUUUH282601600.U^H26,UUUU,2026-08-28,Call,16.0,,,False
2026-06-16,UUUUH282601650.U^H26,UUUU,2026-08-28,Call,16.5,,,False
2026-06-16,UUUUH282601700.U^H26,UUUU,2026-08-28,Call,17.0,,,False
2026-06-16,UUUUH282601750.U^H26,UUUU,2026-08-28,Call,17.5,,,False
2026-06-16,UUUUH282601800.U^H26,UUUU,2026-08-28,Call,18.0,,,False
2026-06-16,UUUUH282601850.U^H26,UUUU,2026-08-28,Call,18.5,,,False
2026-06-16,UUUUI042601050.U^I26,UUUU,2026-09-04,Call,10.5,,,False
2026-06-16,UUUUI042601100.U^I26,UUUU,2026-09-04,Call,11.0,,,False
2026-06-16,UUUUI042601150.U^I26,UUUU,2026-09-04,Call,11.5,,,False
2026-06-16,UUUUI042601200.U^I26,UUUU,2026-09-04,Call,12.0,,,False
2026-06-16,UUUUI042601250.U^I26,UUUU,2026-09-04,Call,12.5,,,False
2026-06-16,UUUUI042601300.U^I26,UUUU,2026-09-04,Call,13.0,,,False
2026-06-16,UUUUI042601350.U^I26,UUUU,2026-09-04,Call,13.5,,,False
2026-06-16,UUUUI042601400.U^I26,UUUU,2026-09-04,Call,14.0,,,False
2026-06-16,UUUUI042601450.U^I26,UUUU,2026-09-04,Call,14.5,,,False
2026-06-16,UUUUI042601500.U^I26,UUUU,2026-09-04,Call,15.0,,,False
2026-06-16,UUUUI042601550.U^I26,UUUU,2026-09-04,Call,15.5,,,False
2026-06-16,UUUUI042601600.U^I26,UUUU,2026-09-04,Call,16.0,,,False
2026-06-16,UUUUI042601650.U^I26,UUUU,2026-09-04,Call,16.5,,,False
2026-06-16,UUUUI042601700.U^I26,UUUU,2026-09-04,Call,17.0,,,False
2026-06-16,UUUUI042601750.U^I26,UUUU,2026-09-04,Call,17.5,,,False
2026-06-16,UUUUI042601800.U^I26,UUUU,2026-09-04,Call,18.0,,,False
2026-06-16,UUUUI042601850.U^I26,UUUU,2026-09-04,Call,18.5,,,False
2026-06-16,UUUUR262601100.U^F26,UUUU,2026-06-26,Put,11.0,,,False
2026-06-16,UUUUR262601200.U^F26,UUUU,2026-06-26,Put,12.0,,,True
2026-06-16,UUUUR262601250.U^F26,UUUU,2026-06-26,Put,12.5,,0.08,True
2026-06-16,UUUUR262601300.U^F26,UUUU,2026-06-26,Put,13.0,0.075,0.09,True
2026-06-16,UUUUR262601350.U^F26,UUUU,2026-06-26,Put,13.5,0.15,0.16,True
2026-06-16,UUUUR262601400.U^F26,UUUU,2026-06-26,Put,14.0,0.28,0.25,True
2026-06-16,UUUUR262601450.U^F26,UUUU,2026-06-26,Put,14.5,0.43,0.37,True
2026-06-16,UUUUR262601500.U^F26,UUUU,2026-06-26,Put,15.0,0.62,0.6,True
2026-06-16,UUUUR262601550.U^F26,UUUU,2026-06-26,Put,15.5,0.865,0.75,True
2026-06-16,UUUUR262601600.U^F26,UUUU,2026-06-26,Put,16.0,1.16,0.97,True
2026-06-16,UUUUR262601650.U^F26,UUUU,2026-06-26,Put,16.5,1.455,1.45,True
2026-06-16,UUUUR262601700.U^F26,UUUU,2026-06-26,Put,17.0,1.83,1.78,True
2026-06-16,UUUUR262601750.U^F26,UUUU,2026-06-26,Put,17.5,2.2,2.11,True
2026-06-16,UUUUR262601800.U^F26,UUUU,2026-06-26,Put,18.0,2.66,2.6,True
2026-06-16,UUUUR262601850.U^F26,UUUU,2026-06-26,Put,18.5,3.07,2.94,True
2026-06-16,UUUUS102601100.U^G26,UUUU,2026-07-10,Put,11.0,0.08,0.11,True
2026-06-16,UUUUS102601150.U^G26,UUUU,2026-07-10,Put,11.5,,,False
2026-06-16,UUUUS102601200.U^G26,UUUU,2026-07-10,Put,12.0,0.19,0.16,True
2026-06-16,UUUUS102601250.U^G26,UUUU,2026-07-10,Put,12.5,,,False
2026-06-16,UUUUS102601300.U^G26,UUUU,2026-07-10,Put,13.0,0.335,0.3,True
2026-06-16,UUUUS102601350.U^G26,UUUU,2026-07-10,Put,13.5,0.455,0.38,True
2026-06-16,UUUUS102601400.U^G26,UUUU,2026-07-10,Put,14.0,0.595,0.55,True
2026-06-16,UUUUS102601450.U^G26,UUUU,2026-07-10,Put,14.5,0.79,,True
2026-06-16,UUUUS102601500.U^G26,UUUU,2026-07-10,Put,15.0,0.995,,True
2026-06-16,UUUUS102601550.U^G26,UUUU,2026-07-10,Put,15.5,1.235,,True
2026-06-16,UUUUS102601600.U^G26,UUUU,2026-07-10,Put,16.0,1.52,1.33,True
2026-06-16,UUUUS102601650.U^G26,UUUU,2026-07-10,Put,16.5,1.83,,True
2026-06-16,UUUUS102601700.U^G26,UUUU,2026-07-10,Put,17.0,2.205,,True
2026-06-16,UUUUS102601750.U^G26,UUUU,2026-07-10,Put,17.5,2.585,,True
2026-06-16,UUUUS102601800.U^G26,UUUU,2026-07-10,Put,18.0,2.99,,True
2026-06-16,UUUUS102601850.U^G26,UUUU,2026-07-10,Put,18.5,3.305,,True
2026-06-16,UUUUS172601100.U^G26,UUUU,2026-07-17,Put,11.0,0.15,0.13,True
2026-06-16,UUUUS172601150.U^G26,UUUU,2026-07-17,Put,11.5,,,False
2026-06-16,UUUUS172601200.U^G26,UUUU,2026-07-17,Put,12.0,0.29,0.26,True
2026-06-16,UUUUS172601250.U^G26,UUUU,2026-07-17,Put,12.5,,,False
2026-06-16,UUUUS172601300.U^G26,UUUU,2026-07-17,Put,13.0,0.45,0.42,True
2026-06-16,UUUUS172601350.U^G26,UUUU,2026-07-17,Put,13.5,,,False
2026-06-16,UUUUS172601400.U^G26,UUUU,2026-07-17,Put,14.0,0.74,0.68,True
2026-06-16,UUUUS172601450.U^G26,UUUU,2026-07-17,Put,14.5,,,False
2026-06-16,UUUUS172601500.U^G26,UUUU,2026-07-17,Put,15.0,1.18,1.2,True
2026-06-16,UUUUS172601550.U^G26,UUUU,2026-07-17,Put,15.5,,,False
2026-06-16,UUUUS172601600.U^G26,UUUU,2026-07-17,Put,16.0,1.745,1.73,True
2026-06-16,UUUUS172601650.U^G26,UUUU,2026-07-17,Put,16.5,,,False
2026-06-16,UUUUS172601700.U^G26,UUUU,2026-07-17,Put,17.0,2.34,2.16,True
2026-06-16,UUUUS172601750.U^G26,UUUU,2026-07-17,Put,17.5,,,False
2026-06-16,UUUUS172601800.U^G26,UUUU,2026-07-17,Put,18.0,3.105,2.9,True
2026-06-16,UUUUS172601850.U^G26,UUUU,2026-07-17,Put,18.5,,,False
2026-06-16,UUUUS242601050.U^G26,UUUU,2026-07-24,Put,10.5,,,False
2026-06-16,UUUUS242601100.U^G26,UUUU,2026-07-24,Put,11.0,0.155,,True
2026-06-16,UUUUS242601150.U^G26,UUUU,2026-07-24,Put,11.5,,,False
2026-06-16,UUUUS242601200.U^G26,UUUU,2026-07-24,Put,12.0,0.355,,True
2026-06-16,UUUUS242601250.U^G26,UUUU,2026-07-24,Put,12.5,,,False
2026-06-16,UUUUS242601300.U^G26,UUUU,2026-07-24,Put,13.0,0.59,0.54,True
2026-06-16,UUUUS242601350.U^G26,UUUU,2026-07-24,Put,13.5,0.74,,True
2026-06-16,UUUUS242601400.U^G26,UUUU,2026-07-24,Put,14.0,0.86,,True
2026-06-16,UUUUS242601450.U^G26,UUUU,2026-07-24,Put,14.5,1.115,1.03,True
2026-06-16,UUUUS242601500.U^G26,UUUU,2026-07-24,Put,15.0,1.35,1.28,True
2026-06-16,UUUUS242601550.U^G26,UUUU,2026-07-24,Put,15.5,1.6,1.51,True
2026-06-16,UUUUS242601600.U^G26,UUUU,2026-07-24,Put,16.0,1.895,1.77,True
2026-06-16,UUUUS242601650.U^G26,UUUU,2026-07-24,Put,16.5,2.2,1.97,True
2026-06-16,UUUUS242601700.U^G26,UUUU,2026-07-24,Put,17.0,2.5,2.5,True
2026-06-16,UUUUS242601750.U^G26,UUUU,2026-07-24,Put,17.5,2.93,,True
2026-06-16,UUUUS242601800.U^G26,UUUU,2026-07-24,Put,18.0,3.25,3.16,True
2026-06-16,UUUUS242601850.U^G26,UUUU,2026-07-24,Put,18.5,3.6,,True
2026-06-16,UUUUS312601050.U^G26,UUUU,2026-07-31,Put,10.5,0.125,0.23,True
2026-06-16,UUUUS312601100.U^G26,UUUU,2026-07-31,Put,11.0,0.265,,True
2026-06-16,UUUUS312601150.U^G26,UUUU,2026-07-31,Put,11.5,0.35,,True
2026-06-16,UUUUS312601200.U^G26,UUUU,2026-07-31,Put,12.0,0.435,0.44,True
2026-06-16,UUUUS312601250.U^G26,UUUU,2026-07-31,Put,12.5,0.555,,True
2026-06-16,UUUUS312601300.U^G26,UUUU,2026-07-31,Put,13.0,0.665,,True
2026-06-16,UUUUS312601350.U^G26,UUUU,2026-07-31,Put,13.5,0.87,,True
2026-06-16,UUUUS312601400.U^G26,UUUU,2026-07-31,Put,14.0,0.985,,True
2026-06-16,UUUUS312601450.U^G26,UUUU,2026-07-31,Put,14.5,1.305,1.29,True
2026-06-16,UUUUS312601500.U^G26,UUUU,2026-07-31,Put,15.0,1.49,,True
2026-06-16,UUUUS312601550.U^G26,UUUU,2026-07-31,Put,15.5,1.715,,True
2026-06-16,UUUUS312601600.U^G26,UUUU,2026-07-31,Put,16.0,2.04,,True
2026-06-16,UUUUS312601650.U^G26,UUUU,2026-07-31,Put,16.5,2.34,2.16,True
2026-06-16,UUUUS312601700.U^G26,UUUU,2026-07-31,Put,17.0,2.67,2.63,True
2026-06-16,UUUUS312601750.U^G26,UUUU,2026-07-31,Put,17.5,3.01,,True
2026-06-16,UUUUS312601800.U^G26,UUUU,2026-07-31,Put,18.0,3.325,3.32,True
2026-06-16,UUUUS312601850.U^G26,UUUU,2026-07-31,Put,18.5,3.775,,True
2026-06-16,UUUUT072601050.U^H26,UUUU,2026-08-07,Put,10.5,,,False
2026-06-16,UUUUT072601100.U^H26,UUUU,2026-08-07,Put,11.0,,,False
2026-06-16,UUUUT072601150.U^H26,UUUU,2026-08-07,Put,11.5,,,False
2026-06-16,UUUUT072601200.U^H26,UUUU,2026-08-07,Put,12.0,,,False
2026-06-16,UUUUT072601250.U^H26,UUUU,2026-08-07,Put,12.5,,,False
2026-06-16,UUUUT072601300.U^H26,UUUU,2026-08-07,Put,13.0,,,False
2026-06-16,UUUUT072601350.U^H26,UUUU,2026-08-07,Put,13.5,,,False
2026-06-16,UUUUT072601400.U^H26,UUUU,2026-08-07,Put,14.0,,,False
2026-06-16,UUUUT072601450.U^H26,UUUU,2026-08-07,Put,14.5,,,False
2026-06-16,UUUUT072601500.U^H26,UUUU,2026-08-07,Put,15.0,,,False
2026-06-16,UUUUT072601550.U^H26,UUUU,2026-08-07,Put,15.5,,,False
2026-06-16,UUUUT072601600.U^H26,UUUU,2026-08-07,Put,16.0,,,False
2026-06-16,UUUUT072601650.U^H26,UUUU,2026-08-07,Put,16.5,,,False
2026-06-16,UUUUT072601700.U^H26,UUUU,2026-08-07,Put,17.0,,,False
2026-06-16,UUUUT072601750.U^H26,UUUU,2026-08-07,Put,17.5,,,False
2026-06-16,UUUUT072601800.U^H26,UUUU,2026-08-07,Put,18.0,,,False
2026-06-16,UUUUT072601850.U^H26,UUUU,2026-08-07,Put,18.5,,,False
2026-06-16,UUUUT142601050.U^H26,UUUU,2026-08-14,Put,10.5,,,False
2026-06-16,UUUUT142601100.U^H26,UUUU,2026-08-14,Put,11.0,,,False
2026-06-16,UUUUT142601150.U^H26,UUUU,2026-08-14,Put,11.5,,,False
2026-06-16,UUUUT142601200.U^H26,UUUU,2026-08-14,Put,12.0,,,False
2026-06-16,UUUUT142601250.U^H26,UUUU,2026-08-14,Put,12.5,,,False
2026-06-16,UUUUT142601300.U^H26,UUUU,2026-08-14,Put,13.0,,,False
2026-06-16,UUUUT142601350.U^H26,UUUU,2026-08-14,Put,13.5,,,False
2026-06-16,UUUUT142601400.U^H26,UUUU,2026-08-14,Put,14.0,,,False
2026-06-16,UUUUT142601450.U^H26,UUUU,2026-08-14,Put,14.5,,,False
2026-06-16,UUUUT142601500.U^H26,UUUU,2026-08-14,Put,15.0,,,False
2026-06-16,UUUUT142601550.U^H26,UUUU,2026-08-14,Put,15.5,,,False
2026-06-16,UUUUT142601600.U^H26,UUUU,2026-08-14,Put,16.0,,,False
2026-06-16,UUUUT142601650.U^H26,UUUU,2026-08-14,Put,16.5,,,False
2026-06-16,UUUUT142601700.U^H26,UUUU,2026-08-14,Put,17.0,,,False
2026-06-16,UUUUT142601750.U^H26,UUUU,2026-08-14,Put,17.5,,,False
2026-06-16,UUUUT142601800.U^H26,UUUU,2026-08-14,Put,18.0,,,False
2026-06-16,UUUUT142601850.U^H26,UUUU,2026-08-14,Put,18.5,,,False
2026-06-16,UUUUT212601050.U^H26,UUUU,2026-08-21,Put,10.5,,,False
2026-06-16,UUUUT212601100.U^H26,UUUU,2026-08-21,Put,11.0,,,False
2026-06-16,UUUUT212601150.U^H26,UUUU,2026-08-21,Put,11.5,,,False
2026-06-16,UUUUT212601200.U^H26,UUUU,2026-08-21,Put,12.0,,,False
2026-06-16,UUUUT212601250.U^H26,UUUU,2026-08-21,Put,12.5,,,False
2026-06-16,UUUUT212601300.U^H26,UUUU,2026-08-21,Put,13.0,,,False
2026-06-16,UUUUT212601350.U^H26,UUUU,2026-08-21,Put,13.5,,,False
2026-06-16,UUUUT212601400.U^H26,UUUU,2026-08-21,Put,14.0,,,False
2026-06-16,UUUUT212601450.U^H26,UUUU,2026-08-21,Put,14.5,,,False
2026-06-16,UUUUT212601500.U^H26,UUUU,2026-08-21,Put,15.0,,,False
2026-06-16,UUUUT212601550.U^H26,UUUU,2026-08-21,Put,15.5,,,False
2026-06-16,UUUUT212601600.U^H26,UUUU,2026-08-21,Put,16.0,,,False
2026-06-16,UUUUT212601650.U^H26,UUUU,2026-08-21,Put,16.5,,,False
2026-06-16,UUUUT212601700.U^H26,UUUU,2026-08-21,Put,17.0,,,False
2026-06-16,UUUUT212601750.U^H26,UUUU,2026-08-21,Put,17.5,,,False
2026-06-16,UUUUT212601800.U^H26,UUUU,2026-08-21,Put,18.0,,,False
2026-06-16,UUUUT212601850.U^H26,UUUU,2026-08-21,Put,18.5,,,False
2026-06-16,UUUUT282601050.U^H26,UUUU,2026-08-28,Put,10.5,,,False
2026-06-16,UUUUT282601100.U^H26,UUUU,2026-08-28,Put,11.0,,,False
2026-06-16,UUUUT282601150.U^H26,UUUU,2026-08-28,Put,11.5,,,False
2026-06-16,UUUUT282601200.U^H26,UUUU,2026-08-28,Put,12.0,,,False
2026-06-16,UUUUT282601250.U^H26,UUUU,2026-08-28,Put,12.5,,,False
2026-06-16,UUUUT282601300.U^H26,UUUU,2026-08-28,Put,13.0,,,False
2026-06-16,UUUUT282601350.U^H26,UUUU,2026-08-28,Put,13.5,,,False
2026-06-16,UUUUT282601400.U^H26,UUUU,2026-08-28,Put,14.0,,,False
2026-06-16,UUUUT282601450.U^H26,UUUU,2026-08-28,Put,14.5,,,False
2026-06-16,UUUUT282601500.U^H26,UUUU,2026-08-28,Put,15.0,,,False
2026-06-16,UUUUT282601550.U^H26,UUUU,2026-08-28,Put,15.5,,,False
2026-06-16,UUUUT282601600.U^H26,UUUU,2026-08-28,Put,16.0,,,False
2026-06-16,UUUUT282601650.U^H26,UUUU,2026-08-28,Put,16.5,,,False
2026-06-16,UUUUT282601700.U^H26,UUUU,2026-08-28,Put,17.0,,,False
2026-06-16,UUUUT282601750.U^H26,UUUU,2026-08-28,Put,17.5,,,False
2026-06-16,UUUUT282601800.U^H26,UUUU,2026-08-28,Put,18.0,,,False
2026-06-16,UUUUT282601850.U^H26,UUUU,2026-08-28,Put,18.5,,,False
2026-06-16,UUUUU042601050.U^I26,UUUU,2026-09-04,Put,10.5,,,False
2026-06-16,UUUUU042601100.U^I26,UUUU,2026-09-04,Put,11.0,,,False
2026-06-16,UUUUU042601150.U^I26,UUUU,2026-09-04,Put,11.5,,,False
2026-06-16,UUUUU042601200.U^I26,UUUU,2026-09-04,Put,12.0,,,False
2026-06-16,UUUUU042601250.U^I26,UUUU,2026-09-04,Put,12.5,,,False
2026-06-16,UUUUU042601300.U^I26,UUUU,2026-09-04,Put,13.0,,,False
2026-06-16,UUUUU042601350.U^I26,UUUU,2026-09-04,Put,13.5,,,False
2026-06-16,UUUUU042601400.U^I26,UUUU,2026-09-04,Put,14.0,,,False
2026-06-16,UUUUU042601450.U^I26,UUUU,2026-09-04,Put,14.5,,,False
2026-06-16,UUUUU042601500.U^I26,UUUU,2026-09-04,Put,15.0,,,False
2026-06-16,UUUUU042601550.U^I26,UUUU,2026-09-04,Put,15.5,,,False
2026-06-16,UUUUU042601600.U^I26,UUUU,2026-09-04,Put,16.0,,,False
2026-06-16,UUUUU042601650.U^I26,UUUU,2026-09-04,Put,16.5,,,False
2026-06-16,UUUUU042601700.U^I26,UUUU,2026-09-04,Put,17.0,,,False
2026-06-16,UUUUU042601750.U^I26,UUUU,2026-09-04,Put,17.5,,,False
2026-06-16,UUUUU042601800.U^I26,UUUU,2026-09-04,Put,18.0,,,False
2026-06-16,UUUUU042601850.U^I26,UUUU,2026-09-04,Put,18.5,,,False
2026-06-17,UUUUF262601050.U^F26,UUUU,2026-06-26,Call,10.5,5.275,,True
2026-06-17,UUUUF262601100.U^F26,UUUU,2026-06-26,Call,11.0,4.775,,True
2026-06-17,UUUUF262601150.U^F26,UUUU,2026-06-26,Call,11.5,4.275,,True
2026-06-17,UUUUF262601200.U^F26,UUUU,2026-06-26,Call,12.0,3.7,,True
2026-06-17,UUUUF262601250.U^F26,UUUU,2026-06-26,Call,12.5,3.175,,True
2026-06-17,UUUUF262601300.U^F26,UUUU,2026-06-26,Call,13.0,2.585,,True
2026-06-17,UUUUF262601350.U^F26,UUUU,2026-06-26,Call,13.5,2.135,,True
2026-06-17,UUUUF262601400.U^F26,UUUU,2026-06-26,Call,14.0,1.73,1.86,True
2026-06-17,UUUUF262601450.U^F26,UUUU,2026-06-26,Call,14.5,1.245,,True
2026-06-17,UUUUF262601500.U^F26,UUUU,2026-06-26,Call,15.0,0.905,1.22,True
2026-06-17,UUUUF262601550.U^F26,UUUU,2026-06-26,Call,15.5,0.655,0.72,True
2026-06-17,UUUUF262601600.U^F26,UUUU,2026-06-26,Call,16.0,0.485,0.49,True
2026-06-17,UUUUF262601650.U^F26,UUUU,2026-06-26,Call,16.5,0.3,0.28,True
2026-06-17,UUUUF262601700.U^F26,UUUU,2026-06-26,Call,17.0,0.205,0.24,True
2026-06-17,UUUUF262601750.U^F26,UUUU,2026-06-26,Call,17.5,0.175,0.18,True
2026-06-17,UUUUF262601800.U^F26,UUUU,2026-06-26,Call,18.0,0.095,0.16,True
2026-06-17,UUUUF262601850.U^F26,UUUU,2026-06-26,Call,18.5,0.095,0.11,True
2026-06-17,UUUUG102601100.U^G26,UUUU,2026-07-10,Call,11.0,4.725,,True
2026-06-17,UUUUG102601150.U^G26,UUUU,2026-07-10,Call,11.5,,,False
2026-06-17,UUUUG102601200.U^G26,UUUU,2026-07-10,Call,12.0,3.65,,True
2026-06-17,UUUUG102601250.U^G26,UUUU,2026-07-10,Call,12.5,,,False
2026-06-17,UUUUG102601300.U^G26,UUUU,2026-07-10,Call,13.0,2.81,3.0,True
2026-06-17,UUUUG102601350.U^G26,UUUU,2026-07-10,Call,13.5,2.45,,True
2026-06-17,UUUUG102601400.U^G26,UUUU,2026-07-10,Call,14.0,1.965,,True
2026-06-17,UUUUG102601450.U^G26,UUUU,2026-07-10,Call,14.5,1.725,,True
2026-06-17,UUUUG102601500.U^G26,UUUU,2026-07-10,Call,15.0,1.34,1.51,True
2026-06-17,UUUUG102601550.U^G26,UUUU,2026-07-10,Call,15.5,1.1,1.35,True
2026-06-17,UUUUG102601600.U^G26,UUUU,2026-07-10,Call,16.0,0.91,,True
2026-06-17,UUUUG102601650.U^G26,UUUU,2026-07-10,Call,16.5,0.75,,True
2026-06-17,UUUUG102601700.U^G26,UUUU,2026-07-10,Call,17.0,0.57,0.75,True
2026-06-17,UUUUG102601750.U^G26,UUUU,2026-07-10,Call,17.5,0.495,0.48,True
2026-06-17,UUUUG102601800.U^G26,UUUU,2026-07-10,Call,18.0,0.385,0.53,True
2026-06-17,UUUUG102601850.U^G26,UUUU,2026-07-10,Call,18.5,0.325,0.35,True
2026-06-17,UUUUG172601100.U^G26,UUUU,2026-07-17,Call,11.0,4.725,,True
2026-06-17,UUUUG172601150.U^G26,UUUU,2026-07-17,Call,11.5,,,False
2026-06-17,UUUUG172601200.U^G26,UUUU,2026-07-17,Call,12.0,3.8,,True
2026-06-17,UUUUG172601250.U^G26,UUUU,2026-07-17,Call,12.5,,,False
2026-06-17,UUUUG172601300.U^G26,UUUU,2026-07-17,Call,13.0,3.01,,True
2026-06-17,UUUUG172601350.U^G26,UUUU,2026-07-17,Call,13.5,,,False
2026-06-17,UUUUG172601400.U^G26,UUUU,2026-07-17,Call,14.0,2.185,2.27,True
2026-06-17,UUUUG172601450.U^G26,UUUU,2026-07-17,Call,14.5,,,False
2026-06-17,UUUUG172601500.U^G26,UUUU,2026-07-17,Call,15.0,1.545,1.56,True
2026-06-17,UUUUG172601550.U^G26,UUUU,2026-07-17,Call,15.5,,,False
2026-06-17,UUUUG172601600.U^G26,UUUU,2026-07-17,Call,16.0,1.1,1.11,True
2026-06-17,UUUUG172601650.U^G26,UUUU,2026-07-17,Call,16.5,,,False
2026-06-17,UUUUG172601700.U^G26,UUUU,2026-07-17,Call,17.0,0.785,0.8,True
2026-06-17,UUUUG172601750.U^G26,UUUU,2026-07-17,Call,17.5,,,False
2026-06-17,UUUUG172601800.U^G26,UUUU,2026-07-17,Call,18.0,0.54,0.59,True
2026-06-17,UUUUG172601850.U^G26,UUUU,2026-07-17,Call,18.5,,,False
2026-06-17,UUUUG242601050.U^G26,UUUU,2026-07-24,Call,10.5,,,False
2026-06-17,UUUUG242601100.U^G26,UUUU,2026-07-24,Call,11.0,4.75,,True
2026-06-17,UUUUG242601150.U^G26,UUUU,2026-07-24,Call,11.5,,,False
2026-06-17,UUUUG242601200.U^G26,UUUU,2026-07-24,Call,12.0,3.9,,True
2026-06-17,UUUUG242601250.U^G26,UUUU,2026-07-24,Call,12.5,,,False
2026-06-17,UUUUG242601300.U^G26,UUUU,2026-07-24,Call,13.0,3.125,,True
2026-06-17,UUUUG242601350.U^G26,UUUU,2026-07-24,Call,13.5,2.66,,True
2026-06-17,UUUUG242601400.U^G26,UUUU,2026-07-24,Call,14.0,2.52,,True
2026-06-17,UUUUG242601450.U^G26,UUUU,2026-07-24,Call,14.5,2.095,,True
2026-06-17,UUUUG242601500.U^G26,UUUU,2026-07-24,Call,15.0,1.825,,True
2026-06-17,UUUUG242601550.U^G26,UUUU,2026-07-24,Call,15.5,1.595,,True
2026-06-17,UUUUG242601600.U^G26,UUUU,2026-07-24,Call,16.0,1.385,,True
2026-06-17,UUUUG242601650.U^G26,UUUU,2026-07-24,Call,16.5,1.245,,True
2026-06-17,UUUUG242601700.U^G26,UUUU,2026-07-24,Call,17.0,1.015,,True
2026-06-17,UUUUG242601750.U^G26,UUUU,2026-07-24,Call,17.5,0.92,1.03,True
2026-06-17,UUUUG242601800.U^G26,UUUU,2026-07-24,Call,18.0,0.73,0.76,True
2026-06-17,UUUUG242601850.U^G26,UUUU,2026-07-24,Call,18.5,0.7,,True
2026-06-17,UUUUG312601050.U^G26,UUUU,2026-07-31,Call,10.5,5.25,,True
2026-06-17,UUUUG312601100.U^G26,UUUU,2026-07-31,Call,11.0,4.675,,True
2026-06-17,UUUUG312601150.U^G26,UUUU,2026-07-31,Call,11.5,4.275,,True
2026-06-17,UUUUG312601200.U^G26,UUUU,2026-07-31,Call,12.0,4.0,,True
2026-06-17,UUUUG312601250.U^G26,UUUU,2026-07-31,Call,12.5,3.625,,True
2026-06-17,UUUUG312601300.U^G26,UUUU,2026-07-31,Call,13.0,3.275,,True
2026-06-17,UUUUG312601350.U^G26,UUUU,2026-07-31,Call,13.5,2.815,,True
2026-06-17,UUUUG312601400.U^G26,UUUU,2026-07-31,Call,14.0,2.485,,True
2026-06-17,UUUUG312601450.U^G26,UUUU,2026-07-31,Call,14.5,2.255,,True
2026-06-17,UUUUG312601500.U^G26,UUUU,2026-07-31,Call,15.0,2.0,2.1,True
2026-06-17,UUUUG312601550.U^G26,UUUU,2026-07-31,Call,15.5,1.76,,True
2026-06-17,UUUUG312601600.U^G26,UUUU,2026-07-31,Call,16.0,1.645,1.8,True
2026-06-17,UUUUG312601650.U^G26,UUUU,2026-07-31,Call,16.5,1.375,,True
2026-06-17,UUUUG312601700.U^G26,UUUU,2026-07-31,Call,17.0,1.225,1.37,True
2026-06-17,UUUUG312601750.U^G26,UUUU,2026-07-31,Call,17.5,1.14,,True
2026-06-17,UUUUG312601800.U^G26,UUUU,2026-07-31,Call,18.0,0.945,1.0,True
2026-06-17,UUUUG312601850.U^G26,UUUU,2026-07-31,Call,18.5,0.84,,True
2026-06-17,UUUUH072601050.U^H26,UUUU,2026-08-07,Call,10.5,,,False
2026-06-17,UUUUH072601100.U^H26,UUUU,2026-08-07,Call,11.0,,,False
2026-06-17,UUUUH072601150.U^H26,UUUU,2026-08-07,Call,11.5,,,False
2026-06-17,UUUUH072601200.U^H26,UUUU,2026-08-07,Call,12.0,,,False
2026-06-17,UUUUH072601250.U^H26,UUUU,2026-08-07,Call,12.5,,,False
2026-06-17,UUUUH072601300.U^H26,UUUU,2026-08-07,Call,13.0,,,False
2026-06-17,UUUUH072601350.U^H26,UUUU,2026-08-07,Call,13.5,,,False
2026-06-17,UUUUH072601400.U^H26,UUUU,2026-08-07,Call,14.0,,,False
2026-06-17,UUUUH072601450.U^H26,UUUU,2026-08-07,Call,14.5,,,False
2026-06-17,UUUUH072601500.U^H26,UUUU,2026-08-07,Call,15.0,,,False
2026-06-17,UUUUH072601550.U^H26,UUUU,2026-08-07,Call,15.5,,,False
2026-06-17,UUUUH072601600.U^H26,UUUU,2026-08-07,Call,16.0,,,False
2026-06-17,UUUUH072601650.U^H26,UUUU,2026-08-07,Call,16.5,,,False
2026-06-17,UUUUH072601700.U^H26,UUUU,2026-08-07,Call,17.0,,,False
2026-06-17,UUUUH072601750.U^H26,UUUU,2026-08-07,Call,17.5,,,False
2026-06-17,UUUUH072601800.U^H26,UUUU,2026-08-07,Call,18.0,,,False
2026-06-17,UUUUH072601850.U^H26,UUUU,2026-08-07,Call,18.5,,,False
2026-06-17,UUUUH142601050.U^H26,UUUU,2026-08-14,Call,10.5,,,False
2026-06-17,UUUUH142601100.U^H26,UUUU,2026-08-14,Call,11.0,,,False
2026-06-17,UUUUH142601150.U^H26,UUUU,2026-08-14,Call,11.5,,,False
2026-06-17,UUUUH142601200.U^H26,UUUU,2026-08-14,Call,12.0,,,False
2026-06-17,UUUUH142601250.U^H26,UUUU,2026-08-14,Call,12.5,,,False
2026-06-17,UUUUH142601300.U^H26,UUUU,2026-08-14,Call,13.0,,,False
2026-06-17,UUUUH142601350.U^H26,UUUU,2026-08-14,Call,13.5,,,False
2026-06-17,UUUUH142601400.U^H26,UUUU,2026-08-14,Call,14.0,,,False
2026-06-17,UUUUH142601450.U^H26,UUUU,2026-08-14,Call,14.5,,,False
2026-06-17,UUUUH142601500.U^H26,UUUU,2026-08-14,Call,15.0,,,False
2026-06-17,UUUUH142601550.U^H26,UUUU,2026-08-14,Call,15.5,,,False
2026-06-17,UUUUH142601600.U^H26,UUUU,2026-08-14,Call,16.0,,,False
2026-06-17,UUUUH142601650.U^H26,UUUU,2026-08-14,Call,16.5,,,False
2026-06-17,UUUUH142601700.U^H26,UUUU,2026-08-14,Call,17.0,,,False
2026-06-17,UUUUH142601750.U^H26,UUUU,2026-08-14,Call,17.5,,,False
2026-06-17,UUUUH142601800.U^H26,UUUU,2026-08-14,Call,18.0,,,False
2026-06-17,UUUUH142601850.U^H26,UUUU,2026-08-14,Call,18.5,,,False
2026-06-17,UUUUH212601050.U^H26,UUUU,2026-08-21,Call,10.5,,,False
2026-06-17,UUUUH212601100.U^H26,UUUU,2026-08-21,Call,11.0,,,False
2026-06-17,UUUUH212601150.U^H26,UUUU,2026-08-21,Call,11.5,,,False
2026-06-17,UUUUH212601200.U^H26,UUUU,2026-08-21,Call,12.0,,,False
2026-06-17,UUUUH212601250.U^H26,UUUU,2026-08-21,Call,12.5,,,False
2026-06-17,UUUUH212601300.U^H26,UUUU,2026-08-21,Call,13.0,,,False
2026-06-17,UUUUH212601350.U^H26,UUUU,2026-08-21,Call,13.5,,,False
2026-06-17,UUUUH212601400.U^H26,UUUU,2026-08-21,Call,14.0,,,False
2026-06-17,UUUUH212601450.U^H26,UUUU,2026-08-21,Call,14.5,,,False
2026-06-17,UUUUH212601500.U^H26,UUUU,2026-08-21,Call,15.0,,,False
2026-06-17,UUUUH212601550.U^H26,UUUU,2026-08-21,Call,15.5,,,False
2026-06-17,UUUUH212601600.U^H26,UUUU,2026-08-21,Call,16.0,,,False
2026-06-17,UUUUH212601650.U^H26,UUUU,2026-08-21,Call,16.5,,,False
2026-06-17,UUUUH212601700.U^H26,UUUU,2026-08-21,Call,17.0,,,False
2026-06-17,UUUUH212601750.U^H26,UUUU,2026-08-21,Call,17.5,,,False
2026-06-17,UUUUH212601800.U^H26,UUUU,2026-08-21,Call,18.0,,,False
2026-06-17,UUUUH212601850.U^H26,UUUU,2026-08-21,Call,18.5,,,False
2026-06-17,UUUUH282601050.U^H26,UUUU,2026-08-28,Call,10.5,,,False
2026-06-17,UUUUH282601100.U^H26,UUUU,2026-08-28,Call,11.0,,,False
2026-06-17,UUUUH282601150.U^H26,UUUU,2026-08-28,Call,11.5,,,False
2026-06-17,UUUUH282601200.U^H26,UUUU,2026-08-28,Call,12.0,,,False
2026-06-17,UUUUH282601250.U^H26,UUUU,2026-08-28,Call,12.5,,,False
2026-06-17,UUUUH282601300.U^H26,UUUU,2026-08-28,Call,13.0,,,False
2026-06-17,UUUUH282601350.U^H26,UUUU,2026-08-28,Call,13.5,,,False
2026-06-17,UUUUH282601400.U^H26,UUUU,2026-08-28,Call,14.0,,,False
2026-06-17,UUUUH282601450.U^H26,UUUU,2026-08-28,Call,14.5,,,False
2026-06-17,UUUUH282601500.U^H26,UUUU,2026-08-28,Call,15.0,,,False
2026-06-17,UUUUH282601550.U^H26,UUUU,2026-08-28,Call,15.5,,,False
2026-06-17,UUUUH282601600.U^H26,UUUU,2026-08-28,Call,16.0,,,False
2026-06-17,UUUUH282601650.U^H26,UUUU,2026-08-28,Call,16.5,,,False
2026-06-17,UUUUH282601700.U^H26,UUUU,2026-08-28,Call,17.0,,,False
2026-06-17,UUUUH282601750.U^H26,UUUU,2026-08-28,Call,17.5,,,False
2026-06-17,UUUUH282601800.U^H26,UUUU,2026-08-28,Call,18.0,,,False
2026-06-17,UUUUH282601850.U^H26,UUUU,2026-08-28,Call,18.5,,,False
2026-06-17,UUUUI042601050.U^I26,UUUU,2026-09-04,Call,10.5,,,False
2026-06-17,UUUUI042601100.U^I26,UUUU,2026-09-04,Call,11.0,,,False
2026-06-17,UUUUI042601150.U^I26,UUUU,2026-09-04,Call,11.5,,,False
2026-06-17,UUUUI042601200.U^I26,UUUU,2026-09-04,Call,12.0,,,False
2026-06-17,UUUUI042601250.U^I26,UUUU,2026-09-04,Call,12.5,,,False
2026-06-17,UUUUI042601300.U^I26,UUUU,2026-09-04,Call,13.0,,,False
2026-06-17,UUUUI042601350.U^I26,UUUU,2026-09-04,Call,13.5,,,False
2026-06-17,UUUUI042601400.U^I26,UUUU,2026-09-04,Call,14.0,,,False
2026-06-17,UUUUI042601450.U^I26,UUUU,2026-09-04,Call,14.5,,,False
2026-06-17,UUUUI042601500.U^I26,UUUU,2026-09-04,Call,15.0,,,False
2026-06-17,UUUUI042601550.U^I26,UUUU,2026-09-04,Call,15.5,,,False
2026-06-17,UUUUI042601600.U^I26,UUUU,2026-09-04,Call,16.0,,,False
2026-06-17,UUUUI042601650.U^I26,UUUU,2026-09-04,Call,16.5,,,False
2026-06-17,UUUUI042601700.U^I26,UUUU,2026-09-04,Call,17.0,,,False
2026-06-17,UUUUI042601750.U^I26,UUUU,2026-09-04,Call,17.5,,,False
2026-06-17,UUUUI042601800.U^I26,UUUU,2026-09-04,Call,18.0,,,False
2026-06-17,UUUUI042601850.U^I26,UUUU,2026-09-04,Call,18.5,,,False
2026-06-17,UUUUR262601100.U^F26,UUUU,2026-06-26,Put,11.0,,,False
2026-06-17,UUUUR262601200.U^F26,UUUU,2026-06-26,Put,12.0,,,True
2026-06-17,UUUUR262601250.U^F26,UUUU,2026-06-26,Put,12.5,0.12,0.03,True
2026-06-17,UUUUR262601300.U^F26,UUUU,2026-06-26,Put,13.0,0.1,0.1,True
2026-06-17,UUUUR262601350.U^F26,UUUU,2026-06-26,Put,13.5,0.105,0.11,True
2026-06-17,UUUUR262601400.U^F26,UUUU,2026-06-26,Put,14.0,0.245,0.28,True
2026-06-17,UUUUR262601450.U^F26,UUUU,2026-06-26,Put,14.5,0.39,0.34,True
2026-06-17,UUUUR262601500.U^F26,UUUU,2026-06-26,Put,15.0,0.545,0.58,True
2026-06-17,UUUUR262601550.U^F26,UUUU,2026-06-26,Put,15.5,0.83,0.8,True
2026-06-17,UUUUR262601600.U^F26,UUUU,2026-06-26,Put,16.0,1.11,0.88,True
2026-06-17,UUUUR262601650.U^F26,UUUU,2026-06-26,Put,16.5,1.5,1.47,True
2026-06-17,UUUUR262601700.U^F26,UUUU,2026-06-26,Put,17.0,1.875,1.82,True
2026-06-17,UUUUR262601750.U^F26,UUUU,2026-06-26,Put,17.5,2.135,1.97,True
2026-06-17,UUUUR262601800.U^F26,UUUU,2026-06-26,Put,18.0,2.655,2.24,True
2026-06-17,UUUUR262601850.U^F26,UUUU,2026-06-26,Put,18.5,3.04,2.87,True
2026-06-17,UUUUS102601100.U^G26,UUUU,2026-07-10,Put,11.0,,,True
2026-06-17,UUUUS102601150.U^G26,UUUU,2026-07-10,Put,11.5,,,False
2026-06-17,UUUUS102601200.U^G26,UUUU,2026-07-10,Put,12.0,0.155,,True
2026-06-17,UUUUS102601250.U^G26,UUUU,2026-07-10,Put,12.5,,,False
2026-06-17,UUUUS102601300.U^G26,UUUU,2026-07-10,Put,13.0,0.3,0.27,True
2026-06-17,UUUUS102601350.U^G26,UUUU,2026-07-10,Put,13.5,0.45,0.61,True
2026-06-17,UUUUS102601400.U^G26,UUUU,2026-07-10,Put,14.0,0.6,0.5,True
2026-06-17,UUUUS102601450.U^G26,UUUU,2026-07-10,Put,14.5,0.78,0.72,True
2026-06-17,UUUUS102601500.U^G26,UUUU,2026-07-10,Put,15.0,0.995,0.77,True
2026-06-17,UUUUS102601550.U^G26,UUUU,2026-07-10,Put,15.5,1.265,,True
2026-06-17,UUUUS102601600.U^G26,UUUU,2026-07-10,Put,16.0,1.545,1.31,True
2026-06-17,UUUUS102601650.U^G26,UUUU,2026-07-10,Put,16.5,1.88,,True
2026-06-17,UUUUS102601700.U^G26,UUUU,2026-07-10,Put,17.0,2.225,1.88,True
2026-06-17,UUUUS102601750.U^G26,UUUU,2026-07-10,Put,17.5,2.61,,True
2026-06-17,UUUUS102601800.U^G26,UUUU,2026-07-10,Put,18.0,2.91,2.74,True
2026-06-17,UUUUS102601850.U^G26,UUUU,2026-07-10,Put,18.5,3.325,,True
2026-06-17,UUUUS172601100.U^G26,UUUU,2026-07-17,Put,11.0,0.145,,True
2026-06-17,UUUUS172601150.U^G26,UUUU,2026-07-17,Put,11.5,,,False
2026-06-17,UUUUS172601200.U^G26,UUUU,2026-07-17,Put,12.0,0.24,0.25,True
2026-06-17,UUUUS172601250.U^G26,UUUU,2026-07-17,Put,12.5,,,False
2026-06-17,UUUUS172601300.U^G26,UUUU,2026-07-17,Put,13.0,0.435,0.38,True
2026-06-17,UUUUS172601350.U^G26,UUUU,2026-07-17,Put,13.5,,,False
2026-06-17,UUUUS172601400.U^G26,UUUU,2026-07-17,Put,14.0,0.76,0.77,True
2026-06-17,UUUUS172601450.U^G26,UUUU,2026-07-17,Put,14.5,,,False
2026-06-17,UUUUS172601500.U^G26,UUUU,2026-07-17,Put,15.0,1.2,1.21,True
2026-06-17,UUUUS172601550.U^G26,UUUU,2026-07-17,Put,15.5,,,False
2026-06-17,UUUUS172601600.U^G26,UUUU,2026-07-17,Put,16.0,1.73,1.69,True
2026-06-17,UUUUS172601650.U^G26,UUUU,2026-07-17,Put,16.5,,,False
2026-06-17,UUUUS172601700.U^G26,UUUU,2026-07-17,Put,17.0,2.445,2.23,True
2026-06-17,UUUUS172601750.U^G26,UUUU,2026-07-17,Put,17.5,,,False
2026-06-17,UUUUS172601800.U^G26,UUUU,2026-07-17,Put,18.0,3.2,2.92,True
2026-06-17,UUUUS172601850.U^G26,UUUU,2026-07-17,Put,18.5,,,False
2026-06-17,UUUUS242601050.U^G26,UUUU,2026-07-24,Put,10.5,,,False
2026-06-17,UUUUS242601100.U^G26,UUUU,2026-07-24,Put,11.0,0.175,0.18,True
2026-06-17,UUUUS242601150.U^G26,UUUU,2026-07-24,Put,11.5,,,False
2026-06-17,UUUUS242601200.U^G26,UUUU,2026-07-24,Put,12.0,0.325,,True
2026-06-17,UUUUS242601250.U^G26,UUUU,2026-07-24,Put,12.5,,,False
2026-06-17,UUUUS242601300.U^G26,UUUU,2026-07-24,Put,13.0,0.58,0.5,True
2026-06-17,UUUUS242601350.U^G26,UUUU,2026-07-24,Put,13.5,0.74,,True
2026-06-17,UUUUS242601400.U^G26,UUUU,2026-07-24,Put,14.0,0.89,0.83,True
2026-06-17,UUUUS242601450.U^G26,UUUU,2026-07-24,Put,14.5,1.15,,True
2026-06-17,UUUUS242601500.U^G26,UUUU,2026-07-24,Put,15.0,1.36,,True
2026-06-17,UUUUS242601550.U^G26,UUUU,2026-07-24,Put,15.5,1.65,1.35,True
2026-06-17,UUUUS242601600.U^G26,UUUU,2026-07-24,Put,16.0,1.925,,True
2026-06-17,UUUUS242601650.U^G26,UUUU,2026-07-24,Put,16.5,2.12,,True
2026-06-17,UUUUS242601700.U^G26,UUUU,2026-07-24,Put,17.0,2.58,,True
2026-06-17,UUUUS242601750.U^G26,UUUU,2026-07-24,Put,17.5,2.95,,True
2026-06-17,UUUUS242601800.U^G26,UUUU,2026-07-24,Put,18.0,3.185,3.1,True
2026-06-17,UUUUS242601850.U^G26,UUUU,2026-07-24,Put,18.5,3.8,3.5,True
2026-06-17,UUUUS312601050.U^G26,UUUU,2026-07-31,Put,10.5,0.22,,True
2026-06-17,UUUUS312601100.U^G26,UUUU,2026-07-31,Put,11.0,0.22,,True
2026-06-17,UUUUS312601150.U^G26,UUUU,2026-07-31,Put,11.5,0.315,,True
2026-06-17,UUUUS312601200.U^G26,UUUU,2026-07-31,Put,12.0,0.355,,True
2026-06-17,UUUUS312601250.U^G26,UUUU,2026-07-31,Put,12.5,0.56,0.49,True
2026-06-17,UUUUS312601300.U^G26,UUUU,2026-07-31,Put,13.0,0.685,,True
2026-06-17,UUUUS312601350.U^G26,UUUU,2026-07-31,Put,13.5,0.825,,True
2026-06-17,UUUUS312601400.U^G26,UUUU,2026-07-31,Put,14.0,1.065,,True
2026-06-17,UUUUS312601450.U^G26,UUUU,2026-07-31,Put,14.5,1.23,,True
2026-06-17,UUUUS312601500.U^G26,UUUU,2026-07-31,Put,15.0,1.52,1.47,True
2026-06-17,UUUUS312601550.U^G26,UUUU,2026-07-31,Put,15.5,1.805,,True
2026-06-17,UUUUS312601600.U^G26,UUUU,2026-07-31,Put,16.0,2.005,,True
2026-06-17,UUUUS312601650.U^G26,UUUU,2026-07-31,Put,16.5,2.375,,True
2026-06-17,UUUUS312601700.U^G26,UUUU,2026-07-31,Put,17.0,2.715,2.62,True
2026-06-17,UUUUS312601750.U^G26,UUUU,2026-07-31,Put,17.5,2.94,,True
2026-06-17,UUUUS312601800.U^G26,UUUU,2026-07-31,Put,18.0,3.45,,True
2026-06-17,UUUUS312601850.U^G26,UUUU,2026-07-31,Put,18.5,3.7,,True
2026-06-17,UUUUT072601050.U^H26,UUUU,2026-08-07,Put,10.5,,,False
2026-06-17,UUUUT072601100.U^H26,UUUU,2026-08-07,Put,11.0,,,False
2026-06-17,UUUUT072601150.U^H26,UUUU,2026-08-07,Put,11.5,,,False
2026-06-17,UUUUT072601200.U^H26,UUUU,2026-08-07,Put,12.0,,,False
2026-06-17,UUUUT072601250.U^H26,UUUU,2026-08-07,Put,12.5,,,False
2026-06-17,UUUUT072601300.U^H26,UUUU,2026-08-07,Put,13.0,,,False
2026-06-17,UUUUT072601350.U^H26,UUUU,2026-08-07,Put,13.5,,,False
2026-06-17,UUUUT072601400.U^H26,UUUU,2026-08-07,Put,14.0,,,False
2026-06-17,UUUUT072601450.U^H26,UUUU,2026-08-07,Put,14.5,,,False
2026-06-17,UUUUT072601500.U^H26,UUUU,2026-08-07,Put,15.0,,,False
2026-06-17,UUUUT072601550.U^H26,UUUU,2026-08-07,Put,15.5,,,False
2026-06-17,UUUUT072601600.U^H26,UUUU,2026-08-07,Put,16.0,,,False
2026-06-17,UUUUT072601650.U^H26,UUUU,2026-08-07,Put,16.5,,,False
2026-06-17,UUUUT072601700.U^H26,UUUU,2026-08-07,Put,17.0,,,False
2026-06-17,UUUUT072601750.U^H26,UUUU,2026-08-07,Put,17.5,,,False
2026-06-17,UUUUT072601800.U^H26,UUUU,2026-08-07,Put,18.0,,,False
2026-06-17,UUUUT072601850.U^H26,UUUU,2026-08-07,Put,18.5,,,False
2026-06-17,UUUUT142601050.U^H26,UUUU,2026-08-14,Put,10.5,,,False
2026-06-17,UUUUT142601100.U^H26,UUUU,2026-08-14,Put,11.0,,,False
2026-06-17,UUUUT142601150.U^H26,UUUU,2026-08-14,Put,11.5,,,False
2026-06-17,UUUUT142601200.U^H26,UUUU,2026-08-14,Put,12.0,,,False
2026-06-17,UUUUT142601250.U^H26,UUUU,2026-08-14,Put,12.5,,,False
2026-06-17,UUUUT142601300.U^H26,UUUU,2026-08-14,Put,13.0,,,False
2026-06-17,UUUUT142601350.U^H26,UUUU,2026-08-14,Put,13.5,,,False
2026-06-17,UUUUT142601400.U^H26,UUUU,2026-08-14,Put,14.0,,,False
2026-06-17,UUUUT142601450.U^H26,UUUU,2026-08-14,Put,14.5,,,False
2026-06-17,UUUUT142601500.U^H26,UUUU,2026-08-14,Put,15.0,,,False
2026-06-17,UUUUT142601550.U^H26,UUUU,2026-08-14,Put,15.5,,,False
2026-06-17,UUUUT142601600.U^H26,UUUU,2026-08-14,Put,16.0,,,False
2026-06-17,UUUUT142601650.U^H26,UUUU,2026-08-14,Put,16.5,,,False
2026-06-17,UUUUT142601700.U^H26,UUUU,2026-08-14,Put,17.0,,,False
2026-06-17,UUUUT142601750.U^H26,UUUU,2026-08-14,Put,17.5,,,False
2026-06-17,UUUUT142601800.U^H26,UUUU,2026-08-14,Put,18.0,,,False
2026-06-17,UUUUT142601850.U^H26,UUUU,2026-08-14,Put,18.5,,,False
2026-06-17,UUUUT212601050.U^H26,UUUU,2026-08-21,Put,10.5,,,False
2026-06-17,UUUUT212601100.U^H26,UUUU,2026-08-21,Put,11.0,,,False
2026-06-17,UUUUT212601150.U^H26,UUUU,2026-08-21,Put,11.5,,,False
2026-06-17,UUUUT212601200.U^H26,UUUU,2026-08-21,Put,12.0,,,False
2026-06-17,UUUUT212601250.U^H26,UUUU,2026-08-21,Put,12.5,,,False
2026-06-17,UUUUT212601300.U^H26,UUUU,2026-08-21,Put,13.0,,,False
2026-06-17,UUUUT212601350.U^H26,UUUU,2026-08-21,Put,13.5,,,False
2026-06-17,UUUUT212601400.U^H26,UUUU,2026-08-21,Put,14.0,,,False
2026-06-17,UUUUT212601450.U^H26,UUUU,2026-08-21,Put,14.5,,,False
2026-06-17,UUUUT212601500.U^H26,UUUU,2026-08-21,Put,15.0,,,False
2026-06-17,UUUUT212601550.U^H26,UUUU,2026-08-21,Put,15.5,,,False
2026-06-17,UUUUT212601600.U^H26,UUUU,2026-08-21,Put,16.0,,,False
2026-06-17,UUUUT212601650.U^H26,UUUU,2026-08-21,Put,16.5,,,False
2026-06-17,UUUUT212601700.U^H26,UUUU,2026-08-21,Put,17.0,,,False
2026-06-17,UUUUT212601750.U^H26,UUUU,2026-08-21,Put,17.5,,,False
2026-06-17,UUUUT212601800.U^H26,UUUU,2026-08-21,Put,18.0,,,False
2026-06-17,UUUUT212601850.U^H26,UUUU,2026-08-21,Put,18.5,,,False
2026-06-17,UUUUT282601050.U^H26,UUUU,2026-08-28,Put,10.5,,,False
2026-06-17,UUUUT282601100.U^H26,UUUU,2026-08-28,Put,11.0,,,False
2026-06-17,UUUUT282601150.U^H26,UUUU,2026-08-28,Put,11.5,,,False
2026-06-17,UUUUT282601200.U^H26,UUUU,2026-08-28,Put,12.0,,,False
2026-06-17,UUUUT282601250.U^H26,UUUU,2026-08-28,Put,12.5,,,False
2026-06-17,UUUUT282601300.U^H26,UUUU,2026-08-28,Put,13.0,,,False
2026-06-17,UUUUT282601350.U^H26,UUUU,2026-08-28,Put,13.5,,,False
2026-06-17,UUUUT282601400.U^H26,UUUU,2026-08-28,Put,14.0,,,False
2026-06-17,UUUUT282601450.U^H26,UUUU,2026-08-28,Put,14.5,,,False
2026-06-17,UUUUT282601500.U^H26,UUUU,2026-08-28,Put,15.0,,,False
2026-06-17,UUUUT282601550.U^H26,UUUU,2026-08-28,Put,15.5,,,False
2026-06-17,UUUUT282601600.U^H26,UUUU,2026-08-28,Put,16.0,,,False
2026-06-17,UUUUT282601650.U^H26,UUUU,2026-08-28,Put,16.5,,,False
2026-06-17,UUUUT282601700.U^H26,UUUU,2026-08-28,Put,17.0,,,False
2026-06-17,UUUUT282601750.U^H26,UUUU,2026-08-28,Put,17.5,,,False
2026-06-17,UUUUT282601800.U^H26,UUUU,2026-08-28,Put,18.0,,,False
2026-06-17,UUUUT282601850.U^H26,UUUU,2026-08-28,Put,18.5,,,False
2026-06-17,UUUUU042601050.U^I26,UUUU,2026-09-04,Put,10.5,,,False
2026-06-17,UUUUU042601100.U^I26,UUUU,2026-09-04,Put,11.0,,,False
2026-06-17,UUUUU042601150.U^I26,UUUU,2026-09-04,Put,11.5,,,False
2026-06-17,UUUUU042601200.U^I26,UUUU,2026-09-04,Put,12.0,,,False
2026-06-17,UUUUU042601250.U^I26,UUUU,2026-09-04,Put,12.5,,,False
2026-06-17,UUUUU042601300.U^I26,UUUU,2026-09-04,Put,13.0,,,False
2026-06-17,UUUUU042601350.U^I26,UUUU,2026-09-04,Put,13.5,,,False
2026-06-17,UUUUU042601400.U^I26,UUUU,2026-09-04,Put,14.0,,,False
2026-06-17,UUUUU042601450.U^I26,UUUU,2026-09-04,Put,14.5,,,False
2026-06-17,UUUUU042601500.U^I26,UUUU,2026-09-04,Put,15.0,,,False
2026-06-17,UUUUU042601550.U^I26,UUUU,2026-09-04,Put,15.5,,,False
2026-06-17,UUUUU042601600.U^I26,UUUU,2026-09-04,Put,16.0,,,False
2026-06-17,UUUUU042601650.U^I26,UUUU,2026-09-04,Put,16.5,,,False
2026-06-17,UUUUU042601700.U^I26,UUUU,2026-09-04,Put,17.0,,,False
2026-06-17,UUUUU042601750.U^I26,UUUU,2026-09-04,Put,17.5,,,False
2026-06-17,UUUUU042601800.U^I26,UUUU,2026-09-04,Put,18.0,,,False
2026-06-17,UUUUU042601850.U^I26,UUUU,2026-09-04,Put,18.5,,,False
2026-06-18,UUUUF262601050.U^F26,UUUU,2026-06-26,Call,10.5,5.85,,True
2026-06-18,UUUUF262601100.U^F26,UUUU,2026-06-26,Call,11.0,5.525,6.82,True
2026-06-18,UUUUF262601150.U^F26,UUUU,2026-06-26,Call,11.5,4.95,,True
2026-06-18,UUUUF262601200.U^F26,UUUU,2026-06-26,Call,12.0,4.525,,True
2026-06-18,UUUUF262601250.U^F26,UUUU,2026-06-26,Call,12.5,3.95,4.25,True
2026-06-18,UUUUF262601300.U^F26,UUUU,2026-06-26,Call,13.0,3.5,,True
2026-06-18,UUUUF262601350.U^F26,UUUU,2026-06-26,Call,13.5,2.99,,True
2026-06-18,UUUUF262601400.U^F26,UUUU,2026-06-26,Call,14.0,2.555,3.2,True
2026-06-18,UUUUF262601450.U^F26,UUUU,2026-06-26,Call,14.5,2.16,2.65,True
2026-06-18,UUUUF262601500.U^F26,UUUU,2026-06-26,Call,15.0,1.675,1.6,True
2026-06-18,UUUUF262601550.U^F26,UUUU,2026-06-26,Call,15.5,1.42,1.42,True
2026-06-18,UUUUF262601600.U^F26,UUUU,2026-06-26,Call,16.0,1.205,0.97,True
2026-06-18,UUUUF262601650.U^F26,UUUU,2026-06-26,Call,16.5,0.86,0.86,True
2026-06-18,UUUUF262601700.U^F26,UUUU,2026-06-26,Call,17.0,0.575,0.61,True
2026-06-18,UUUUF262601750.U^F26,UUUU,2026-06-26,Call,17.5,0.42,0.44,True
2026-06-18,UUUUF262601800.U^F26,UUUU,2026-06-26,Call,18.0,0.295,0.32,True
2026-06-18,UUUUF262601850.U^F26,UUUU,2026-06-26,Call,18.5,0.19,0.2,True
2026-06-18,UUUUG102601100.U^G26,UUUU,2026-07-10,Call,11.0,5.625,7.02,True
2026-06-18,UUUUG102601150.U^G26,UUUU,2026-07-10,Call,11.5,,,False
2026-06-18,UUUUG102601200.U^G26,UUUU,2026-07-10,Call,12.0,4.75,,True
2026-06-18,UUUUG102601250.U^G26,UUUU,2026-07-10,Call,12.5,,,False
2026-06-18,UUUUG102601300.U^G26,UUUU,2026-07-10,Call,13.0,3.65,3.99,True
2026-06-18,UUUUG102601350.U^G26,UUUU,2026-07-10,Call,13.5,3.255,,True
2026-06-18,UUUUG102601400.U^G26,UUUU,2026-07-10,Call,14.0,2.905,,True
2026-06-18,UUUUG102601450.U^G26,UUUU,2026-07-10,Call,14.5,2.52,,True
2026-06-18,UUUUG102601500.U^G26,UUUU,2026-07-10,Call,15.0,2.205,,True
2026-06-18,UUUUG102601550.U^G26,UUUU,2026-07-10,Call,15.5,1.86,1.85,True
2026-06-18,UUUUG102601600.U^G26,UUUU,2026-07-10,Call,16.0,1.635,1.5,True
2026-06-18,UUUUG102601650.U^G26,UUUU,2026-07-10,Call,16.5,1.35,1.31,True
2026-06-18,UUUUG102601700.U^G26,UUUU,2026-07-10,Call,17.0,1.115,1.0,True
2026-06-18,UUUUG102601750.U^G26,UUUU,2026-07-10,Call,17.5,0.96,1.03,True
2026-06-18,UUUUG102601800.U^G26,UUUU,2026-07-10,Call,18.0,0.86,0.8,True
2026-06-18,UUUUG102601850.U^G26,UUUU,2026-07-10,Call,18.5,0.68,0.75,True
2026-06-18,UUUUG172601100.U^G26,UUUU,2026-07-17,Call,11.0,5.65,,True
2026-06-18,UUUUG172601150.U^G26,UUUU,2026-07-17,Call,11.5,,,False
2026-06-18,UUUUG172601200.U^G26,UUUU,2026-07-17,Call,12.0,4.725,,True
2026-06-18,UUUUG172601250.U^G26,UUUU,2026-07-17,Call,12.5,,,False
2026-06-18,UUUUG172601300.U^G26,UUUU,2026-07-17,Call,13.0,3.775,3.75,True
2026-06-18,UUUUG172601350.U^G26,UUUU,2026-07-17,Call,13.5,,,False
2026-06-18,UUUUG172601400.U^G26,UUUU,2026-07-17,Call,14.0,2.97,3.3,True
2026-06-18,UUUUG172601450.U^G26,UUUU,2026-07-17,Call,14.5,,,False
2026-06-18,UUUUG172601500.U^G26,UUUU,2026-07-17,Call,15.0,2.455,2.26,True
2026-06-18,UUUUG172601550.U^G26,UUUU,2026-07-17,Call,15.5,,,False
2026-06-18,UUUUG172601600.U^G26,UUUU,2026-07-17,Call,16.0,1.815,1.7,True
2026-06-18,UUUUG172601650.U^G26,UUUU,2026-07-17,Call,16.5,,,False
2026-06-18,UUUUG172601700.U^G26,UUUU,2026-07-17,Call,17.0,1.325,1.35,True
2026-06-18,UUUUG172601750.U^G26,UUUU,2026-07-17,Call,17.5,,,False
2026-06-18,UUUUG172601800.U^G26,UUUU,2026-07-17,Call,18.0,1.02,1.01,True
2026-06-18,UUUUG172601850.U^G26,UUUU,2026-07-17,Call,18.5,,,False
2026-06-18,UUUUG242601050.U^G26,UUUU,2026-07-24,Call,10.5,,,False
2026-06-18,UUUUG242601100.U^G26,UUUU,2026-07-24,Call,11.0,5.7,,True
2026-06-18,UUUUG242601150.U^G26,UUUU,2026-07-24,Call,11.5,,,False
2026-06-18,UUUUG242601200.U^G26,UUUU,2026-07-24,Call,12.0,4.825,,True
2026-06-18,UUUUG242601250.U^G26,UUUU,2026-07-24,Call,12.5,,,False
2026-06-18,UUUUG242601300.U^G26,UUUU,2026-07-24,Call,13.0,4.0,,True
2026-06-18,UUUUG242601350.U^G26,UUUU,2026-07-24,Call,13.5,3.625,4.07,True
2026-06-18,UUUUG242601400.U^G26,UUUU,2026-07-24,Call,14.0,3.23,,True
2026-06-18,UUUUG242601450.U^G26,UUUU,2026-07-24,Call,14.5,2.92,2.75,True
2026-06-18,UUUUG242601500.U^G26,UUUU,2026-07-24,Call,15.0,2.485,2.71,True
2026-06-18,UUUUG242601550.U^G26,UUUU,2026-07-24,Call,15.5,2.34,2.15,True
2026-06-18,UUUUG242601600.U^G26,UUUU,2026-07-24,Call,16.0,2.04,2.03,True
2026-06-18,UUUUG242601650.U^G26,UUUU,2026-07-24,Call,16.5,1.805,1.9,True
2026-06-18,UUUUG242601700.U^G26,UUUU,2026-07-24,Call,17.0,1.555,1.45,True
2026-06-18,UUUUG242601750.U^G26,UUUU,2026-07-24,Call,17.5,1.42,1.81,True
2026-06-18,UUUUG242601800.U^G26,UUUU,2026-07-24,Call,18.0,1.16,1.31,True
2026-06-18,UUUUG242601850.U^G26,UUUU,2026-07-24,Call,18.5,1.07,1.31,True
2026-06-18,UUUUG312601050.U^G26,UUUU,2026-07-31,Call,10.5,6.2,,True
2026-06-18,UUUUG312601100.U^G26,UUUU,2026-07-31,Call,11.0,5.75,,True
2026-06-18,UUUUG312601150.U^G26,UUUU,2026-07-31,Call,11.5,5.275,,True
2026-06-18,UUUUG312601200.U^G26,UUUU,2026-07-31,Call,12.0,4.875,,True
2026-06-18,UUUUG312601250.U^G26,UUUU,2026-07-31,Call,12.5,4.45,,True
2026-06-18,UUUUG312601300.U^G26,UUUU,2026-07-31,Call,13.0,4.075,,True
2026-06-18,UUUUG312601350.U^G26,UUUU,2026-07-31,Call,13.5,3.725,3.65,True
2026-06-18,UUUUG312601400.U^G26,UUUU,2026-07-31,Call,14.0,3.345,,True
2026-06-18,UUUUG312601450.U^G26,UUUU,2026-07-31,Call,14.5,3.035,,True
2026-06-18,UUUUG312601500.U^G26,UUUU,2026-07-31,Call,15.0,2.845,2.75,True
2026-06-18,UUUUG312601550.U^G26,UUUU,2026-07-31,Call,15.5,2.46,,True
2026-06-18,UUUUG312601600.U^G26,UUUU,2026-07-31,Call,16.0,2.18,2.1,True
2026-06-18,UUUUG312601650.U^G26,UUUU,2026-07-31,Call,16.5,2.0,1.75,True
2026-06-18,UUUUG312601700.U^G26,UUUU,2026-07-31,Call,17.0,1.715,1.78,True
2026-06-18,UUUUG312601750.U^G26,UUUU,2026-07-31,Call,17.5,1.55,1.79,True
2026-06-18,UUUUG312601800.U^G26,UUUU,2026-07-31,Call,18.0,1.36,1.47,True
2026-06-18,UUUUG312601850.U^G26,UUUU,2026-07-31,Call,18.5,1.285,1.39,True
2026-06-18,UUUUH072601050.U^H26,UUUU,2026-08-07,Call,10.5,,,False
2026-06-18,UUUUH072601100.U^H26,UUUU,2026-08-07,Call,11.0,,,False
2026-06-18,UUUUH072601150.U^H26,UUUU,2026-08-07,Call,11.5,,,False
2026-06-18,UUUUH072601200.U^H26,UUUU,2026-08-07,Call,12.0,,,False
2026-06-18,UUUUH072601250.U^H26,UUUU,2026-08-07,Call,12.5,,,False
2026-06-18,UUUUH072601300.U^H26,UUUU,2026-08-07,Call,13.0,,,False
2026-06-18,UUUUH072601350.U^H26,UUUU,2026-08-07,Call,13.5,,,False
2026-06-18,UUUUH072601400.U^H26,UUUU,2026-08-07,Call,14.0,,,False
2026-06-18,UUUUH072601450.U^H26,UUUU,2026-08-07,Call,14.5,,,False
2026-06-18,UUUUH072601500.U^H26,UUUU,2026-08-07,Call,15.0,,,False
2026-06-18,UUUUH072601550.U^H26,UUUU,2026-08-07,Call,15.5,,,False
2026-06-18,UUUUH072601600.U^H26,UUUU,2026-08-07,Call,16.0,,,False
2026-06-18,UUUUH072601650.U^H26,UUUU,2026-08-07,Call,16.5,,,False
2026-06-18,UUUUH072601700.U^H26,UUUU,2026-08-07,Call,17.0,,,False
2026-06-18,UUUUH072601750.U^H26,UUUU,2026-08-07,Call,17.5,,,False
2026-06-18,UUUUH072601800.U^H26,UUUU,2026-08-07,Call,18.0,,,False
2026-06-18,UUUUH072601850.U^H26,UUUU,2026-08-07,Call,18.5,,,False
2026-06-18,UUUUH142601050.U^H26,UUUU,2026-08-14,Call,10.5,,,False
2026-06-18,UUUUH142601100.U^H26,UUUU,2026-08-14,Call,11.0,,,False
2026-06-18,UUUUH142601150.U^H26,UUUU,2026-08-14,Call,11.5,,,False
2026-06-18,UUUUH142601200.U^H26,UUUU,2026-08-14,Call,12.0,,,False
2026-06-18,UUUUH142601250.U^H26,UUUU,2026-08-14,Call,12.5,,,False
2026-06-18,UUUUH142601300.U^H26,UUUU,2026-08-14,Call,13.0,,,False
2026-06-18,UUUUH142601350.U^H26,UUUU,2026-08-14,Call,13.5,,,False
2026-06-18,UUUUH142601400.U^H26,UUUU,2026-08-14,Call,14.0,,,False
2026-06-18,UUUUH142601450.U^H26,UUUU,2026-08-14,Call,14.5,,,False
2026-06-18,UUUUH142601500.U^H26,UUUU,2026-08-14,Call,15.0,,,False
2026-06-18,UUUUH142601550.U^H26,UUUU,2026-08-14,Call,15.5,,,False
2026-06-18,UUUUH142601600.U^H26,UUUU,2026-08-14,Call,16.0,,,False
2026-06-18,UUUUH142601650.U^H26,UUUU,2026-08-14,Call,16.5,,,False
2026-06-18,UUUUH142601700.U^H26,UUUU,2026-08-14,Call,17.0,,,False
2026-06-18,UUUUH142601750.U^H26,UUUU,2026-08-14,Call,17.5,,,False
2026-06-18,UUUUH142601800.U^H26,UUUU,2026-08-14,Call,18.0,,,False
2026-06-18,UUUUH142601850.U^H26,UUUU,2026-08-14,Call,18.5,,,False
2026-06-18,UUUUH212601050.U^H26,UUUU,2026-08-21,Call,10.5,,,False
2026-06-18,UUUUH212601100.U^H26,UUUU,2026-08-21,Call,11.0,5.9,,True
2026-06-18,UUUUH212601150.U^H26,UUUU,2026-08-21,Call,11.5,,,False
2026-06-18,UUUUH212601200.U^H26,UUUU,2026-08-21,Call,12.0,5.125,,True
2026-06-18,UUUUH212601250.U^H26,UUUU,2026-08-21,Call,12.5,,,False
2026-06-18,UUUUH212601300.U^H26,UUUU,2026-08-21,Call,13.0,4.425,,True
2026-06-18,UUUUH212601350.U^H26,UUUU,2026-08-21,Call,13.5,,,False
2026-06-18,UUUUH212601400.U^H26,UUUU,2026-08-21,Call,14.0,3.875,4.34,True
2026-06-18,UUUUH212601450.U^H26,UUUU,2026-08-21,Call,14.5,,,False
2026-06-18,UUUUH212601500.U^H26,UUUU,2026-08-21,Call,15.0,3.22,3.67,True
2026-06-18,UUUUH212601550.U^H26,UUUU,2026-08-21,Call,15.5,,,False
2026-06-18,UUUUH212601600.U^H26,UUUU,2026-08-21,Call,16.0,2.73,2.58,True
2026-06-18,UUUUH212601650.U^H26,UUUU,2026-08-21,Call,16.5,,,False
2026-06-18,UUUUH212601700.U^H26,UUUU,2026-08-21,Call,17.0,2.205,2.21,True
2026-06-18,UUUUH212601750.U^H26,UUUU,2026-08-21,Call,17.5,,,False
2026-06-18,UUUUH212601800.U^H26,UUUU,2026-08-21,Call,18.0,1.85,1.8,True
2026-06-18,UUUUH212601850.U^H26,UUUU,2026-08-21,Call,18.5,,,False
2026-06-18,UUUUH282601050.U^H26,UUUU,2026-08-28,Call,10.5,,,False
2026-06-18,UUUUH282601100.U^H26,UUUU,2026-08-28,Call,11.0,,,False
2026-06-18,UUUUH282601150.U^H26,UUUU,2026-08-28,Call,11.5,,,False
2026-06-18,UUUUH282601200.U^H26,UUUU,2026-08-28,Call,12.0,,,False
2026-06-18,UUUUH282601250.U^H26,UUUU,2026-08-28,Call,12.5,,,False
2026-06-18,UUUUH282601300.U^H26,UUUU,2026-08-28,Call,13.0,,,False
2026-06-18,UUUUH282601350.U^H26,UUUU,2026-08-28,Call,13.5,,,False
2026-06-18,UUUUH282601400.U^H26,UUUU,2026-08-28,Call,14.0,,,False
2026-06-18,UUUUH282601450.U^H26,UUUU,2026-08-28,Call,14.5,,,False
2026-06-18,UUUUH282601500.U^H26,UUUU,2026-08-28,Call,15.0,,,False
2026-06-18,UUUUH282601550.U^H26,UUUU,2026-08-28,Call,15.5,,,False
2026-06-18,UUUUH282601600.U^H26,UUUU,2026-08-28,Call,16.0,,,False
2026-06-18,UUUUH282601650.U^H26,UUUU,2026-08-28,Call,16.5,,,False
2026-06-18,UUUUH282601700.U^H26,UUUU,2026-08-28,Call,17.0,,,False
2026-06-18,UUUUH282601750.U^H26,UUUU,2026-08-28,Call,17.5,,,False
2026-06-18,UUUUH282601800.U^H26,UUUU,2026-08-28,Call,18.0,,,False
2026-06-18,UUUUH282601850.U^H26,UUUU,2026-08-28,Call,18.5,,,False
2026-06-18,UUUUI042601050.U^I26,UUUU,2026-09-04,Call,10.5,,,False
2026-06-18,UUUUI042601100.U^I26,UUUU,2026-09-04,Call,11.0,,,False
2026-06-18,UUUUI042601150.U^I26,UUUU,2026-09-04,Call,11.5,,,False
2026-06-18,UUUUI042601200.U^I26,UUUU,2026-09-04,Call,12.0,,,False
2026-06-18,UUUUI042601250.U^I26,UUUU,2026-09-04,Call,12.5,,,False
2026-06-18,UUUUI042601300.U^I26,UUUU,2026-09-04,Call,13.0,,,False
2026-06-18,UUUUI042601350.U^I26,UUUU,2026-09-04,Call,13.5,,,False
2026-06-18,UUUUI042601400.U^I26,UUUU,2026-09-04,Call,14.0,,,False
2026-06-18,UUUUI042601450.U^I26,UUUU,2026-09-04,Call,14.5,,,False
2026-06-18,UUUUI042601500.U^I26,UUUU,2026-09-04,Call,15.0,,,False
2026-06-18,UUUUI042601550.U^I26,UUUU,2026-09-04,Call,15.5,,,False
2026-06-18,UUUUI042601600.U^I26,UUUU,2026-09-04,Call,16.0,,,False
2026-06-18,UUUUI042601650.U^I26,UUUU,2026-09-04,Call,16.5,,,False
2026-06-18,UUUUI042601700.U^I26,UUUU,2026-09-04,Call,17.0,,,False
2026-06-18,UUUUI042601750.U^I26,UUUU,2026-09-04,Call,17.5,,,False
2026-06-18,UUUUI042601800.U^I26,UUUU,2026-09-04,Call,18.0,,,False
2026-06-18,UUUUI042601850.U^I26,UUUU,2026-09-04,Call,18.5,,,False
2026-06-18,UUUUR262601100.U^F26,UUUU,2026-06-26,Put,11.0,,,False
2026-06-18,UUUUR262601200.U^F26,UUUU,2026-06-26,Put,12.0,,,True
2026-06-18,UUUUR262601250.U^F26,UUUU,2026-06-26,Put,12.5,,0.01,True
2026-06-18,UUUUR262601300.U^F26,UUUU,2026-06-26,Put,13.0,0.03,0.04,True
2026-06-18,UUUUR262601350.U^F26,UUUU,2026-06-26,Put,13.5,,0.12,True
2026-06-18,UUUUR262601400.U^F26,UUUU,2026-06-26,Put,14.0,0.095,0.12,True
2026-06-18,UUUUR262601450.U^F26,UUUU,2026-06-26,Put,14.5,0.12,0.2,True
2026-06-18,UUUUR262601500.U^F26,UUUU,2026-06-26,Put,15.0,0.275,0.26,True
2026-06-18,UUUUR262601550.U^F26,UUUU,2026-06-26,Put,15.5,0.36,0.34,True
2026-06-18,UUUUR262601600.U^F26,UUUU,2026-06-26,Put,16.0,0.525,0.56,True
2026-06-18,UUUUR262601650.U^F26,UUUU,2026-06-26,Put,16.5,0.775,0.77,True
2026-06-18,UUUUR262601700.U^F26,UUUU,2026-06-26,Put,17.0,1.145,1.18,True
2026-06-18,UUUUR262601750.U^F26,UUUU,2026-06-26,Put,17.5,1.48,1.58,True
2026-06-18,UUUUR262601800.U^F26,UUUU,2026-06-26,Put,18.0,1.855,1.92,True
2026-06-18,UUUUR262601850.U^F26,UUUU,2026-06-26,Put,18.5,2.3,2.4,True
2026-06-18,UUUUS102601100.U^G26,UUUU,2026-07-10,Put,11.0,,0.1,True
2026-06-18,UUUUS102601150.U^G26,UUUU,2026-07-10,Put,11.5,,,False
2026-06-18,UUUUS102601200.U^G26,UUUU,2026-07-10,Put,12.0,0.175,0.17,True
2026-06-18,UUUUS102601250.U^G26,UUUU,2026-07-10,Put,12.5,,,False
2026-06-18,UUUUS102601300.U^G26,UUUU,2026-07-10,Put,13.0,0.225,0.24,True
2026-06-18,UUUUS102601350.U^G26,UUUU,2026-07-10,Put,13.5,0.295,0.31,True
2026-06-18,UUUUS102601400.U^G26,UUUU,2026-07-10,Put,14.0,0.415,0.4,True
2026-06-18,UUUUS102601450.U^G26,UUUU,2026-07-10,Put,14.5,0.56,0.51,True
2026-06-18,UUUUS102601500.U^G26,UUUU,2026-07-10,Put,15.0,0.705,0.72,True
2026-06-18,UUUUS102601550.U^G26,UUUU,2026-07-10,Put,15.5,0.885,0.81,True
2026-06-18,UUUUS102601600.U^G26,UUUU,2026-07-10,Put,16.0,1.08,1.14,True
2026-06-18,UUUUS102601650.U^G26,UUUU,2026-07-10,Put,16.5,1.395,1.52,True
2026-06-18,UUUUS102601700.U^G26,UUUU,2026-07-10,Put,17.0,1.66,1.6,True
2026-06-18,UUUUS102601750.U^G26,UUUU,2026-07-10,Put,17.5,1.99,1.78,True
2026-06-18,UUUUS102601800.U^G26,UUUU,2026-07-10,Put,18.0,2.345,,True
2026-06-18,UUUUS102601850.U^G26,UUUU,2026-07-10,Put,18.5,2.705,,True
2026-06-18,UUUUS172601100.U^G26,UUUU,2026-07-17,Put,11.0,0.115,0.11,True
2026-06-18,UUUUS172601150.U^G26,UUUU,2026-07-17,Put,11.5,,,False
2026-06-18,UUUUS172601200.U^G26,UUUU,2026-07-17,Put,12.0,0.205,0.19,True
2026-06-18,UUUUS172601250.U^G26,UUUU,2026-07-17,Put,12.5,,,False
2026-06-18,UUUUS172601300.U^G26,UUUU,2026-07-17,Put,13.0,0.32,0.33,True
2026-06-18,UUUUS172601350.U^G26,UUUU,2026-07-17,Put,13.5,,,False
2026-06-18,UUUUS172601400.U^G26,UUUU,2026-07-17,Put,14.0,0.575,0.51,True
2026-06-18,UUUUS172601450.U^G26,UUUU,2026-07-17,Put,14.5,,,False
2026-06-18,UUUUS172601500.U^G26,UUUU,2026-07-17,Put,15.0,0.885,0.95,True
2026-06-18,UUUUS172601550.U^G26,UUUU,2026-07-17,Put,15.5,,,False
2026-06-18,UUUUS172601600.U^G26,UUUU,2026-07-17,Put,16.0,1.325,1.25,True
2026-06-18,UUUUS172601650.U^G26,UUUU,2026-07-17,Put,16.5,,,False
2026-06-18,UUUUS172601700.U^G26,UUUU,2026-07-17,Put,17.0,1.85,1.84,True
2026-06-18,UUUUS172601750.U^G26,UUUU,2026-07-17,Put,17.5,,,False
2026-06-18,UUUUS172601800.U^G26,UUUU,2026-07-17,Put,18.0,2.535,2.4,True
2026-06-18,UUUUS172601850.U^G26,UUUU,2026-07-17,Put,18.5,,,False
2026-06-18,UUUUS242601050.U^G26,UUUU,2026-07-24,Put,10.5,,,False
2026-06-18,UUUUS242601100.U^G26,UUUU,2026-07-24,Put,11.0,0.155,,True
2026-06-18,UUUUS242601150.U^G26,UUUU,2026-07-24,Put,11.5,,,False
2026-06-18,UUUUS242601200.U^G26,UUUU,2026-07-24,Put,12.0,0.24,0.25,True
2026-06-18,UUUUS242601250.U^G26,UUUU,2026-07-24,Put,12.5,,,False
2026-06-18,UUUUS242601300.U^G26,UUUU,2026-07-24,Put,13.0,0.44,0.43,True
2026-06-18,UUUUS242601350.U^G26,UUUU,2026-07-24,Put,13.5,0.5,0.5,True
2026-06-18,UUUUS242601400.U^G26,UUUU,2026-07-24,Put,14.0,0.675,0.62,True
2026-06-18,UUUUS242601450.U^G26,UUUU,2026-07-24,Put,14.5,0.84,0.72,True
2026-06-18,UUUUS242601500.U^G26,UUUU,2026-07-24,Put,15.0,1.02,1.11,True
2026-06-18,UUUUS242601550.U^G26,UUUU,2026-07-24,Put,15.5,1.245,1.25,True
2026-06-18,UUUUS242601600.U^G26,UUUU,2026-07-24,Put,16.0,1.52,1.54,True
2026-06-18,UUUUS242601650.U^G26,UUUU,2026-07-24,Put,16.5,1.725,,True
2026-06-18,UUUUS242601700.U^G26,UUUU,2026-07-24,Put,17.0,2.03,1.87,True
2026-06-18,UUUUS242601750.U^G26,UUUU,2026-07-24,Put,17.5,2.335,,True
2026-06-18,UUUUS242601800.U^G26,UUUU,2026-07-24,Put,18.0,2.67,,True
2026-06-18,UUUUS242601850.U^G26,UUUU,2026-07-24,Put,18.5,3.04,,True
2026-06-18,UUUUS312601050.U^G26,UUUU,2026-07-31,Put,10.5,0.205,0.11,True
2026-06-18,UUUUS312601100.U^G26,UUUU,2026-07-31,Put,11.0,0.215,0.2,True
2026-06-18,UUUUS312601150.U^G26,UUUU,2026-07-31,Put,11.5,0.225,,True
2026-06-18,UUUUS312601200.U^G26,UUUU,2026-07-31,Put,12.0,0.305,,True
2026-06-18,UUUUS312601250.U^G26,UUUU,2026-07-31,Put,12.5,0.385,,True
2026-06-18,UUUUS312601300.U^G26,UUUU,2026-07-31,Put,13.0,0.51,0.53,True
2026-06-18,UUUUS312601350.U^G26,UUUU,2026-07-31,Put,13.5,0.635,,True
2026-06-18,UUUUS312601400.U^G26,UUUU,2026-07-31,Put,14.0,0.795,0.81,True
2026-06-18,UUUUS312601450.U^G26,UUUU,2026-07-31,Put,14.5,0.93,,True
2026-06-18,UUUUS312601500.U^G26,UUUU,2026-07-31,Put,15.0,1.185,1.25,True
2026-06-18,UUUUS312601550.U^G26,UUUU,2026-07-31,Put,15.5,1.41,1.45,True
2026-06-18,UUUUS312601600.U^G26,UUUU,2026-07-31,Put,16.0,1.63,1.68,True
2026-06-18,UUUUS312601650.U^G26,UUUU,2026-07-31,Put,16.5,1.905,,True
2026-06-18,UUUUS312601700.U^G26,UUUU,2026-07-31,Put,17.0,2.205,2.05,True
2026-06-18,UUUUS312601750.U^G26,UUUU,2026-07-31,Put,17.5,2.51,,True
2026-06-18,UUUUS312601800.U^G26,UUUU,2026-07-31,Put,18.0,2.89,2.7,True
2026-06-18,UUUUS312601850.U^G26,UUUU,2026-07-31,Put,18.5,3.16,,True
2026-06-18,UUUUT072601050.U^H26,UUUU,2026-08-07,Put,10.5,,,False
2026-06-18,UUUUT072601100.U^H26,UUUU,2026-08-07,Put,11.0,,,False
2026-06-18,UUUUT072601150.U^H26,UUUU,2026-08-07,Put,11.5,,,False
2026-06-18,UUUUT072601200.U^H26,UUUU,2026-08-07,Put,12.0,,,False
2026-06-18,UUUUT072601250.U^H26,UUUU,2026-08-07,Put,12.5,,,False
2026-06-18,UUUUT072601300.U^H26,UUUU,2026-08-07,Put,13.0,,,False
2026-06-18,UUUUT072601350.U^H26,UUUU,2026-08-07,Put,13.5,,,False
2026-06-18,UUUUT072601400.U^H26,UUUU,2026-08-07,Put,14.0,,,False
2026-06-18,UUUUT072601450.U^H26,UUUU,2026-08-07,Put,14.5,,,False
2026-06-18,UUUUT072601500.U^H26,UUUU,2026-08-07,Put,15.0,,,False
2026-06-18,UUUUT072601550.U^H26,UUUU,2026-08-07,Put,15.5,,,False
2026-06-18,UUUUT072601600.U^H26,UUUU,2026-08-07,Put,16.0,,,False
2026-06-18,UUUUT072601650.U^H26,UUUU,2026-08-07,Put,16.5,,,False
2026-06-18,UUUUT072601700.U^H26,UUUU,2026-08-07,Put,17.0,,,False
2026-06-18,UUUUT072601750.U^H26,UUUU,2026-08-07,Put,17.5,,,False
2026-06-18,UUUUT072601800.U^H26,UUUU,2026-08-07,Put,18.0,,,False
2026-06-18,UUUUT072601850.U^H26,UUUU,2026-08-07,Put,18.5,,,False
2026-06-18,UUUUT142601050.U^H26,UUUU,2026-08-14,Put,10.5,,,False
2026-06-18,UUUUT142601100.U^H26,UUUU,2026-08-14,Put,11.0,,,False
2026-06-18,UUUUT142601150.U^H26,UUUU,2026-08-14,Put,11.5,,,False
2026-06-18,UUUUT142601200.U^H26,UUUU,2026-08-14,Put,12.0,,,False
2026-06-18,UUUUT142601250.U^H26,UUUU,2026-08-14,Put,12.5,,,False
2026-06-18,UUUUT142601300.U^H26,UUUU,2026-08-14,Put,13.0,,,False
2026-06-18,UUUUT142601350.U^H26,UUUU,2026-08-14,Put,13.5,,,False
2026-06-18,UUUUT142601400.U^H26,UUUU,2026-08-14,Put,14.0,,,False
2026-06-18,UUUUT142601450.U^H26,UUUU,2026-08-14,Put,14.5,,,False
2026-06-18,UUUUT142601500.U^H26,UUUU,2026-08-14,Put,15.0,,,False
2026-06-18,UUUUT142601550.U^H26,UUUU,2026-08-14,Put,15.5,,,False
2026-06-18,UUUUT142601600.U^H26,UUUU,2026-08-14,Put,16.0,,,False
2026-06-18,UUUUT142601650.U^H26,UUUU,2026-08-14,Put,16.5,,,False
2026-06-18,UUUUT142601700.U^H26,UUUU,2026-08-14,Put,17.0,,,False
2026-06-18,UUUUT142601750.U^H26,UUUU,2026-08-14,Put,17.5,,,False
2026-06-18,UUUUT142601800.U^H26,UUUU,2026-08-14,Put,18.0,,,False
2026-06-18,UUUUT142601850.U^H26,UUUU,2026-08-14,Put,18.5,,,False
2026-06-18,UUUUT212601050.U^H26,UUUU,2026-08-21,Put,10.5,,,False
2026-06-18,UUUUT212601100.U^H26,UUUU,2026-08-21,Put,11.0,0.36,,True
2026-06-18,UUUUT212601150.U^H26,UUUU,2026-08-21,Put,11.5,,,False
2026-06-18,UUUUT212601200.U^H26,UUUU,2026-08-21,Put,12.0,0.565,,True
2026-06-18,UUUUT212601250.U^H26,UUUU,2026-08-21,Put,12.5,,,False
2026-06-18,UUUUT212601300.U^H26,UUUU,2026-08-21,Put,13.0,0.845,,True
2026-06-18,UUUUT212601350.U^H26,UUUU,2026-08-21,Put,13.5,,,False
2026-06-18,UUUUT212601400.U^H26,UUUU,2026-08-21,Put,14.0,1.195,1.17,True
2026-06-18,UUUUT212601450.U^H26,UUUU,2026-08-21,Put,14.5,,,False
2026-06-18,UUUUT212601500.U^H26,UUUU,2026-08-21,Put,15.0,1.57,1.65,True
2026-06-18,UUUUT212601550.U^H26,UUUU,2026-08-21,Put,15.5,,,False
2026-06-18,UUUUT212601600.U^H26,UUUU,2026-08-21,Put,16.0,2.0,2.1,True
2026-06-18,UUUUT212601650.U^H26,UUUU,2026-08-21,Put,16.5,,,False
2026-06-18,UUUUT212601700.U^H26,UUUU,2026-08-21,Put,17.0,2.58,2.7,True
2026-06-18,UUUUT212601750.U^H26,UUUU,2026-08-21,Put,17.5,,,False
2026-06-18,UUUUT212601800.U^H26,UUUU,2026-08-21,Put,18.0,3.225,,True
2026-06-18,UUUUT212601850.U^H26,UUUU,2026-08-21,Put,18.5,,,False
2026-06-18,UUUUT282601050.U^H26,UUUU,2026-08-28,Put,10.5,,,False
2026-06-18,UUUUT282601100.U^H26,UUUU,2026-08-28,Put,11.0,,,False
2026-06-18,UUUUT282601150.U^H26,UUUU,2026-08-28,Put,11.5,,,False
2026-06-18,UUUUT282601200.U^H26,UUUU,2026-08-28,Put,12.0,,,False
2026-06-18,UUUUT282601250.U^H26,UUUU,2026-08-28,Put,12.5,,,False
2026-06-18,UUUUT282601300.U^H26,UUUU,2026-08-28,Put,13.0,,,False
2026-06-18,UUUUT282601350.U^H26,UUUU,2026-08-28,Put,13.5,,,False
2026-06-18,UUUUT282601400.U^H26,UUUU,2026-08-28,Put,14.0,,,False
2026-06-18,UUUUT282601450.U^H26,UUUU,2026-08-28,Put,14.5,,,False
2026-06-18,UUUUT282601500.U^H26,UUUU,2026-08-28,Put,15.0,,,False
2026-06-18,UUUUT282601550.U^H26,UUUU,2026-08-28,Put,15.5,,,False
2026-06-18,UUUUT282601600.U^H26,UUUU,2026-08-28,Put,16.0,,,False
2026-06-18,UUUUT282601650.U^H26,UUUU,2026-08-28,Put,16.5,,,False
2026-06-18,UUUUT282601700.U^H26,UUUU,2026-08-28,Put,17.0,,,False
2026-06-18,UUUUT282601750.U^H26,UUUU,2026-08-28,Put,17.5,,,False
2026-06-18,UUUUT282601800.U^H26,UUUU,2026-08-28,Put,18.0,,,False
2026-06-18,UUUUT282601850.U^H26,UUUU,2026-08-28,Put,18.5,,,False
2026-06-18,UUUUU042601050.U^I26,UUUU,2026-09-04,Put,10.5,,,False
2026-06-18,UUUUU042601100.U^I26,UUUU,2026-09-04,Put,11.0,,,False
2026-06-18,UUUUU042601150.U^I26,UUUU,2026-09-04,Put,11.5,,,False
2026-06-18,UUUUU042601200.U^I26,UUUU,2026-09-04,Put,12.0,,,False
2026-06-18,UUUUU042601250.U^I26,UUUU,2026-09-04,Put,12.5,,,False
2026-06-18,UUUUU042601300.U^I26,UUUU,2026-09-04,Put,13.0,,,False
2026-06-18,UUUUU042601350.U^I26,UUUU,2026-09-04,Put,13.5,,,False
2026-06-18,UUUUU042601400.U^I26,UUUU,2026-09-04,Put,14.0,,,False
2026-06-18,UUUUU042601450.U^I26,UUUU,2026-09-04,Put,14.5,,,False
2026-06-18,UUUUU042601500.U^I26,UUUU,2026-09-04,Put,15.0,,,False
2026-06-18,UUUUU042601550.U^I26,UUUU,2026-09-04,Put,15.5,,,False
2026-06-18,UUUUU042601600.U^I26,UUUU,2026-09-04,Put,16.0,,,False
2026-06-18,UUUUU042601650.U^I26,UUUU,2026-09-04,Put,16.5,,,False
2026-06-18,UUUUU042601700.U^I26,UUUU,2026-09-04,Put,17.0,,,False
2026-06-18,UUUUU042601750.U^I26,UUUU,2026-09-04,Put,17.5,,,False
2026-06-18,UUUUU042601800.U^I26,UUUU,2026-09-04,Put,18.0,,,False
2026-06-18,UUUUU042601850.U^I26,UUUU,2026-09-04,Put,18.5,,,False
2026-06-22,UUUUF262601050.U^F26,UUUU,2026-06-26,Call,10.5,5.7,5.71,True
2026-06-22,UUUUF262601100.U^F26,UUUU,2026-06-26,Call,11.0,5.225,5.3,True
2026-06-22,UUUUF262601150.U^F26,UUUU,2026-06-26,Call,11.5,4.75,4.8,True
2026-06-22,UUUUF262601200.U^F26,UUUU,2026-06-26,Call,12.0,4.25,4.22,True
2026-06-22,UUUUF262601250.U^F26,UUUU,2026-06-26,Call,12.5,3.775,3.95,True
2026-06-22,UUUUF262601300.U^F26,UUUU,2026-06-26,Call,13.0,3.29,3.31,True
2026-06-22,UUUUF262601350.U^F26,UUUU,2026-06-26,Call,13.5,2.845,,True
2026-06-22,UUUUF262601400.U^F26,UUUU,2026-06-26,Call,14.0,2.43,2.37,True
2026-06-22,UUUUF262601450.U^F26,UUUU,2026-06-26,Call,14.5,1.915,2.0,True
2026-06-22,UUUUF262601500.U^F26,UUUU,2026-06-26,Call,15.0,1.385,1.49,True
2026-06-22,UUUUF262601550.U^F26,UUUU,2026-06-26,Call,15.5,1.05,1.11,True
2026-06-22,UUUUF262601600.U^F26,UUUU,2026-06-26,Call,16.0,0.755,0.74,True
2026-06-22,UUUUF262601650.U^F26,UUUU,2026-06-26,Call,16.5,0.5,0.52,True
2026-06-22,UUUUF262601700.U^F26,UUUU,2026-06-26,Call,17.0,0.33,0.33,True
2026-06-22,UUUUF262601750.U^F26,UUUU,2026-06-26,Call,17.5,0.2,0.21,True
2026-06-22,UUUUF262601800.U^F26,UUUU,2026-06-26,Call,18.0,0.115,0.13,True
2026-06-22,UUUUF262601850.U^F26,UUUU,2026-06-26,Call,18.5,0.065,0.08,True
2026-06-22,UUUUG102601100.U^G26,UUUU,2026-07-10,Call,11.0,5.35,,True
2026-06-22,UUUUG102601150.U^G26,UUUU,2026-07-10,Call,11.5,4.85,,True
2026-06-22,UUUUG102601200.U^G26,UUUU,2026-07-10,Call,12.0,4.325,4.0,True
2026-06-22,UUUUG102601250.U^G26,UUUU,2026-07-10,Call,12.5,3.9,,True
2026-06-22,UUUUG102601300.U^G26,UUUU,2026-07-10,Call,13.0,3.4,,True
2026-06-22,UUUUG102601350.U^G26,UUUU,2026-07-10,Call,13.5,3.08,,True
2026-06-22,UUUUG102601400.U^G26,UUUU,2026-07-10,Call,14.0,2.665,2.7,True
2026-06-22,UUUUG102601450.U^G26,UUUU,2026-07-10,Call,14.5,2.27,,True
2026-06-22,UUUUG102601500.U^G26,UUUU,2026-07-10,Call,15.0,1.925,,True
2026-06-22,UUUUG102601550.U^G26,UUUU,2026-07-10,Call,15.5,1.615,1.7,True
2026-06-22,UUUUG102601600.U^G26,UUUU,2026-07-10,Call,16.0,1.355,1.42,True
2026-06-22,UUUUG102601650.U^G26,UUUU,2026-07-10,Call,16.5,1.095,1.23,True
2026-06-22,UUUUG102601700.U^G26,UUUU,2026-07-10,Call,17.0,0.88,1.0,True
2026-06-22,UUUUG102601750.U^G26,UUUU,2026-07-10,Call,17.5,0.725,0.78,True
2026-06-22,UUUUG102601800.U^G26,UUUU,2026-07-10,Call,18.0,0.615,0.68,True
2026-06-22,UUUUG102601850.U^G26,UUUU,2026-07-10,Call,18.5,0.5,0.5,True
2026-06-22,UUUUG172601100.U^G26,UUUU,2026-07-17,Call,11.0,5.35,,True
2026-06-22,UUUUG172601150.U^G26,UUUU,2026-07-17,Call,11.5,4.8,,True
2026-06-22,UUUUG172601200.U^G26,UUUU,2026-07-17,Call,12.0,4.35,,True
2026-06-22,UUUUG172601250.U^G26,UUUU,2026-07-17,Call,12.5,4.0,,True
2026-06-22,UUUUG172601300.U^G26,UUUU,2026-07-17,Call,13.0,3.55,3.25,True
2026-06-22,UUUUG172601350.U^G26,UUUU,2026-07-17,Call,13.5,3.255,,True
2026-06-22,UUUUG172601400.U^G26,UUUU,2026-07-17,Call,14.0,2.84,2.64,True
2026-06-22,UUUUG172601450.U^G26,UUUU,2026-07-17,Call,14.5,2.4,,True
2026-06-22,UUUUG172601500.U^G26,UUUU,2026-07-17,Call,15.0,2.115,2.24,True
2026-06-22,UUUUG172601550.U^G26,UUUU,2026-07-17,Call,15.5,1.82,1.96,True
2026-06-22,UUUUG172601600.U^G26,UUUU,2026-07-17,Call,16.0,1.525,1.47,True
2026-06-22,UUUUG172601650.U^G26,UUUU,2026-07-17,Call,16.5,1.335,1.41,True
2026-06-22,UUUUG172601700.U^G26,UUUU,2026-07-17,Call,17.0,1.12,1.13,True
2026-06-22,UUUUG172601750.U^G26,UUUU,2026-07-17,Call,17.5,0.975,0.93,True
2026-06-22,UUUUG172601800.U^G26,UUUU,2026-07-17,Call,18.0,0.825,0.81,True
2026-06-22,UUUUG172601850.U^G26,UUUU,2026-07-17,Call,18.5,0.685,0.78,True
2026-06-22,UUUUG242601050.U^G26,UUUU,2026-07-24,Call,10.5,,,False
2026-06-22,UUUUG242601100.U^G26,UUUU,2026-07-24,Call,11.0,5.375,,True
2026-06-22,UUUUG242601150.U^G26,UUUU,2026-07-24,Call,11.5,,,False
2026-06-22,UUUUG242601200.U^G26,UUUU,2026-07-24,Call,12.0,4.5,,True
2026-06-22,UUUUG242601250.U^G26,UUUU,2026-07-24,Call,12.5,,,False
2026-06-22,UUUUG242601300.U^G26,UUUU,2026-07-24,Call,13.0,3.75,,True
2026-06-22,UUUUG242601350.U^G26,UUUU,2026-07-24,Call,13.5,3.325,,True
2026-06-22,UUUUG242601400.U^G26,UUUU,2026-07-24,Call,14.0,3.015,,True
2026-06-22,UUUUG242601450.U^G26,UUUU,2026-07-24,Call,14.5,2.59,,True
2026-06-22,UUUUG242601500.U^G26,UUUU,2026-07-24,Call,15.0,2.285,2.35,True
2026-06-22,UUUUG242601550.U^G26,UUUU,2026-07-24,Call,15.5,1.985,2.18,True
2026-06-22,UUUUG242601600.U^G26,UUUU,2026-07-24,Call,16.0,1.74,1.7,True
2026-06-22,UUUUG242601650.U^G26,UUUU,2026-07-24,Call,16.5,1.52,1.54,True
2026-06-22,UUUUG242601700.U^G26,UUUU,2026-07-24,Call,17.0,1.295,1.31,True
2026-06-22,UUUUG242601750.U^G26,UUUU,2026-07-24,Call,17.5,1.095,1.2,True
2026-06-22,UUUUG242601800.U^G26,UUUU,2026-07-24,Call,18.0,0.935,1.0,True
2026-06-22,UUUUG242601850.U^G26,UUUU,2026-07-24,Call,18.5,0.84,,True
2026-06-22,UUUUG312601050.U^G26,UUUU,2026-07-31,Call,10.5,5.85,,True
2026-06-22,UUUUG312601100.U^G26,UUUU,2026-07-31,Call,11.0,5.375,,True
2026-06-22,UUUUG312601150.U^G26,UUUU,2026-07-31,Call,11.5,5.0,,True
2026-06-22,UUUUG312601200.U^G26,UUUU,2026-07-31,Call,12.0,4.7,,True
2026-06-22,UUUUG312601250.U^G26,UUUU,2026-07-31,Call,12.5,4.325,,True
2026-06-22,UUUUG312601300.U^G26,UUUU,2026-07-31,Call,13.0,3.95,,True
2026-06-22,UUUUG312601350.U^G26,UUUU,2026-07-31,Call,13.5,3.425,,True
2026-06-22,UUUUG312601400.U^G26,UUUU,2026-07-31,Call,14.0,3.055,,True
2026-06-22,UUUUG312601450.U^G26,UUUU,2026-07-31,Call,14.5,2.795,,True
2026-06-22,UUUUG312601500.U^G26,UUUU,2026-07-31,Call,15.0,2.445,,True
2026-06-22,UUUUG312601550.U^G26,UUUU,2026-07-31,Call,15.5,2.16,,True
2026-06-22,UUUUG312601600.U^G26,UUUU,2026-07-31,Call,16.0,1.94,2.04,True
2026-06-22,UUUUG312601650.U^G26,UUUU,2026-07-31,Call,16.5,1.74,1.77,True
2026-06-22,UUUUG312601700.U^G26,UUUU,2026-07-31,Call,17.0,1.45,1.41,True
2026-06-22,UUUUG312601750.U^G26,UUUU,2026-07-31,Call,17.5,1.29,1.36,True
2026-06-22,UUUUG312601800.U^G26,UUUU,2026-07-31,Call,18.0,1.105,1.21,True
2026-06-22,UUUUG312601850.U^G26,UUUU,2026-07-31,Call,18.5,0.97,1.07,True
2026-06-22,UUUUH072601050.U^H26,UUUU,2026-08-07,Call,10.5,,,False
2026-06-22,UUUUH072601100.U^H26,UUUU,2026-08-07,Call,11.0,,,False
2026-06-22,UUUUH072601150.U^H26,UUUU,2026-08-07,Call,11.5,,,False
2026-06-22,UUUUH072601200.U^H26,UUUU,2026-08-07,Call,12.0,,,False
2026-06-22,UUUUH072601250.U^H26,UUUU,2026-08-07,Call,12.5,,,False
2026-06-22,UUUUH072601300.U^H26,UUUU,2026-08-07,Call,13.0,,,False
2026-06-22,UUUUH072601350.U^H26,UUUU,2026-08-07,Call,13.5,,,False
2026-06-22,UUUUH072601400.U^H26,UUUU,2026-08-07,Call,14.0,,,False
2026-06-22,UUUUH072601450.U^H26,UUUU,2026-08-07,Call,14.5,,,False
2026-06-22,UUUUH072601500.U^H26,UUUU,2026-08-07,Call,15.0,,,False
2026-06-22,UUUUH072601550.U^H26,UUUU,2026-08-07,Call,15.5,,,False
2026-06-22,UUUUH072601600.U^H26,UUUU,2026-08-07,Call,16.0,,,False
2026-06-22,UUUUH072601650.U^H26,UUUU,2026-08-07,Call,16.5,,,False
2026-06-22,UUUUH072601700.U^H26,UUUU,2026-08-07,Call,17.0,,,False
2026-06-22,UUUUH072601750.U^H26,UUUU,2026-08-07,Call,17.5,,,False
2026-06-22,UUUUH072601800.U^H26,UUUU,2026-08-07,Call,18.0,,,False
2026-06-22,UUUUH072601850.U^H26,UUUU,2026-08-07,Call,18.5,,,False
2026-06-22,UUUUH142601050.U^H26,UUUU,2026-08-14,Call,10.5,,,False
2026-06-22,UUUUH142601100.U^H26,UUUU,2026-08-14,Call,11.0,,,False
2026-06-22,UUUUH142601150.U^H26,UUUU,2026-08-14,Call,11.5,,,False
2026-06-22,UUUUH142601200.U^H26,UUUU,2026-08-14,Call,12.0,,,False
2026-06-22,UUUUH142601250.U^H26,UUUU,2026-08-14,Call,12.5,,,False
2026-06-22,UUUUH142601300.U^H26,UUUU,2026-08-14,Call,13.0,,,False
2026-06-22,UUUUH142601350.U^H26,UUUU,2026-08-14,Call,13.5,,,False
2026-06-22,UUUUH142601400.U^H26,UUUU,2026-08-14,Call,14.0,,,False
2026-06-22,UUUUH142601450.U^H26,UUUU,2026-08-14,Call,14.5,,,False
2026-06-22,UUUUH142601500.U^H26,UUUU,2026-08-14,Call,15.0,,,False
2026-06-22,UUUUH142601550.U^H26,UUUU,2026-08-14,Call,15.5,,,False
2026-06-22,UUUUH142601600.U^H26,UUUU,2026-08-14,Call,16.0,,,False
2026-06-22,UUUUH142601650.U^H26,UUUU,2026-08-14,Call,16.5,,,False
2026-06-22,UUUUH142601700.U^H26,UUUU,2026-08-14,Call,17.0,,,False
2026-06-22,UUUUH142601750.U^H26,UUUU,2026-08-14,Call,17.5,,,False
2026-06-22,UUUUH142601800.U^H26,UUUU,2026-08-14,Call,18.0,,,False
2026-06-22,UUUUH142601850.U^H26,UUUU,2026-08-14,Call,18.5,,,False
2026-06-22,UUUUH212601050.U^H26,UUUU,2026-08-21,Call,10.5,,,False
2026-06-22,UUUUH212601100.U^H26,UUUU,2026-08-21,Call,11.0,5.625,,True
2026-06-22,UUUUH212601150.U^H26,UUUU,2026-08-21,Call,11.5,,,False
2026-06-22,UUUUH212601200.U^H26,UUUU,2026-08-21,Call,12.0,4.95,,True
2026-06-22,UUUUH212601250.U^H26,UUUU,2026-08-21,Call,12.5,,,False
2026-06-22,UUUUH212601300.U^H26,UUUU,2026-08-21,Call,13.0,4.15,4.3,True
2026-06-22,UUUUH212601350.U^H26,UUUU,2026-08-21,Call,13.5,,,False
2026-06-22,UUUUH212601400.U^H26,UUUU,2026-08-21,Call,14.0,3.45,,True
2026-06-22,UUUUH212601450.U^H26,UUUU,2026-08-21,Call,14.5,,,False
2026-06-22,UUUUH212601500.U^H26,UUUU,2026-08-21,Call,15.0,2.925,3.05,True
2026-06-22,UUUUH212601550.U^H26,UUUU,2026-08-21,Call,15.5,,,False
2026-06-22,UUUUH212601600.U^H26,UUUU,2026-08-21,Call,16.0,2.455,2.49,True
2026-06-22,UUUUH212601650.U^H26,UUUU,2026-08-21,Call,16.5,,,False
2026-06-22,UUUUH212601700.U^H26,UUUU,2026-08-21,Call,17.0,2.025,2.2,True
2026-06-22,UUUUH212601750.U^H26,UUUU,2026-08-21,Call,17.5,,,False
2026-06-22,UUUUH212601800.U^H26,UUUU,2026-08-21,Call,18.0,1.67,1.7,True
2026-06-22,UUUUH212601850.U^H26,UUUU,2026-08-21,Call,18.5,,,False
2026-06-22,UUUUH282601050.U^H26,UUUU,2026-08-28,Call,10.5,,,False
2026-06-22,UUUUH282601100.U^H26,UUUU,2026-08-28,Call,11.0,,,False
2026-06-22,UUUUH282601150.U^H26,UUUU,2026-08-28,Call,11.5,,,False
2026-06-22,UUUUH282601200.U^H26,UUUU,2026-08-28,Call,12.0,,,False
2026-06-22,UUUUH282601250.U^H26,UUUU,2026-08-28,Call,12.5,,,False
2026-06-22,UUUUH282601300.U^H26,UUUU,2026-08-28,Call,13.0,,,False
2026-06-22,UUUUH282601350.U^H26,UUUU,2026-08-28,Call,13.5,,,False
2026-06-22,UUUUH282601400.U^H26,UUUU,2026-08-28,Call,14.0,,,False
2026-06-22,UUUUH282601450.U^H26,UUUU,2026-08-28,Call,14.5,,,False
2026-06-22,UUUUH282601500.U^H26,UUUU,2026-08-28,Call,15.0,,,False
2026-06-22,UUUUH282601550.U^H26,UUUU,2026-08-28,Call,15.5,,,False
2026-06-22,UUUUH282601600.U^H26,UUUU,2026-08-28,Call,16.0,,,False
2026-06-22,UUUUH282601650.U^H26,UUUU,2026-08-28,Call,16.5,,,False
2026-06-22,UUUUH282601700.U^H26,UUUU,2026-08-28,Call,17.0,,,False
2026-06-22,UUUUH282601750.U^H26,UUUU,2026-08-28,Call,17.5,,,False
2026-06-22,UUUUH282601800.U^H26,UUUU,2026-08-28,Call,18.0,,,False
2026-06-22,UUUUH282601850.U^H26,UUUU,2026-08-28,Call,18.5,,,False
2026-06-22,UUUUI042601050.U^I26,UUUU,2026-09-04,Call,10.5,,,False
2026-06-22,UUUUI042601100.U^I26,UUUU,2026-09-04,Call,11.0,,,False
2026-06-22,UUUUI042601150.U^I26,UUUU,2026-09-04,Call,11.5,,,False
2026-06-22,UUUUI042601200.U^I26,UUUU,2026-09-04,Call,12.0,,,False
2026-06-22,UUUUI042601250.U^I26,UUUU,2026-09-04,Call,12.5,,,False
2026-06-22,UUUUI042601300.U^I26,UUUU,2026-09-04,Call,13.0,,,False
2026-06-22,UUUUI042601350.U^I26,UUUU,2026-09-04,Call,13.5,,,False
2026-06-22,UUUUI042601400.U^I26,UUUU,2026-09-04,Call,14.0,,,False
2026-06-22,UUUUI042601450.U^I26,UUUU,2026-09-04,Call,14.5,,,False
2026-06-22,UUUUI042601500.U^I26,UUUU,2026-09-04,Call,15.0,,,False
2026-06-22,UUUUI042601550.U^I26,UUUU,2026-09-04,Call,15.5,,,False
2026-06-22,UUUUI042601600.U^I26,UUUU,2026-09-04,Call,16.0,,,False
2026-06-22,UUUUI042601650.U^I26,UUUU,2026-09-04,Call,16.5,,,False
2026-06-22,UUUUI042601700.U^I26,UUUU,2026-09-04,Call,17.0,,,False
2026-06-22,UUUUI042601750.U^I26,UUUU,2026-09-04,Call,17.5,,,False
2026-06-22,UUUUI042601800.U^I26,UUUU,2026-09-04,Call,18.0,,,False
2026-06-22,UUUUI042601850.U^I26,UUUU,2026-09-04,Call,18.5,,,False
2026-06-22,UUUUR262601100.U^F26,UUUU,2026-06-26,Put,11.0,,,False
2026-06-22,UUUUR262601200.U^F26,UUUU,2026-06-26,Put,12.0,,,True
2026-06-22,UUUUR262601250.U^F26,UUUU,2026-06-26,Put,12.5,,0.02,True
2026-06-22,UUUUR262601300.U^F26,UUUU,2026-06-26,Put,13.0,0.085,0.01,True
2026-06-22,UUUUR262601350.U^F26,UUUU,2026-06-26,Put,13.5,,0.04,True
2026-06-22,UUUUR262601400.U^F26,UUUU,2026-06-26,Put,14.0,0.095,0.07,True
2026-06-22,UUUUR262601450.U^F26,UUUU,2026-06-26,Put,14.5,0.13,0.11,True
2026-06-22,UUUUR262601500.U^F26,UUUU,2026-06-26,Put,15.0,0.23,0.22,True
2026-06-22,UUUUR262601550.U^F26,UUUU,2026-06-26,Put,15.5,0.375,0.45,True
2026-06-22,UUUUR262601600.U^F26,UUUU,2026-06-26,Put,16.0,0.6,0.6,True
2026-06-22,UUUUR262601650.U^F26,UUUU,2026-06-26,Put,16.5,0.86,0.79,True
2026-06-22,UUUUR262601700.U^F26,UUUU,2026-06-26,Put,17.0,1.18,1.19,True
2026-06-22,UUUUR262601750.U^F26,UUUU,2026-06-26,Put,17.5,1.555,1.52,True
2026-06-22,UUUUR262601800.U^F26,UUUU,2026-06-26,Put,18.0,2.03,1.73,True
2026-06-22,UUUUR262601850.U^F26,UUUU,2026-06-26,Put,18.5,2.425,2.32,True
2026-06-22,UUUUS102601100.U^G26,UUUU,2026-07-10,Put,11.0,,,True
2026-06-22,UUUUS102601150.U^G26,UUUU,2026-07-10,Put,11.5,,0.11,True
2026-06-22,UUUUS102601200.U^G26,UUUU,2026-07-10,Put,12.0,0.105,0.1,True
2026-06-22,UUUUS102601250.U^G26,UUUU,2026-07-10,Put,12.5,0.105,0.13,True
2026-06-22,UUUUS102601300.U^G26,UUUU,2026-07-10,Put,13.0,0.185,0.21,True
2026-06-22,UUUUS102601350.U^G26,UUUU,2026-07-10,Put,13.5,0.265,0.32,True
2026-06-22,UUUUS102601400.U^G26,UUUU,2026-07-10,Put,14.0,0.375,0.41,True
2026-06-22,UUUUS102601450.U^G26,UUUU,2026-07-10,Put,14.5,0.53,0.5,True
2026-06-22,UUUUS102601500.U^G26,UUUU,2026-07-10,Put,15.0,0.71,0.67,True
2026-06-22,UUUUS102601550.U^G26,UUUU,2026-07-10,Put,15.5,0.925,0.93,True
2026-06-22,UUUUS102601600.U^G26,UUUU,2026-07-10,Put,16.0,1.17,1.07,True
2026-06-22,UUUUS102601650.U^G26,UUUU,2026-07-10,Put,16.5,1.45,1.46,True
2026-06-22,UUUUS102601700.U^G26,UUUU,2026-07-10,Put,17.0,1.755,1.65,True
2026-06-22,UUUUS102601750.U^G26,UUUU,2026-07-10,Put,17.5,2.065,1.7,True
2026-06-22,UUUUS102601800.U^G26,UUUU,2026-07-10,Put,18.0,2.46,,True
2026-06-22,UUUUS102601850.U^G26,UUUU,2026-07-10,Put,18.5,2.835,2.69,True
2026-06-22,UUUUS172601100.U^G26,UUUU,2026-07-17,Put,11.0,0.095,0.1,True
2026-06-22,UUUUS172601150.U^G26,UUUU,2026-07-17,Put,11.5,0.12,,True
2026-06-22,UUUUS172601200.U^G26,UUUU,2026-07-17,Put,12.0,0.19,0.16,True
2026-06-22,UUUUS172601250.U^G26,UUUU,2026-07-17,Put,12.5,0.245,0.24,True
2026-06-22,UUUUS172601300.U^G26,UUUU,2026-07-17,Put,13.0,0.32,0.32,True
2026-06-22,UUUUS172601350.U^G26,UUUU,2026-07-17,Put,13.5,0.455,0.41,True
2026-06-22,UUUUS172601400.U^G26,UUUU,2026-07-17,Put,14.0,0.545,0.51,True
2026-06-22,UUUUS172601450.U^G26,UUUU,2026-07-17,Put,14.5,0.715,0.66,True
2026-06-22,UUUUS172601500.U^G26,UUUU,2026-07-17,Put,15.0,0.9,0.9,True
2026-06-22,UUUUS172601550.U^G26,UUUU,2026-07-17,Put,15.5,1.125,1.1,True
2026-06-22,UUUUS172601600.U^G26,UUUU,2026-07-17,Put,16.0,1.39,1.36,True
2026-06-22,UUUUS172601650.U^G26,UUUU,2026-07-17,Put,16.5,1.675,1.6,True
2026-06-22,UUUUS172601700.U^G26,UUUU,2026-07-17,Put,17.0,1.945,1.85,True
2026-06-22,UUUUS172601750.U^G26,UUUU,2026-07-17,Put,17.5,2.31,,True
2026-06-22,UUUUS172601800.U^G26,UUUU,2026-07-17,Put,18.0,2.625,2.39,True
2026-06-22,UUUUS172601850.U^G26,UUUU,2026-07-17,Put,18.5,2.98,2.9,True
2026-06-22,UUUUS242601050.U^G26,UUUU,2026-07-24,Put,10.5,,,False
2026-06-22,UUUUS242601100.U^G26,UUUU,2026-07-24,Put,11.0,0.155,,True
2026-06-22,UUUUS242601150.U^G26,UUUU,2026-07-24,Put,11.5,,,False
2026-06-22,UUUUS242601200.U^G26,UUUU,2026-07-24,Put,12.0,0.26,0.25,True
2026-06-22,UUUUS242601250.U^G26,UUUU,2026-07-24,Put,12.5,,,False
2026-06-22,UUUUS242601300.U^G26,UUUU,2026-07-24,Put,13.0,0.445,0.4,True
2026-06-22,UUUUS242601350.U^G26,UUUU,2026-07-24,Put,13.5,0.535,0.55,True
2026-06-22,UUUUS242601400.U^G26,UUUU,2026-07-24,Put,14.0,0.71,0.61,True
2026-06-22,UUUUS242601450.U^G26,UUUU,2026-07-24,Put,14.5,0.89,0.85,True
2026-06-22,UUUUS242601500.U^G26,UUUU,2026-07-24,Put,15.0,1.07,1.08,True
2026-06-22,UUUUS242601550.U^G26,UUUU,2026-07-24,Put,15.5,1.32,1.24,True
2026-06-22,UUUUS242601600.U^G26,UUUU,2026-07-24,Put,16.0,1.56,1.48,True
2026-06-22,UUUUS242601650.U^G26,UUUU,2026-07-24,Put,16.5,1.85,1.87,True
2026-06-22,UUUUS242601700.U^G26,UUUU,2026-07-24,Put,17.0,2.155,2.04,True
2026-06-22,UUUUS242601750.U^G26,UUUU,2026-07-24,Put,17.5,2.49,,True
2026-06-22,UUUUS242601800.U^G26,UUUU,2026-07-24,Put,18.0,2.785,,True
2026-06-22,UUUUS242601850.U^G26,UUUU,2026-07-24,Put,18.5,3.175,3.12,True
2026-06-22,UUUUS312601050.U^G26,UUUU,2026-07-31,Put,10.5,0.14,0.14,True
2026-06-22,UUUUS312601100.U^G26,UUUU,2026-07-31,Put,11.0,0.235,,True
2026-06-22,UUUUS312601150.U^G26,UUUU,2026-07-31,Put,11.5,0.27,,True
2026-06-22,UUUUS312601200.U^G26,UUUU,2026-07-31,Put,12.0,0.365,,True
2026-06-22,UUUUS312601250.U^G26,UUUU,2026-07-31,Put,12.5,0.42,0.42,True
2026-06-22,UUUUS312601300.U^G26,UUUU,2026-07-31,Put,13.0,0.53,0.5,True
2026-06-22,UUUUS312601350.U^G26,UUUU,2026-07-31,Put,13.5,0.69,0.63,True
2026-06-22,UUUUS312601400.U^G26,UUUU,2026-07-31,Put,14.0,0.86,0.81,True
2026-06-22,UUUUS312601450.U^G26,UUUU,2026-07-31,Put,14.5,0.995,0.98,True
2026-06-22,UUUUS312601500.U^G26,UUUU,2026-07-31,Put,15.0,1.16,1.19,True
2026-06-22,UUUUS312601550.U^G26,UUUU,2026-07-31,Put,15.5,1.47,1.51,True
2026-06-22,UUUUS312601600.U^G26,UUUU,2026-07-31,Put,16.0,1.67,1.81,True
2026-06-22,UUUUS312601650.U^G26,UUUU,2026-07-31,Put,16.5,1.995,1.99,True
2026-06-22,UUUUS312601700.U^G26,UUUU,2026-07-31,Put,17.0,2.325,2.26,True
2026-06-22,UUUUS312601750.U^G26,UUUU,2026-07-31,Put,17.5,2.55,,True
2026-06-22,UUUUS312601800.U^G26,UUUU,2026-07-31,Put,18.0,2.97,,True
2026-06-22,UUUUS312601850.U^G26,UUUU,2026-07-31,Put,18.5,3.325,3.25,True
2026-06-22,UUUUT072601050.U^H26,UUUU,2026-08-07,Put,10.5,,,False
2026-06-22,UUUUT072601100.U^H26,UUUU,2026-08-07,Put,11.0,,,False
2026-06-22,UUUUT072601150.U^H26,UUUU,2026-08-07,Put,11.5,,,False
2026-06-22,UUUUT072601200.U^H26,UUUU,2026-08-07,Put,12.0,,,False
2026-06-22,UUUUT072601250.U^H26,UUUU,2026-08-07,Put,12.5,,,False
2026-06-22,UUUUT072601300.U^H26,UUUU,2026-08-07,Put,13.0,,,False
2026-06-22,UUUUT072601350.U^H26,UUUU,2026-08-07,Put,13.5,,,False
2026-06-22,UUUUT072601400.U^H26,UUUU,2026-08-07,Put,14.0,,,False
2026-06-22,UUUUT072601450.U^H26,UUUU,2026-08-07,Put,14.5,,,False
2026-06-22,UUUUT072601500.U^H26,UUUU,2026-08-07,Put,15.0,,,False
2026-06-22,UUUUT072601550.U^H26,UUUU,2026-08-07,Put,15.5,,,False
2026-06-22,UUUUT072601600.U^H26,UUUU,2026-08-07,Put,16.0,,,False
2026-06-22,UUUUT072601650.U^H26,UUUU,2026-08-07,Put,16.5,,,False
2026-06-22,UUUUT072601700.U^H26,UUUU,2026-08-07,Put,17.0,,,False
2026-06-22,UUUUT072601750.U^H26,UUUU,2026-08-07,Put,17.5,,,False
2026-06-22,UUUUT072601800.U^H26,UUUU,2026-08-07,Put,18.0,,,False
2026-06-22,UUUUT072601850.U^H26,UUUU,2026-08-07,Put,18.5,,,False
2026-06-22,UUUUT142601050.U^H26,UUUU,2026-08-14,Put,10.5,,,False
2026-06-22,UUUUT142601100.U^H26,UUUU,2026-08-14,Put,11.0,,,False
2026-06-22,UUUUT142601150.U^H26,UUUU,2026-08-14,Put,11.5,,,False
2026-06-22,UUUUT142601200.U^H26,UUUU,2026-08-14,Put,12.0,,,False
2026-06-22,UUUUT142601250.U^H26,UUUU,2026-08-14,Put,12.5,,,False
2026-06-22,UUUUT142601300.U^H26,UUUU,2026-08-14,Put,13.0,,,False
2026-06-22,UUUUT142601350.U^H26,UUUU,2026-08-14,Put,13.5,,,False
2026-06-22,UUUUT142601400.U^H26,UUUU,2026-08-14,Put,14.0,,,False
2026-06-22,UUUUT142601450.U^H26,UUUU,2026-08-14,Put,14.5,,,False
2026-06-22,UUUUT142601500.U^H26,UUUU,2026-08-14,Put,15.0,,,False
2026-06-22,UUUUT142601550.U^H26,UUUU,2026-08-14,Put,15.5,,,False
2026-06-22,UUUUT142601600.U^H26,UUUU,2026-08-14,Put,16.0,,,False
2026-06-22,UUUUT142601650.U^H26,UUUU,2026-08-14,Put,16.5,,,False
2026-06-22,UUUUT142601700.U^H26,UUUU,2026-08-14,Put,17.0,,,False
2026-06-22,UUUUT142601750.U^H26,UUUU,2026-08-14,Put,17.5,,,False
2026-06-22,UUUUT142601800.U^H26,UUUU,2026-08-14,Put,18.0,,,False
2026-06-22,UUUUT142601850.U^H26,UUUU,2026-08-14,Put,18.5,,,False
2026-06-22,UUUUT212601050.U^H26,UUUU,2026-08-21,Put,10.5,,,False
2026-06-22,UUUUT212601100.U^H26,UUUU,2026-08-21,Put,11.0,0.37,0.36,True
2026-06-22,UUUUT212601150.U^H26,UUUU,2026-08-21,Put,11.5,,,False
2026-06-22,UUUUT212601200.U^H26,UUUU,2026-08-21,Put,12.0,0.595,0.5,True
2026-06-22,UUUUT212601250.U^H26,UUUU,2026-08-21,Put,12.5,,,False
2026-06-22,UUUUT212601300.U^H26,UUUU,2026-08-21,Put,13.0,0.855,0.83,True
2026-06-22,UUUUT212601350.U^H26,UUUU,2026-08-21,Put,13.5,,,False
2026-06-22,UUUUT212601400.U^H26,UUUU,2026-08-21,Put,14.0,1.21,1.15,True
2026-06-22,UUUUT212601450.U^H26,UUUU,2026-08-21,Put,14.5,,,False
2026-06-22,UUUUT212601500.U^H26,UUUU,2026-08-21,Put,15.0,1.71,1.67,True
2026-06-22,UUUUT212601550.U^H26,UUUU,2026-08-21,Put,15.5,,,False
2026-06-22,UUUUT212601600.U^H26,UUUU,2026-08-21,Put,16.0,2.145,2.08,True
2026-06-22,UUUUT212601650.U^H26,UUUU,2026-08-21,Put,16.5,,,False
2026-06-22,UUUUT212601700.U^H26,UUUU,2026-08-21,Put,17.0,2.745,2.6,True
2026-06-22,UUUUT212601750.U^H26,UUUU,2026-08-21,Put,17.5,,,False
2026-06-22,UUUUT212601800.U^H26,UUUU,2026-08-21,Put,18.0,3.4,3.3,True
2026-06-22,UUUUT212601850.U^H26,UUUU,2026-08-21,Put,18.5,,,False
2026-06-22,UUUUT282601050.U^H26,UUUU,2026-08-28,Put,10.5,,,False
2026-06-22,UUUUT282601100.U^H26,UUUU,2026-08-28,Put,11.0,,,False
2026-06-22,UUUUT282601150.U^H26,UUUU,2026-08-28,Put,11.5,,,False
2026-06-22,UUUUT282601200.U^H26,UUUU,2026-08-28,Put,12.0,,,False
2026-06-22,UUUUT282601250.U^H26,UUUU,2026-08-28,Put,12.5,,,False
2026-06-22,UUUUT282601300.U^H26,UUUU,2026-08-28,Put,13.0,,,False
2026-06-22,UUUUT282601350.U^H26,UUUU,2026-08-28,Put,13.5,,,False
2026-06-22,UUUUT282601400.U^H26,UUUU,2026-08-28,Put,14.0,,,False
2026-06-22,UUUUT282601450.U^H26,UUUU,2026-08-28,Put,14.5,,,False
2026-06-22,UUUUT282601500.U^H26,UUUU,2026-08-28,Put,15.0,,,False
2026-06-22,UUUUT282601550.U^H26,UUUU,2026-08-28,Put,15.5,,,False
2026-06-22,UUUUT282601600.U^H26,UUUU,2026-08-28,Put,16.0,,,False
2026-06-22,UUUUT282601650.U^H26,UUUU,2026-08-28,Put,16.5,,,False
2026-06-22,UUUUT282601700.U^H26,UUUU,2026-08-28,Put,17.0,,,False
2026-06-22,UUUUT282601750.U^H26,UUUU,2026-08-28,Put,17.5,,,False
2026-06-22,UUUUT282601800.U^H26,UUUU,2026-08-28,Put,18.0,,,False
2026-06-22,UUUUT282601850.U^H26,UUUU,2026-08-28,Put,18.5,,,False
2026-06-22,UUUUU042601050.U^I26,UUUU,2026-09-04,Put,10.5,,,False
2026-06-22,UUUUU042601100.U^I26,UUUU,2026-09-04,Put,11.0,,,False
2026-06-22,UUUUU042601150.U^I26,UUUU,2026-09-04,Put,11.5,,,False
2026-06-22,UUUUU042601200.U^I26,UUUU,2026-09-04,Put,12.0,,,False
2026-06-22,UUUUU042601250.U^I26,UUUU,2026-09-04,Put,12.5,,,False
2026-06-22,UUUUU042601300.U^I26,UUUU,2026-09-04,Put,13.0,,,False
2026-06-22,UUUUU042601350.U^I26,UUUU,2026-09-04,Put,13.5,,,False
2026-06-22,UUUUU042601400.U^I26,UUUU,2026-09-04,Put,14.0,,,False
2026-06-22,UUUUU042601450.U^I26,UUUU,2026-09-04,Put,14.5,,,False
2026-06-22,UUUUU042601500.U^I26,UUUU,2026-09-04,Put,15.0,,,False
2026-06-22,UUUUU042601550.U^I26,UUUU,2026-09-04,Put,15.5,,,False
2026-06-22,UUUUU042601600.U^I26,UUUU,2026-09-04,Put,16.0,,,False
2026-06-22,UUUUU042601650.U^I26,UUUU,2026-09-04,Put,16.5,,,False
2026-06-22,UUUUU042601700.U^I26,UUUU,2026-09-04,Put,17.0,,,False
2026-06-22,UUUUU042601750.U^I26,UUUU,2026-09-04,Put,17.5,,,False
2026-06-22,UUUUU042601800.U^I26,UUUU,2026-09-04,Put,18.0,,,False
2026-06-22,UUUUU042601850.U^I26,UUUU,2026-09-04,Put,18.5,,,False
2026-06-23,UUUUF262601050.U^F26,UUUU,2026-06-26,Call,10.5,5.2,5.28,True
2026-06-23,UUUUF262601100.U^F26,UUUU,2026-06-26,Call,11.0,4.775,4.85,True
2026-06-23,UUUUF262601150.U^F26,UUUU,2026-06-26,Call,11.5,4.275,4.41,True
2026-06-23,UUUUF262601200.U^F26,UUUU,2026-06-26,Call,12.0,3.8,4.1,True
2026-06-23,UUUUF262601250.U^F26,UUUU,2026-06-26,Call,12.5,3.26,3.5,True
2026-06-23,UUUUF262601300.U^F26,UUUU,2026-06-26,Call,13.0,2.82,3.23,True
2026-06-23,UUUUF262601350.U^F26,UUUU,2026-06-26,Call,13.5,2.3,2.83,True
2026-06-23,UUUUF262601400.U^F26,UUUU,2026-06-26,Call,14.0,1.705,1.88,True
2026-06-23,UUUUF262601450.U^F26,UUUU,2026-06-26,Call,14.5,1.29,1.4,True
2026-06-23,UUUUF262601500.U^F26,UUUU,2026-06-26,Call,15.0,0.83,0.97,True
2026-06-23,UUUUF262601550.U^F26,UUUU,2026-06-26,Call,15.5,0.56,0.52,True
2026-06-23,UUUUF262601600.U^F26,UUUU,2026-06-26,Call,16.0,0.345,0.35,True
2026-06-23,UUUUF262601650.U^F26,UUUU,2026-06-26,Call,16.5,0.2,0.21,True
2026-06-23,UUUUF262601700.U^F26,UUUU,2026-06-26,Call,17.0,0.115,0.11,True
2026-06-23,UUUUF262601750.U^F26,UUUU,2026-06-26,Call,17.5,0.06,0.09,True
2026-06-23,UUUUF262601800.U^F26,UUUU,2026-06-26,Call,18.0,0.045,0.05,True
2026-06-23,UUUUF262601850.U^F26,UUUU,2026-06-26,Call,18.5,0.03,0.03,True
2026-06-23,UUUUG102601100.U^G26,UUUU,2026-07-10,Call,11.0,4.9,,True
2026-06-23,UUUUG102601150.U^G26,UUUU,2026-07-10,Call,11.5,4.35,,True
2026-06-23,UUUUG102601200.U^G26,UUUU,2026-07-10,Call,12.0,3.9,,True
2026-06-23,UUUUG102601250.U^G26,UUUU,2026-07-10,Call,12.5,3.325,,True
2026-06-23,UUUUG102601300.U^G26,UUUU,2026-07-10,Call,13.0,2.915,,True
2026-06-23,UUUUG102601350.U^G26,UUUU,2026-07-10,Call,13.5,2.585,,True
2026-06-23,UUUUG102601400.U^G26,UUUU,2026-07-10,Call,14.0,2.095,,True
2026-06-23,UUUUG102601450.U^G26,UUUU,2026-07-10,Call,14.5,1.785,,True
2026-06-23,UUUUG102601500.U^G26,UUUU,2026-07-10,Call,15.0,1.405,1.59,True
2026-06-23,UUUUG102601550.U^G26,UUUU,2026-07-10,Call,15.5,1.15,1.24,True
2026-06-23,UUUUG102601600.U^G26,UUUU,2026-07-10,Call,16.0,0.91,0.92,True
2026-06-23,UUUUG102601650.U^G26,UUUU,2026-07-10,Call,16.5,0.78,0.97,True
2026-06-23,UUUUG102601700.U^G26,UUUU,2026-07-10,Call,17.0,0.69,0.6,True
2026-06-23,UUUUG102601750.U^G26,UUUU,2026-07-10,Call,17.5,0.53,,True
2026-06-23,UUUUG102601800.U^G26,UUUU,2026-07-10,Call,18.0,0.44,0.41,True
2026-06-23,UUUUG102601850.U^G26,UUUU,2026-07-10,Call,18.5,0.255,0.38,True
2026-06-23,UUUUG172601100.U^G26,UUUU,2026-07-17,Call,11.0,4.95,,True
2026-06-23,UUUUG172601150.U^G26,UUUU,2026-07-17,Call,11.5,4.375,,True
2026-06-23,UUUUG172601200.U^G26,UUUU,2026-07-17,Call,12.0,3.85,,True
2026-06-23,UUUUG172601250.U^G26,UUUU,2026-07-17,Call,12.5,3.5,,True
2026-06-23,UUUUG172601300.U^G26,UUUU,2026-07-17,Call,13.0,3.055,3.2,True
2026-06-23,UUUUG172601350.U^G26,UUUU,2026-07-17,Call,13.5,2.7,,True
2026-06-23,UUUUG172601400.U^G26,UUUU,2026-07-17,Call,14.0,2.27,2.65,True
2026-06-23,UUUUG172601450.U^G26,UUUU,2026-07-17,Call,14.5,1.905,2.01,True
2026-06-23,UUUUG172601500.U^G26,UUUU,2026-07-17,Call,15.0,1.62,1.6,True
2026-06-23,UUUUG172601550.U^G26,UUUU,2026-07-17,Call,15.5,1.365,1.5,True
2026-06-23,UUUUG172601600.U^G26,UUUU,2026-07-17,Call,16.0,1.14,1.16,True
2026-06-23,UUUUG172601650.U^G26,UUUU,2026-07-17,Call,16.5,0.925,0.94,True
2026-06-23,UUUUG172601700.U^G26,UUUU,2026-07-17,Call,17.0,0.82,0.8,True
2026-06-23,UUUUG172601750.U^G26,UUUU,2026-07-17,Call,17.5,0.675,0.97,True
2026-06-23,UUUUG172601800.U^G26,UUUU,2026-07-17,Call,18.0,0.58,0.56,True
2026-06-23,UUUUG172601850.U^G26,UUUU,2026-07-17,Call,18.5,0.46,0.46,True
2026-06-23,UUUUG242601050.U^G26,UUUU,2026-07-24,Call,10.5,,,False
2026-06-23,UUUUG242601100.U^G26,UUUU,2026-07-24,Call,11.0,4.8,,True
2026-06-23,UUUUG242601150.U^G26,UUUU,2026-07-24,Call,11.5,,,False
2026-06-23,UUUUG242601200.U^G26,UUUU,2026-07-24,Call,12.0,4.0,,True
2026-06-23,UUUUG242601250.U^G26,UUUU,2026-07-24,Call,12.5,,,False
2026-06-23,UUUUG242601300.U^G26,UUUU,2026-07-24,Call,13.0,3.195,,True
2026-06-23,UUUUG242601350.U^G26,UUUU,2026-07-24,Call,13.5,2.78,,True
2026-06-23,UUUUG242601400.U^G26,UUUU,2026-07-24,Call,14.0,2.455,,True
2026-06-23,UUUUG242601450.U^G26,UUUU,2026-07-24,Call,14.5,2.145,,True
2026-06-23,UUUUG242601500.U^G26,UUUU,2026-07-24,Call,15.0,1.89,1.97,True
2026-06-23,UUUUG242601550.U^G26,UUUU,2026-07-24,Call,15.5,1.68,1.68,True
2026-06-23,UUUUG242601600.U^G26,UUUU,2026-07-24,Call,16.0,1.29,1.38,True
2026-06-23,UUUUG242601650.U^G26,UUUU,2026-07-24,Call,16.5,1.09,1.58,True
2026-06-23,UUUUG242601700.U^G26,UUUU,2026-07-24,Call,17.0,0.995,0.97,True
2026-06-23,UUUUG242601750.U^G26,UUUU,2026-07-24,Call,17.5,0.83,0.88,True
2026-06-23,UUUUG242601800.U^G26,UUUU,2026-07-24,Call,18.0,0.72,0.91,True
2026-06-23,UUUUG242601850.U^G26,UUUU,2026-07-24,Call,18.5,0.64,0.71,True
2026-06-23,UUUUG312601050.U^G26,UUUU,2026-07-31,Call,10.5,5.275,,True
2026-06-23,UUUUG312601100.U^G26,UUUU,2026-07-31,Call,11.0,4.85,,True
2026-06-23,UUUUG312601150.U^G26,UUUU,2026-07-31,Call,11.5,4.5,,True
2026-06-23,UUUUG312601200.U^G26,UUUU,2026-07-31,Call,12.0,4.1,,True
2026-06-23,UUUUG312601250.U^G26,UUUU,2026-07-31,Call,12.5,3.75,,True
2026-06-23,UUUUG312601300.U^G26,UUUU,2026-07-31,Call,13.0,3.35,3.46,True
2026-06-23,UUUUG312601350.U^G26,UUUU,2026-07-31,Call,13.5,2.955,,True
2026-06-23,UUUUG312601400.U^G26,UUUU,2026-07-31,Call,14.0,2.6,2.71,True
2026-06-23,UUUUG312601450.U^G26,UUUU,2026-07-31,Call,14.5,2.335,,True
2026-06-23,UUUUG312601500.U^G26,UUUU,2026-07-31,Call,15.0,2.07,2.43,True
2026-06-23,UUUUG312601550.U^G26,UUUU,2026-07-31,Call,15.5,1.84,1.83,True
2026-06-23,UUUUG312601600.U^G26,UUUU,2026-07-31,Call,16.0,1.57,1.58,True
2026-06-23,UUUUG312601650.U^G26,UUUU,2026-07-31,Call,16.5,1.375,1.31,True
2026-06-23,UUUUG312601700.U^G26,UUUU,2026-07-31,Call,17.0,1.215,1.1,True
2026-06-23,UUUUG312601750.U^G26,UUUU,2026-07-31,Call,17.5,1.05,,True
2026-06-23,UUUUG312601800.U^G26,UUUU,2026-07-31,Call,18.0,0.925,0.9,True
2026-06-23,UUUUG312601850.U^G26,UUUU,2026-07-31,Call,18.5,0.77,0.97,True
2026-06-23,UUUUH072601050.U^H26,UUUU,2026-08-07,Call,10.5,,,False
2026-06-23,UUUUH072601100.U^H26,UUUU,2026-08-07,Call,11.0,,,False
2026-06-23,UUUUH072601150.U^H26,UUUU,2026-08-07,Call,11.5,,,False
2026-06-23,UUUUH072601200.U^H26,UUUU,2026-08-07,Call,12.0,,,False
2026-06-23,UUUUH072601250.U^H26,UUUU,2026-08-07,Call,12.5,,,False
2026-06-23,UUUUH072601300.U^H26,UUUU,2026-08-07,Call,13.0,,,False
2026-06-23,UUUUH072601350.U^H26,UUUU,2026-08-07,Call,13.5,,,False
2026-06-23,UUUUH072601400.U^H26,UUUU,2026-08-07,Call,14.0,,,False
2026-06-23,UUUUH072601450.U^H26,UUUU,2026-08-07,Call,14.5,,,False
2026-06-23,UUUUH072601500.U^H26,UUUU,2026-08-07,Call,15.0,,,False
2026-06-23,UUUUH072601550.U^H26,UUUU,2026-08-07,Call,15.5,,,False
2026-06-23,UUUUH072601600.U^H26,UUUU,2026-08-07,Call,16.0,,,False
2026-06-23,UUUUH072601650.U^H26,UUUU,2026-08-07,Call,16.5,,,False
2026-06-23,UUUUH072601700.U^H26,UUUU,2026-08-07,Call,17.0,,,False
2026-06-23,UUUUH072601750.U^H26,UUUU,2026-08-07,Call,17.5,,,False
2026-06-23,UUUUH072601800.U^H26,UUUU,2026-08-07,Call,18.0,,,False
2026-06-23,UUUUH072601850.U^H26,UUUU,2026-08-07,Call,18.5,,,False
2026-06-23,UUUUH142601050.U^H26,UUUU,2026-08-14,Call,10.5,,,False
2026-06-23,UUUUH142601100.U^H26,UUUU,2026-08-14,Call,11.0,,,False
2026-06-23,UUUUH142601150.U^H26,UUUU,2026-08-14,Call,11.5,,,False
2026-06-23,UUUUH142601200.U^H26,UUUU,2026-08-14,Call,12.0,,,False
2026-06-23,UUUUH142601250.U^H26,UUUU,2026-08-14,Call,12.5,,,False
2026-06-23,UUUUH142601300.U^H26,UUUU,2026-08-14,Call,13.0,,,False
2026-06-23,UUUUH142601350.U^H26,UUUU,2026-08-14,Call,13.5,,,False
2026-06-23,UUUUH142601400.U^H26,UUUU,2026-08-14,Call,14.0,,,False
2026-06-23,UUUUH142601450.U^H26,UUUU,2026-08-14,Call,14.5,,,False
2026-06-23,UUUUH142601500.U^H26,UUUU,2026-08-14,Call,15.0,,,False
2026-06-23,UUUUH142601550.U^H26,UUUU,2026-08-14,Call,15.5,,,False
2026-06-23,UUUUH142601600.U^H26,UUUU,2026-08-14,Call,16.0,,,False
2026-06-23,UUUUH142601650.U^H26,UUUU,2026-08-14,Call,16.5,,,False
2026-06-23,UUUUH142601700.U^H26,UUUU,2026-08-14,Call,17.0,,,False
2026-06-23,UUUUH142601750.U^H26,UUUU,2026-08-14,Call,17.5,,,False
2026-06-23,UUUUH142601800.U^H26,UUUU,2026-08-14,Call,18.0,,,False
2026-06-23,UUUUH142601850.U^H26,UUUU,2026-08-14,Call,18.5,,,False
2026-06-23,UUUUH212601050.U^H26,UUUU,2026-08-21,Call,10.5,,,False
2026-06-23,UUUUH212601100.U^H26,UUUU,2026-08-21,Call,11.0,5.225,,True
2026-06-23,UUUUH212601150.U^H26,UUUU,2026-08-21,Call,11.5,,,False
2026-06-23,UUUUH212601200.U^H26,UUUU,2026-08-21,Call,12.0,4.4,,True
2026-06-23,UUUUH212601250.U^H26,UUUU,2026-08-21,Call,12.5,,,False
2026-06-23,UUUUH212601300.U^H26,UUUU,2026-08-21,Call,13.0,3.675,,True
2026-06-23,UUUUH212601350.U^H26,UUUU,2026-08-21,Call,13.5,,,False
2026-06-23,UUUUH212601400.U^H26,UUUU,2026-08-21,Call,14.0,3.05,,True
2026-06-23,UUUUH212601450.U^H26,UUUU,2026-08-21,Call,14.5,,,False
2026-06-23,UUUUH212601500.U^H26,UUUU,2026-08-21,Call,15.0,2.48,2.64,True
2026-06-23,UUUUH212601550.U^H26,UUUU,2026-08-21,Call,15.5,,,False
2026-06-23,UUUUH212601600.U^H26,UUUU,2026-08-21,Call,16.0,2.035,2.08,True
2026-06-23,UUUUH212601650.U^H26,UUUU,2026-08-21,Call,16.5,,,False
2026-06-23,UUUUH212601700.U^H26,UUUU,2026-08-21,Call,17.0,1.635,1.73,True
2026-06-23,UUUUH212601750.U^H26,UUUU,2026-08-21,Call,17.5,,,False
2026-06-23,UUUUH212601800.U^H26,UUUU,2026-08-21,Call,18.0,1.34,1.33,True
2026-06-23,UUUUH212601850.U^H26,UUUU,2026-08-21,Call,18.5,,,False
2026-06-23,UUUUH282601050.U^H26,UUUU,2026-08-28,Call,10.5,,,False
2026-06-23,UUUUH282601100.U^H26,UUUU,2026-08-28,Call,11.0,,,False
2026-06-23,UUUUH282601150.U^H26,UUUU,2026-08-28,Call,11.5,,,False
2026-06-23,UUUUH282601200.U^H26,UUUU,2026-08-28,Call,12.0,,,False
2026-06-23,UUUUH282601250.U^H26,UUUU,2026-08-28,Call,12.5,,,False
2026-06-23,UUUUH282601300.U^H26,UUUU,2026-08-28,Call,13.0,,,False
2026-06-23,UUUUH282601350.U^H26,UUUU,2026-08-28,Call,13.5,,,False
2026-06-23,UUUUH282601400.U^H26,UUUU,2026-08-28,Call,14.0,,,False
2026-06-23,UUUUH282601450.U^H26,UUUU,2026-08-28,Call,14.5,,,False
2026-06-23,UUUUH282601500.U^H26,UUUU,2026-08-28,Call,15.0,,,False
2026-06-23,UUUUH282601550.U^H26,UUUU,2026-08-28,Call,15.5,,,False
2026-06-23,UUUUH282601600.U^H26,UUUU,2026-08-28,Call,16.0,,,False
2026-06-23,UUUUH282601650.U^H26,UUUU,2026-08-28,Call,16.5,,,False
2026-06-23,UUUUH282601700.U^H26,UUUU,2026-08-28,Call,17.0,,,False
2026-06-23,UUUUH282601750.U^H26,UUUU,2026-08-28,Call,17.5,,,False
2026-06-23,UUUUH282601800.U^H26,UUUU,2026-08-28,Call,18.0,,,False
2026-06-23,UUUUH282601850.U^H26,UUUU,2026-08-28,Call,18.5,,,False
2026-06-23,UUUUI042601050.U^I26,UUUU,2026-09-04,Call,10.5,,,False
2026-06-23,UUUUI042601100.U^I26,UUUU,2026-09-04,Call,11.0,,,False
2026-06-23,UUUUI042601150.U^I26,UUUU,2026-09-04,Call,11.5,,,False
2026-06-23,UUUUI042601200.U^I26,UUUU,2026-09-04,Call,12.0,,,False
2026-06-23,UUUUI042601250.U^I26,UUUU,2026-09-04,Call,12.5,,,False
2026-06-23,UUUUI042601300.U^I26,UUUU,2026-09-04,Call,13.0,,,False
2026-06-23,UUUUI042601350.U^I26,UUUU,2026-09-04,Call,13.5,,,False
2026-06-23,UUUUI042601400.U^I26,UUUU,2026-09-04,Call,14.0,,,False
2026-06-23,UUUUI042601450.U^I26,UUUU,2026-09-04,Call,14.5,,,False
2026-06-23,UUUUI042601500.U^I26,UUUU,2026-09-04,Call,15.0,,,False
2026-06-23,UUUUI042601550.U^I26,UUUU,2026-09-04,Call,15.5,,,False
2026-06-23,UUUUI042601600.U^I26,UUUU,2026-09-04,Call,16.0,,,False
2026-06-23,UUUUI042601650.U^I26,UUUU,2026-09-04,Call,16.5,,,False
2026-06-23,UUUUI042601700.U^I26,UUUU,2026-09-04,Call,17.0,,,False
2026-06-23,UUUUI042601750.U^I26,UUUU,2026-09-04,Call,17.5,,,False
2026-06-23,UUUUI042601800.U^I26,UUUU,2026-09-04,Call,18.0,,,False
2026-06-23,UUUUI042601850.U^I26,UUUU,2026-09-04,Call,18.5,,,False
2026-06-23,UUUUR262601100.U^F26,UUUU,2026-06-26,Put,11.0,,,False
2026-06-23,UUUUR262601200.U^F26,UUUU,2026-06-26,Put,12.0,,,True
2026-06-23,UUUUR262601250.U^F26,UUUU,2026-06-26,Put,12.5,,,True
2026-06-23,UUUUR262601300.U^F26,UUUU,2026-06-26,Put,13.0,,0.01,True
2026-06-23,UUUUR262601350.U^F26,UUUU,2026-06-26,Put,13.5,,0.04,True
2026-06-23,UUUUR262601400.U^F26,UUUU,2026-06-26,Put,14.0,0.095,0.09,True
2026-06-23,UUUUR262601450.U^F26,UUUU,2026-06-26,Put,14.5,0.2,0.15,True
2026-06-23,UUUUR262601500.U^F26,UUUU,2026-06-26,Put,15.0,0.35,0.36,True
2026-06-23,UUUUR262601550.U^F26,UUUU,2026-06-26,Put,15.5,0.58,0.49,True
2026-06-23,UUUUR262601600.U^F26,UUUU,2026-06-26,Put,16.0,0.87,0.82,True
2026-06-23,UUUUR262601650.U^F26,UUUU,2026-06-26,Put,16.5,1.21,1.19,True
2026-06-23,UUUUR262601700.U^F26,UUUU,2026-06-26,Put,17.0,1.625,1.48,True
2026-06-23,UUUUR262601750.U^F26,UUUU,2026-06-26,Put,17.5,1.98,1.87,True
2026-06-23,UUUUR262601800.U^F26,UUUU,2026-06-26,Put,18.0,2.575,2.33,True
2026-06-23,UUUUR262601850.U^F26,UUUU,2026-06-26,Put,18.5,2.935,2.99,True
2026-06-23,UUUUS102601100.U^G26,UUUU,2026-07-10,Put,11.0,,,True
2026-06-23,UUUUS102601150.U^G26,UUUU,2026-07-10,Put,11.5,0.11,0.12,True
2026-06-23,UUUUS102601200.U^G26,UUUU,2026-07-10,Put,12.0,0.13,0.12,True
2026-06-23,UUUUS102601250.U^G26,UUUU,2026-07-10,Put,12.5,0.225,0.21,True
2026-06-23,UUUUS102601300.U^G26,UUUU,2026-07-10,Put,13.0,0.285,0.23,True
2026-06-23,UUUUS102601350.U^G26,UUUU,2026-07-10,Put,13.5,0.37,0.37,True
2026-06-23,UUUUS102601400.U^G26,UUUU,2026-07-10,Put,14.0,0.545,0.52,True
2026-06-23,UUUUS102601450.U^G26,UUUU,2026-07-10,Put,14.5,0.705,0.6,True
2026-06-23,UUUUS102601500.U^G26,UUUU,2026-07-10,Put,15.0,0.895,0.9,True
2026-06-23,UUUUS102601550.U^G26,UUUU,2026-07-10,Put,15.5,1.16,1.11,True
2026-06-23,UUUUS102601600.U^G26,UUUU,2026-07-10,Put,16.0,1.43,1.45,True
2026-06-23,UUUUS102601650.U^G26,UUUU,2026-07-10,Put,16.5,1.745,1.66,True
2026-06-23,UUUUS102601700.U^G26,UUUU,2026-07-10,Put,17.0,2.11,1.94,True
2026-06-23,UUUUS102601750.U^G26,UUUU,2026-07-10,Put,17.5,2.475,2.24,True
2026-06-23,UUUUS102601800.U^G26,UUUU,2026-07-10,Put,18.0,2.88,2.82,True
2026-06-23,UUUUS102601850.U^G26,UUUU,2026-07-10,Put,18.5,3.25,3.12,True
2026-06-23,UUUUS172601100.U^G26,UUUU,2026-07-17,Put,11.0,0.1,0.12,True
2026-06-23,UUUUS172601150.U^G26,UUUU,2026-07-17,Put,11.5,0.18,0.18,True
2026-06-23,UUUUS172601200.U^G26,UUUU,2026-07-17,Put,12.0,0.26,0.21,True
2026-06-23,UUUUS172601250.U^G26,UUUU,2026-07-17,Put,12.5,0.29,0.25,True
2026-06-23,UUUUS172601300.U^G26,UUUU,2026-07-17,Put,13.0,0.39,0.4,True
2026-06-23,UUUUS172601350.U^G26,UUUU,2026-07-17,Put,13.5,0.5,0.47,True
2026-06-23,UUUUS172601400.U^G26,UUUU,2026-07-17,Put,14.0,0.665,0.68,True
2026-06-23,UUUUS172601450.U^G26,UUUU,2026-07-17,Put,14.5,0.9,0.8,True
2026-06-23,UUUUS172601500.U^G26,UUUU,2026-07-17,Put,15.0,1.16,1.16,True
2026-06-23,UUUUS172601550.U^G26,UUUU,2026-07-17,Put,15.5,1.345,1.27,True
2026-06-23,UUUUS172601600.U^G26,UUUU,2026-07-17,Put,16.0,1.655,1.66,True
2026-06-23,UUUUS172601650.U^G26,UUUU,2026-07-17,Put,16.5,1.91,,True
2026-06-23,UUUUS172601700.U^G26,UUUU,2026-07-17,Put,17.0,2.255,2.07,True
2026-06-23,UUUUS172601750.U^G26,UUUU,2026-07-17,Put,17.5,2.64,,True
2026-06-23,UUUUS172601800.U^G26,UUUU,2026-07-17,Put,18.0,3.03,2.9,True
2026-06-23,UUUUS172601850.U^G26,UUUU,2026-07-17,Put,18.5,3.4,3.27,True
2026-06-23,UUUUS242601050.U^G26,UUUU,2026-07-24,Put,10.5,,,False
2026-06-23,UUUUS242601100.U^G26,UUUU,2026-07-24,Put,11.0,0.155,,True
2026-06-23,UUUUS242601150.U^G26,UUUU,2026-07-24,Put,11.5,,,False
2026-06-23,UUUUS242601200.U^G26,UUUU,2026-07-24,Put,12.0,0.295,,True
2026-06-23,UUUUS242601250.U^G26,UUUU,2026-07-24,Put,12.5,,,False
2026-06-23,UUUUS242601300.U^G26,UUUU,2026-07-24,Put,13.0,0.53,0.49,True
2026-06-23,UUUUS242601350.U^G26,UUUU,2026-07-24,Put,13.5,0.71,0.71,True
2026-06-23,UUUUS242601400.U^G26,UUUU,2026-07-24,Put,14.0,0.86,0.85,True
2026-06-23,UUUUS242601450.U^G26,UUUU,2026-07-24,Put,14.5,1.045,0.97,True
2026-06-23,UUUUS242601500.U^G26,UUUU,2026-07-24,Put,15.0,1.28,1.28,True
2026-06-23,UUUUS242601550.U^G26,UUUU,2026-07-24,Put,15.5,1.54,1.35,True
2026-06-23,UUUUS242601600.U^G26,UUUU,2026-07-24,Put,16.0,1.83,1.81,True
2026-06-23,UUUUS242601650.U^G26,UUUU,2026-07-24,Put,16.5,2.13,1.79,True
2026-06-23,UUUUS242601700.U^G26,UUUU,2026-07-24,Put,17.0,2.44,2.24,True
2026-06-23,UUUUS242601750.U^G26,UUUU,2026-07-24,Put,17.5,2.75,,True
2026-06-23,UUUUS242601800.U^G26,UUUU,2026-07-24,Put,18.0,3.2,3.09,True
2026-06-23,UUUUS242601850.U^G26,UUUU,2026-07-24,Put,18.5,3.525,3.29,True
2026-06-23,UUUUS312601050.U^G26,UUUU,2026-07-31,Put,10.5,0.135,0.16,True
2026-06-23,UUUUS312601100.U^G26,UUUU,2026-07-31,Put,11.0,0.165,0.3,True
2026-06-23,UUUUS312601150.U^G26,UUUU,2026-07-31,Put,11.5,0.295,0.22,True
2026-06-23,UUUUS312601200.U^G26,UUUU,2026-07-31,Put,12.0,0.385,0.36,True
2026-06-23,UUUUS312601250.U^G26,UUUU,2026-07-31,Put,12.5,0.49,,True
2026-06-23,UUUUS312601300.U^G26,UUUU,2026-07-31,Put,13.0,0.645,0.6,True
2026-06-23,UUUUS312601350.U^G26,UUUU,2026-07-31,Put,13.5,0.79,,True
2026-06-23,UUUUS312601400.U^G26,UUUU,2026-07-31,Put,14.0,0.95,0.9,True
2026-06-23,UUUUS312601450.U^G26,UUUU,2026-07-31,Put,14.5,1.23,1.1,True
2026-06-23,UUUUS312601500.U^G26,UUUU,2026-07-31,Put,15.0,1.465,,True
2026-06-23,UUUUS312601550.U^G26,UUUU,2026-07-31,Put,15.5,1.69,1.55,True
2026-06-23,UUUUS312601600.U^G26,UUUU,2026-07-31,Put,16.0,2.0,1.85,True
2026-06-23,UUUUS312601650.U^G26,UUUU,2026-07-31,Put,16.5,2.3,1.97,True
2026-06-23,UUUUS312601700.U^G26,UUUU,2026-07-31,Put,17.0,2.595,2.37,True
2026-06-23,UUUUS312601750.U^G26,UUUU,2026-07-31,Put,17.5,2.92,,True
2026-06-23,UUUUS312601800.U^G26,UUUU,2026-07-31,Put,18.0,3.3,3.3,True
2026-06-23,UUUUS312601850.U^G26,UUUU,2026-07-31,Put,18.5,3.7,,True
2026-06-23,UUUUT072601050.U^H26,UUUU,2026-08-07,Put,10.5,,,False
2026-06-23,UUUUT072601100.U^H26,UUUU,2026-08-07,Put,11.0,,,False
2026-06-23,UUUUT072601150.U^H26,UUUU,2026-08-07,Put,11.5,,,False
2026-06-23,UUUUT072601200.U^H26,UUUU,2026-08-07,Put,12.0,,,False
2026-06-23,UUUUT072601250.U^H26,UUUU,2026-08-07,Put,12.5,,,False
2026-06-23,UUUUT072601300.U^H26,UUUU,2026-08-07,Put,13.0,,,False
2026-06-23,UUUUT072601350.U^H26,UUUU,2026-08-07,Put,13.5,,,False
2026-06-23,UUUUT072601400.U^H26,UUUU,2026-08-07,Put,14.0,,,False
2026-06-23,UUUUT072601450.U^H26,UUUU,2026-08-07,Put,14.5,,,False
2026-06-23,UUUUT072601500.U^H26,UUUU,2026-08-07,Put,15.0,,,False
2026-06-23,UUUUT072601550.U^H26,UUUU,2026-08-07,Put,15.5,,,False
2026-06-23,UUUUT072601600.U^H26,UUUU,2026-08-07,Put,16.0,,,False
2026-06-23,UUUUT072601650.U^H26,UUUU,2026-08-07,Put,16.5,,,False
2026-06-23,UUUUT072601700.U^H26,UUUU,2026-08-07,Put,17.0,,,False
2026-06-23,UUUUT072601750.U^H26,UUUU,2026-08-07,Put,17.5,,,False
2026-06-23,UUUUT072601800.U^H26,UUUU,2026-08-07,Put,18.0,,,False
2026-06-23,UUUUT072601850.U^H26,UUUU,2026-08-07,Put,18.5,,,False
2026-06-23,UUUUT142601050.U^H26,UUUU,2026-08-14,Put,10.5,,,False
2026-06-23,UUUUT142601100.U^H26,UUUU,2026-08-14,Put,11.0,,,False
2026-06-23,UUUUT142601150.U^H26,UUUU,2026-08-14,Put,11.5,,,False
2026-06-23,UUUUT142601200.U^H26,UUUU,2026-08-14,Put,12.0,,,False
2026-06-23,UUUUT142601250.U^H26,UUUU,2026-08-14,Put,12.5,,,False
2026-06-23,UUUUT142601300.U^H26,UUUU,2026-08-14,Put,13.0,,,False
2026-06-23,UUUUT142601350.U^H26,UUUU,2026-08-14,Put,13.5,,,False
2026-06-23,UUUUT142601400.U^H26,UUUU,2026-08-14,Put,14.0,,,False
2026-06-23,UUUUT142601450.U^H26,UUUU,2026-08-14,Put,14.5,,,False
2026-06-23,UUUUT142601500.U^H26,UUUU,2026-08-14,Put,15.0,,,False
2026-06-23,UUUUT142601550.U^H26,UUUU,2026-08-14,Put,15.5,,,False
2026-06-23,UUUUT142601600.U^H26,UUUU,2026-08-14,Put,16.0,,,False
2026-06-23,UUUUT142601650.U^H26,UUUU,2026-08-14,Put,16.5,,,False
2026-06-23,UUUUT142601700.U^H26,UUUU,2026-08-14,Put,17.0,,,False
2026-06-23,UUUUT142601750.U^H26,UUUU,2026-08-14,Put,17.5,,,False
2026-06-23,UUUUT142601800.U^H26,UUUU,2026-08-14,Put,18.0,,,False
2026-06-23,UUUUT142601850.U^H26,UUUU,2026-08-14,Put,18.5,,,False
2026-06-23,UUUUT212601050.U^H26,UUUU,2026-08-21,Put,10.5,,,False
2026-06-23,UUUUT212601100.U^H26,UUUU,2026-08-21,Put,11.0,0.415,0.38,True
2026-06-23,UUUUT212601150.U^H26,UUUU,2026-08-21,Put,11.5,,,False
2026-06-23,UUUUT212601200.U^H26,UUUU,2026-08-21,Put,12.0,0.7,0.66,True
2026-06-23,UUUUT212601250.U^H26,UUUU,2026-08-21,Put,12.5,,,False
2026-06-23,UUUUT212601300.U^H26,UUUU,2026-08-21,Put,13.0,1.0,0.9,True
2026-06-23,UUUUT212601350.U^H26,UUUU,2026-08-21,Put,13.5,,,False
2026-06-23,UUUUT212601400.U^H26,UUUU,2026-08-21,Put,14.0,1.39,1.31,True
2026-06-23,UUUUT212601450.U^H26,UUUU,2026-08-21,Put,14.5,,,False
2026-06-23,UUUUT212601500.U^H26,UUUU,2026-08-21,Put,15.0,1.875,1.76,True
2026-06-23,UUUUT212601550.U^H26,UUUU,2026-08-21,Put,15.5,,,False
2026-06-23,UUUUT212601600.U^H26,UUUU,2026-08-21,Put,16.0,2.44,2.27,True
2026-06-23,UUUUT212601650.U^H26,UUUU,2026-08-21,Put,16.5,,,False
2026-06-23,UUUUT212601700.U^H26,UUUU,2026-08-21,Put,17.0,3.075,2.91,True
2026-06-23,UUUUT212601750.U^H26,UUUU,2026-08-21,Put,17.5,,,False
2026-06-23,UUUUT212601800.U^H26,UUUU,2026-08-21,Put,18.0,3.775,3.55,True
2026-06-23,UUUUT212601850.U^H26,UUUU,2026-08-21,Put,18.5,,,False
2026-06-23,UUUUT282601050.U^H26,UUUU,2026-08-28,Put,10.5,,,False
2026-06-23,UUUUT282601100.U^H26,UUUU,2026-08-28,Put,11.0,,,False
2026-06-23,UUUUT282601150.U^H26,UUUU,2026-08-28,Put,11.5,,,False
2026-06-23,UUUUT282601200.U^H26,UUUU,2026-08-28,Put,12.0,,,False
2026-06-23,UUUUT282601250.U^H26,UUUU,2026-08-28,Put,12.5,,,False
2026-06-23,UUUUT282601300.U^H26,UUUU,2026-08-28,Put,13.0,,,False
2026-06-23,UUUUT282601350.U^H26,UUUU,2026-08-28,Put,13.5,,,False
2026-06-23,UUUUT282601400.U^H26,UUUU,2026-08-28,Put,14.0,,,False
2026-06-23,UUUUT282601450.U^H26,UUUU,2026-08-28,Put,14.5,,,False
2026-06-23,UUUUT282601500.U^H26,UUUU,2026-08-28,Put,15.0,,,False
2026-06-23,UUUUT282601550.U^H26,UUUU,2026-08-28,Put,15.5,,,False
2026-06-23,UUUUT282601600.U^H26,UUUU,2026-08-28,Put,16.0,,,False
2026-06-23,UUUUT282601650.U^H26,UUUU,2026-08-28,Put,16.5,,,False
2026-06-23,UUUUT282601700.U^H26,UUUU,2026-08-28,Put,17.0,,,False
2026-06-23,UUUUT282601750.U^H26,UUUU,2026-08-28,Put,17.5,,,False
2026-06-23,UUUUT282601800.U^H26,UUUU,2026-08-28,Put,18.0,,,False
2026-06-23,UUUUT282601850.U^H26,UUUU,2026-08-28,Put,18.5,,,False
2026-06-23,UUUUU042601050.U^I26,UUUU,2026-09-04,Put,10.5,,,False
2026-06-23,UUUUU042601100.U^I26,UUUU,2026-09-04,Put,11.0,,,False
2026-06-23,UUUUU042601150.U^I26,UUUU,2026-09-04,Put,11.5,,,False
2026-06-23,UUUUU042601200.U^I26,UUUU,2026-09-04,Put,12.0,,,False
2026-06-23,UUUUU042601250.U^I26,UUUU,2026-09-04,Put,12.5,,,False
2026-06-23,UUUUU042601300.U^I26,UUUU,2026-09-04,Put,13.0,,,False
2026-06-23,UUUUU042601350.U^I26,UUUU,2026-09-04,Put,13.5,,,False
2026-06-23,UUUUU042601400.U^I26,UUUU,2026-09-04,Put,14.0,,,False
2026-06-23,UUUUU042601450.U^I26,UUUU,2026-09-04,Put,14.5,,,False
2026-06-23,UUUUU042601500.U^I26,UUUU,2026-09-04,Put,15.0,,,False
2026-06-23,UUUUU042601550.U^I26,UUUU,2026-09-04,Put,15.5,,,False
2026-06-23,UUUUU042601600.U^I26,UUUU,2026-09-04,Put,16.0,,,False
2026-06-23,UUUUU042601650.U^I26,UUUU,2026-09-04,Put,16.5,,,False
2026-06-23,UUUUU042601700.U^I26,UUUU,2026-09-04,Put,17.0,,,False
2026-06-23,UUUUU042601750.U^I26,UUUU,2026-09-04,Put,17.5,,,False
2026-06-23,UUUUU042601800.U^I26,UUUU,2026-09-04,Put,18.0,,,False
2026-06-23,UUUUU042601850.U^I26,UUUU,2026-09-04,Put,18.5,,,False
2026-06-24,UUUUF262601050.U^F26,UUUU,2026-06-26,Call,10.5,4.45,4.52,True
2026-06-24,UUUUF262601100.U^F26,UUUU,2026-06-26,Call,11.0,4.0,4.03,True
2026-06-24,UUUUF262601150.U^F26,UUUU,2026-06-26,Call,11.5,3.55,3.53,True
2026-06-24,UUUUF262601200.U^F26,UUUU,2026-06-26,Call,12.0,3.02,2.99,True
2026-06-24,UUUUF262601250.U^F26,UUUU,2026-06-26,Call,12.5,2.465,,True
2026-06-24,UUUUF262601300.U^F26,UUUU,2026-06-26,Call,13.0,1.995,2.11,True
2026-06-24,UUUUF262601350.U^F26,UUUU,2026-06-26,Call,13.5,1.45,1.65,True
2026-06-24,UUUUF262601400.U^F26,UUUU,2026-06-26,Call,14.0,1.04,0.95,True
2026-06-24,UUUUF262601450.U^F26,UUUU,2026-06-26,Call,14.5,0.695,0.9,True
2026-06-24,UUUUF262601500.U^F26,UUUU,2026-06-26,Call,15.0,0.46,0.46,True
2026-06-24,UUUUF262601550.U^F26,UUUU,2026-06-26,Call,15.5,0.285,0.17,True
2026-06-24,UUUUF262601600.U^F26,UUUU,2026-06-26,Call,16.0,0.12,0.13,True
2026-06-24,UUUUF262601650.U^F26,UUUU,2026-06-26,Call,16.5,0.07,0.07,True
2026-06-24,UUUUF262601700.U^F26,UUUU,2026-06-26,Call,17.0,0.035,0.03,True
2026-06-24,UUUUF262601750.U^F26,UUUU,2026-06-26,Call,17.5,0.025,0.02,True
2026-06-24,UUUUF262601800.U^F26,UUUU,2026-06-26,Call,18.0,0.015,0.02,True
2026-06-24,UUUUF262601850.U^F26,UUUU,2026-06-26,Call,18.5,0.02,0.02,True
2026-06-24,UUUUG102601100.U^G26,UUUU,2026-07-10,Call,11.0,4.05,,True
2026-06-24,UUUUG102601150.U^G26,UUUU,2026-07-10,Call,11.5,3.6,,True
2026-06-24,UUUUG102601200.U^G26,UUUU,2026-07-10,Call,12.0,3.02,,True
2026-06-24,UUUUG102601250.U^G26,UUUU,2026-07-10,Call,12.5,2.615,,True
2026-06-24,UUUUG102601300.U^G26,UUUU,2026-07-10,Call,13.0,2.24,2.18,True
2026-06-24,UUUUG102601350.U^G26,UUUU,2026-07-10,Call,13.5,1.925,,True
2026-06-24,UUUUG102601400.U^G26,UUUU,2026-07-10,Call,14.0,1.58,1.67,True
2026-06-24,UUUUG102601450.U^G26,UUUU,2026-07-10,Call,14.5,1.26,1.39,True
2026-06-24,UUUUG102601500.U^G26,UUUU,2026-07-10,Call,15.0,1.0,0.95,True
2026-06-24,UUUUG102601550.U^G26,UUUU,2026-07-10,Call,15.5,0.83,0.72,True
2026-06-24,UUUUG102601600.U^G26,UUUU,2026-07-10,Call,16.0,0.655,0.65,True
2026-06-24,UUUUG102601650.U^G26,UUUU,2026-07-10,Call,16.5,0.495,0.52,True
2026-06-24,UUUUG102601700.U^G26,UUUU,2026-07-10,Call,17.0,0.4,0.34,True
2026-06-24,UUUUG102601750.U^G26,UUUU,2026-07-10,Call,17.5,0.28,0.31,True
2026-06-24,UUUUG102601800.U^G26,UUUU,2026-07-10,Call,18.0,0.235,0.22,True
2026-06-24,UUUUG102601850.U^G26,UUUU,2026-07-10,Call,18.5,0.17,0.19,True
2026-06-24,UUUUG172601100.U^G26,UUUU,2026-07-17,Call,11.0,4.025,,True
2026-06-24,UUUUG172601150.U^G26,UUUU,2026-07-17,Call,11.5,3.55,,True
2026-06-24,UUUUG172601200.U^G26,UUUU,2026-07-17,Call,12.0,3.135,,True
2026-06-24,UUUUG172601250.U^G26,UUUU,2026-07-17,Call,12.5,2.74,3.1,True
2026-06-24,UUUUG172601300.U^G26,UUUU,2026-07-17,Call,13.0,2.355,2.48,True
2026-06-24,UUUUG172601350.U^G26,UUUU,2026-07-17,Call,13.5,2.12,,True
2026-06-24,UUUUG172601400.U^G26,UUUU,2026-07-17,Call,14.0,1.785,1.83,True
2026-06-24,UUUUG172601450.U^G26,UUUU,2026-07-17,Call,14.5,1.5,1.62,True
2026-06-24,UUUUG172601500.U^G26,UUUU,2026-07-17,Call,15.0,1.225,1.22,True
2026-06-24,UUUUG172601550.U^G26,UUUU,2026-07-17,Call,15.5,0.995,0.96,True
2026-06-24,UUUUG172601600.U^G26,UUUU,2026-07-17,Call,16.0,0.89,0.78,True
2026-06-24,UUUUG172601650.U^G26,UUUU,2026-07-17,Call,16.5,0.675,0.68,True
2026-06-24,UUUUG172601700.U^G26,UUUU,2026-07-17,Call,17.0,0.57,0.57,True
2026-06-24,UUUUG172601750.U^G26,UUUU,2026-07-17,Call,17.5,0.435,0.41,True
2026-06-24,UUUUG172601800.U^G26,UUUU,2026-07-17,Call,18.0,0.375,0.32,True
2026-06-24,UUUUG172601850.U^G26,UUUU,2026-07-17,Call,18.5,0.28,0.27,True
2026-06-24,UUUUG242601050.U^G26,UUUU,2026-07-24,Call,10.5,,,False
2026-06-24,UUUUG242601100.U^G26,UUUU,2026-07-24,Call,11.0,4.1,,True
2026-06-24,UUUUG242601150.U^G26,UUUU,2026-07-24,Call,11.5,,,False
2026-06-24,UUUUG242601200.U^G26,UUUU,2026-07-24,Call,12.0,3.3,3.3,True
2026-06-24,UUUUG242601250.U^G26,UUUU,2026-07-24,Call,12.5,,,False
2026-06-24,UUUUG242601300.U^G26,UUUU,2026-07-24,Call,13.0,2.46,,True
2026-06-24,UUUUG242601350.U^G26,UUUU,2026-07-24,Call,13.5,2.28,,True
2026-06-24,UUUUG242601400.U^G26,UUUU,2026-07-24,Call,14.0,1.995,,True
2026-06-24,UUUUG242601450.U^G26,UUUU,2026-07-24,Call,14.5,1.67,1.5,True
2026-06-24,UUUUG242601500.U^G26,UUUU,2026-07-24,Call,15.0,1.43,1.41,True
2026-06-24,UUUUG242601550.U^G26,UUUU,2026-07-24,Call,15.5,1.21,1.22,True
2026-06-24,UUUUG242601600.U^G26,UUUU,2026-07-24,Call,16.0,1.04,1.04,True
2026-06-24,UUUUG242601650.U^G26,UUUU,2026-07-24,Call,16.5,0.885,0.9,True
2026-06-24,UUUUG242601700.U^G26,UUUU,2026-07-24,Call,17.0,0.725,0.66,True
2026-06-24,UUUUG242601750.U^G26,UUUU,2026-07-24,Call,17.5,0.605,0.59,True
2026-06-24,UUUUG242601800.U^G26,UUUU,2026-07-24,Call,18.0,0.49,0.56,True
2026-06-24,UUUUG242601850.U^G26,UUUU,2026-07-24,Call,18.5,0.41,0.47,True
2026-06-24,UUUUG312601050.U^G26,UUUU,2026-07-31,Call,10.5,4.6,,True
2026-06-24,UUUUG312601100.U^G26,UUUU,2026-07-31,Call,11.0,4.2,4.16,True
2026-06-24,UUUUG312601150.U^G26,UUUU,2026-07-31,Call,11.5,3.775,,True
2026-06-24,UUUUG312601200.U^G26,UUUU,2026-07-31,Call,12.0,3.375,,True
2026-06-24,UUUUG312601250.U^G26,UUUU,2026-07-31,Call,12.5,3.06,,True
2026-06-24,UUUUG312601300.U^G26,UUUU,2026-07-31,Call,13.0,2.73,,True
2026-06-24,UUUUG312601350.U^G26,UUUU,2026-07-31,Call,13.5,2.365,,True
2026-06-24,UUUUG312601400.U^G26,UUUU,2026-07-31,Call,14.0,2.15,,True
2026-06-24,UUUUG312601450.U^G26,UUUU,2026-07-31,Call,14.5,1.885,1.8,True
2026-06-24,UUUUG312601500.U^G26,UUUU,2026-07-31,Call,15.0,1.61,1.72,True
2026-06-24,UUUUG312601550.U^G26,UUUU,2026-07-31,Call,15.5,1.345,1.46,True
2026-06-24,UUUUG312601600.U^G26,UUUU,2026-07-31,Call,16.0,1.225,1.11,True
2026-06-24,UUUUG312601650.U^G26,UUUU,2026-07-31,Call,16.5,1.095,1.04,True
2026-06-24,UUUUG312601700.U^G26,UUUU,2026-07-31,Call,17.0,0.88,0.77,True
2026-06-24,UUUUG312601750.U^G26,UUUU,2026-07-31,Call,17.5,0.75,0.71,True
2026-06-24,UUUUG312601800.U^G26,UUUU,2026-07-31,Call,18.0,0.615,0.65,True
2026-06-24,UUUUG312601850.U^G26,UUUU,2026-07-31,Call,18.5,0.555,0.68,True
2026-06-24,UUUUH072601050.U^H26,UUUU,2026-08-07,Call,10.5,,,False
2026-06-24,UUUUH072601100.U^H26,UUUU,2026-08-07,Call,11.0,,,False
2026-06-24,UUUUH072601150.U^H26,UUUU,2026-08-07,Call,11.5,,,False
2026-06-24,UUUUH072601200.U^H26,UUUU,2026-08-07,Call,12.0,,,False
2026-06-24,UUUUH072601250.U^H26,UUUU,2026-08-07,Call,12.5,,,False
2026-06-24,UUUUH072601300.U^H26,UUUU,2026-08-07,Call,13.0,,,False
2026-06-24,UUUUH072601350.U^H26,UUUU,2026-08-07,Call,13.5,,,False
2026-06-24,UUUUH072601400.U^H26,UUUU,2026-08-07,Call,14.0,,,False
2026-06-24,UUUUH072601450.U^H26,UUUU,2026-08-07,Call,14.5,,,False
2026-06-24,UUUUH072601500.U^H26,UUUU,2026-08-07,Call,15.0,,,False
2026-06-24,UUUUH072601550.U^H26,UUUU,2026-08-07,Call,15.5,,,False
2026-06-24,UUUUH072601600.U^H26,UUUU,2026-08-07,Call,16.0,,,False
2026-06-24,UUUUH072601650.U^H26,UUUU,2026-08-07,Call,16.5,,,False
2026-06-24,UUUUH072601700.U^H26,UUUU,2026-08-07,Call,17.0,,,False
2026-06-24,UUUUH072601750.U^H26,UUUU,2026-08-07,Call,17.5,,,False
2026-06-24,UUUUH072601800.U^H26,UUUU,2026-08-07,Call,18.0,,,False
2026-06-24,UUUUH072601850.U^H26,UUUU,2026-08-07,Call,18.5,,,False
2026-06-24,UUUUH142601050.U^H26,UUUU,2026-08-14,Call,10.5,,,False
2026-06-24,UUUUH142601100.U^H26,UUUU,2026-08-14,Call,11.0,,,False
2026-06-24,UUUUH142601150.U^H26,UUUU,2026-08-14,Call,11.5,,,False
2026-06-24,UUUUH142601200.U^H26,UUUU,2026-08-14,Call,12.0,,,False
2026-06-24,UUUUH142601250.U^H26,UUUU,2026-08-14,Call,12.5,,,False
2026-06-24,UUUUH142601300.U^H26,UUUU,2026-08-14,Call,13.0,,,False
2026-06-24,UUUUH142601350.U^H26,UUUU,2026-08-14,Call,13.5,,,False
2026-06-24,UUUUH142601400.U^H26,UUUU,2026-08-14,Call,14.0,,,False
2026-06-24,UUUUH142601450.U^H26,UUUU,2026-08-14,Call,14.5,,,False
2026-06-24,UUUUH142601500.U^H26,UUUU,2026-08-14,Call,15.0,,,False
2026-06-24,UUUUH142601550.U^H26,UUUU,2026-08-14,Call,15.5,,,False
2026-06-24,UUUUH142601600.U^H26,UUUU,2026-08-14,Call,16.0,,,False
2026-06-24,UUUUH142601650.U^H26,UUUU,2026-08-14,Call,16.5,,,False
2026-06-24,UUUUH142601700.U^H26,UUUU,2026-08-14,Call,17.0,,,False
2026-06-24,UUUUH142601750.U^H26,UUUU,2026-08-14,Call,17.5,,,False
2026-06-24,UUUUH142601800.U^H26,UUUU,2026-08-14,Call,18.0,,,False
2026-06-24,UUUUH142601850.U^H26,UUUU,2026-08-14,Call,18.5,,,False
2026-06-24,UUUUH212601050.U^H26,UUUU,2026-08-21,Call,10.5,,,False
2026-06-24,UUUUH212601100.U^H26,UUUU,2026-08-21,Call,11.0,4.5,4.33,True
2026-06-24,UUUUH212601150.U^H26,UUUU,2026-08-21,Call,11.5,,,False
2026-06-24,UUUUH212601200.U^H26,UUUU,2026-08-21,Call,12.0,3.7,,True
2026-06-24,UUUUH212601250.U^H26,UUUU,2026-08-21,Call,12.5,,,False
2026-06-24,UUUUH212601300.U^H26,UUUU,2026-08-21,Call,13.0,3.12,3.55,True
2026-06-24,UUUUH212601350.U^H26,UUUU,2026-08-21,Call,13.5,,,False
2026-06-24,UUUUH212601400.U^H26,UUUU,2026-08-21,Call,14.0,2.425,2.49,True
2026-06-24,UUUUH212601450.U^H26,UUUU,2026-08-21,Call,14.5,,,False
2026-06-24,UUUUH212601500.U^H26,UUUU,2026-08-21,Call,15.0,2.01,1.97,True
2026-06-24,UUUUH212601550.U^H26,UUUU,2026-08-21,Call,15.5,,,False
2026-06-24,UUUUH212601600.U^H26,UUUU,2026-08-21,Call,16.0,1.655,1.57,True
2026-06-24,UUUUH212601650.U^H26,UUUU,2026-08-21,Call,16.5,,,False
2026-06-24,UUUUH212601700.U^H26,UUUU,2026-08-21,Call,17.0,1.295,1.35,True
2026-06-24,UUUUH212601750.U^H26,UUUU,2026-08-21,Call,17.5,,,False
2026-06-24,UUUUH212601800.U^H26,UUUU,2026-08-21,Call,18.0,1.025,1.0,True
2026-06-24,UUUUH212601850.U^H26,UUUU,2026-08-21,Call,18.5,,,False
2026-06-24,UUUUH282601050.U^H26,UUUU,2026-08-28,Call,10.5,,,False
2026-06-24,UUUUH282601100.U^H26,UUUU,2026-08-28,Call,11.0,,,False
2026-06-24,UUUUH282601150.U^H26,UUUU,2026-08-28,Call,11.5,,,False
2026-06-24,UUUUH282601200.U^H26,UUUU,2026-08-28,Call,12.0,,,False
2026-06-24,UUUUH282601250.U^H26,UUUU,2026-08-28,Call,12.5,,,False
2026-06-24,UUUUH282601300.U^H26,UUUU,2026-08-28,Call,13.0,,,False
2026-06-24,UUUUH282601350.U^H26,UUUU,2026-08-28,Call,13.5,,,False
2026-06-24,UUUUH282601400.U^H26,UUUU,2026-08-28,Call,14.0,,,False
2026-06-24,UUUUH282601450.U^H26,UUUU,2026-08-28,Call,14.5,,,False
2026-06-24,UUUUH282601500.U^H26,UUUU,2026-08-28,Call,15.0,,,False
2026-06-24,UUUUH282601550.U^H26,UUUU,2026-08-28,Call,15.5,,,False
2026-06-24,UUUUH282601600.U^H26,UUUU,2026-08-28,Call,16.0,,,False
2026-06-24,UUUUH282601650.U^H26,UUUU,2026-08-28,Call,16.5,,,False
2026-06-24,UUUUH282601700.U^H26,UUUU,2026-08-28,Call,17.0,,,False
2026-06-24,UUUUH282601750.U^H26,UUUU,2026-08-28,Call,17.5,,,False
2026-06-24,UUUUH282601800.U^H26,UUUU,2026-08-28,Call,18.0,,,False
2026-06-24,UUUUH282601850.U^H26,UUUU,2026-08-28,Call,18.5,,,False
2026-06-24,UUUUI042601050.U^I26,UUUU,2026-09-04,Call,10.5,,,False
2026-06-24,UUUUI042601100.U^I26,UUUU,2026-09-04,Call,11.0,,,False
2026-06-24,UUUUI042601150.U^I26,UUUU,2026-09-04,Call,11.5,,,False
2026-06-24,UUUUI042601200.U^I26,UUUU,2026-09-04,Call,12.0,,,False
2026-06-24,UUUUI042601250.U^I26,UUUU,2026-09-04,Call,12.5,,,False
2026-06-24,UUUUI042601300.U^I26,UUUU,2026-09-04,Call,13.0,,,False
2026-06-24,UUUUI042601350.U^I26,UUUU,2026-09-04,Call,13.5,,,False
2026-06-24,UUUUI042601400.U^I26,UUUU,2026-09-04,Call,14.0,,,False
2026-06-24,UUUUI042601450.U^I26,UUUU,2026-09-04,Call,14.5,,,False
2026-06-24,UUUUI042601500.U^I26,UUUU,2026-09-04,Call,15.0,,,False
2026-06-24,UUUUI042601550.U^I26,UUUU,2026-09-04,Call,15.5,,,False
2026-06-24,UUUUI042601600.U^I26,UUUU,2026-09-04,Call,16.0,,,False
2026-06-24,UUUUI042601650.U^I26,UUUU,2026-09-04,Call,16.5,,,False
2026-06-24,UUUUI042601700.U^I26,UUUU,2026-09-04,Call,17.0,,,False
2026-06-24,UUUUI042601750.U^I26,UUUU,2026-09-04,Call,17.5,,,False
2026-06-24,UUUUI042601800.U^I26,UUUU,2026-09-04,Call,18.0,,,False
2026-06-24,UUUUI042601850.U^I26,UUUU,2026-09-04,Call,18.5,,,False
2026-06-24,UUUUR262601100.U^F26,UUUU,2026-06-26,Put,11.0,,0.05,True
2026-06-24,UUUUR262601200.U^F26,UUUU,2026-06-26,Put,12.0,,0.01,True
2026-06-24,UUUUR262601250.U^F26,UUUU,2026-06-26,Put,12.5,,0.01,True
2026-06-24,UUUUR262601300.U^F26,UUUU,2026-06-26,Put,13.0,,0.01,True
2026-06-24,UUUUR262601350.U^F26,UUUU,2026-06-26,Put,13.5,,0.07,True
2026-06-24,UUUUR262601400.U^F26,UUUU,2026-06-26,Put,14.0,0.135,0.17,True
2026-06-24,UUUUR262601450.U^F26,UUUU,2026-06-26,Put,14.5,0.235,0.33,True
2026-06-24,UUUUR262601500.U^F26,UUUU,2026-06-26,Put,15.0,0.465,0.46,True
2026-06-24,UUUUR262601550.U^F26,UUUU,2026-06-26,Put,15.5,0.765,0.92,True
2026-06-24,UUUUR262601600.U^F26,UUUU,2026-06-26,Put,16.0,1.205,1.2,True
2026-06-24,UUUUR262601650.U^F26,UUUU,2026-06-26,Put,16.5,1.61,1.67,True
2026-06-24,UUUUR262601700.U^F26,UUUU,2026-06-26,Put,17.0,2.165,2.29,True
2026-06-24,UUUUR262601750.U^F26,UUUU,2026-06-26,Put,17.5,2.705,2.75,True
2026-06-24,UUUUR262601800.U^F26,UUUU,2026-06-26,Put,18.0,3.175,2.78,True
2026-06-24,UUUUR262601850.U^F26,UUUU,2026-06-26,Put,18.5,3.625,3.85,True
2026-06-24,UUUUS102601100.U^G26,UUUU,2026-07-10,Put,11.0,0.065,0.07,True
2026-06-24,UUUUS102601150.U^G26,UUUU,2026-07-10,Put,11.5,0.17,,True
2026-06-24,UUUUS102601200.U^G26,UUUU,2026-07-10,Put,12.0,0.165,0.15,True
2026-06-24,UUUUS102601250.U^G26,UUUU,2026-07-10,Put,12.5,0.255,,True
2026-06-24,UUUUS102601300.U^G26,UUUU,2026-07-10,Put,13.0,0.28,0.32,True
2026-06-24,UUUUS102601350.U^G26,UUUU,2026-07-10,Put,13.5,0.41,0.46,True
2026-06-24,UUUUS102601400.U^G26,UUUU,2026-07-10,Put,14.0,0.575,0.64,True
2026-06-24,UUUUS102601450.U^G26,UUUU,2026-07-10,Put,14.5,0.75,0.82,True
2026-06-24,UUUUS102601500.U^G26,UUUU,2026-07-10,Put,15.0,1.005,1.14,True
2026-06-24,UUUUS102601550.U^G26,UUUU,2026-07-10,Put,15.5,1.3,1.46,True
2026-06-24,UUUUS102601600.U^G26,UUUU,2026-07-10,Put,16.0,1.63,1.69,True
2026-06-24,UUUUS102601650.U^G26,UUUU,2026-07-10,Put,16.5,2.04,2.14,True
2026-06-24,UUUUS102601700.U^G26,UUUU,2026-07-10,Put,17.0,2.46,2.48,True
2026-06-24,UUUUS102601750.U^G26,UUUU,2026-07-10,Put,17.5,2.825,2.94,True
2026-06-24,UUUUS102601800.U^G26,UUUU,2026-07-10,Put,18.0,3.35,3.47,True
2026-06-24,UUUUS102601850.U^G26,UUUU,2026-07-10,Put,18.5,3.775,,True
2026-06-24,UUUUS172601100.U^G26,UUUU,2026-07-17,Put,11.0,0.15,0.12,True
2026-06-24,UUUUS172601150.U^G26,UUUU,2026-07-17,Put,11.5,0.21,0.15,True
2026-06-24,UUUUS172601200.U^G26,UUUU,2026-07-17,Put,12.0,0.23,0.24,True
2026-06-24,UUUUS172601250.U^G26,UUUU,2026-07-17,Put,12.5,0.34,0.38,True
2026-06-24,UUUUS172601300.U^G26,UUUU,2026-07-17,Put,13.0,0.42,0.52,True
2026-06-24,UUUUS172601350.U^G26,UUUU,2026-07-17,Put,13.5,0.56,0.6,True
2026-06-24,UUUUS172601400.U^G26,UUUU,2026-07-17,Put,14.0,0.74,0.87,True
2026-06-24,UUUUS172601450.U^G26,UUUU,2026-07-17,Put,14.5,0.955,0.91,True
2026-06-24,UUUUS172601500.U^G26,UUUU,2026-07-17,Put,15.0,1.19,1.34,True
2026-06-24,UUUUS172601550.U^G26,UUUU,2026-07-17,Put,15.5,1.465,1.54,True
2026-06-24,UUUUS172601600.U^G26,UUUU,2026-07-17,Put,16.0,1.775,2.04,True
2026-06-24,UUUUS172601650.U^G26,UUUU,2026-07-17,Put,16.5,2.11,2.31,True
2026-06-24,UUUUS172601700.U^G26,UUUU,2026-07-17,Put,17.0,2.62,2.6,True
2026-06-24,UUUUS172601750.U^G26,UUUU,2026-07-17,Put,17.5,3.04,3.05,True
2026-06-24,UUUUS172601800.U^G26,UUUU,2026-07-17,Put,18.0,3.45,3.55,True
2026-06-24,UUUUS172601850.U^G26,UUUU,2026-07-17,Put,18.5,3.875,4.07,True
2026-06-24,UUUUS242601050.U^G26,UUUU,2026-07-24,Put,10.5,,,False
2026-06-24,UUUUS242601100.U^G26,UUUU,2026-07-24,Put,11.0,0.175,,True
2026-06-24,UUUUS242601150.U^G26,UUUU,2026-07-24,Put,11.5,,,False
2026-06-24,UUUUS242601200.U^G26,UUUU,2026-07-24,Put,12.0,0.305,0.36,True
2026-06-24,UUUUS242601250.U^G26,UUUU,2026-07-24,Put,12.5,,,False
2026-06-24,UUUUS242601300.U^G26,UUUU,2026-07-24,Put,13.0,0.545,0.6,True
2026-06-24,UUUUS242601350.U^G26,UUUU,2026-07-24,Put,13.5,0.68,0.72,True
2026-06-24,UUUUS242601400.U^G26,UUUU,2026-07-24,Put,14.0,0.9,0.94,True
2026-06-24,UUUUS242601450.U^G26,UUUU,2026-07-24,Put,14.5,1.12,1.19,True
2026-06-24,UUUUS242601500.U^G26,UUUU,2026-07-24,Put,15.0,1.365,1.57,True
2026-06-24,UUUUS242601550.U^G26,UUUU,2026-07-24,Put,15.5,1.65,1.71,True
2026-06-24,UUUUS242601600.U^G26,UUUU,2026-07-24,Put,16.0,1.955,2.21,True
2026-06-24,UUUUS242601650.U^G26,UUUU,2026-07-24,Put,16.5,2.3,,True
2026-06-24,UUUUS242601700.U^G26,UUUU,2026-07-24,Put,17.0,2.76,2.71,True
2026-06-24,UUUUS242601750.U^G26,UUUU,2026-07-24,Put,17.5,3.175,,True
2026-06-24,UUUUS242601800.U^G26,UUUU,2026-07-24,Put,18.0,3.55,3.74,True
2026-06-24,UUUUS242601850.U^G26,UUUU,2026-07-24,Put,18.5,3.975,4.2,True
2026-06-24,UUUUS312601050.U^G26,UUUU,2026-07-31,Put,10.5,0.215,,True
2026-06-24,UUUUS312601100.U^G26,UUUU,2026-07-31,Put,11.0,0.24,,True
2026-06-24,UUUUS312601150.U^G26,UUUU,2026-07-31,Put,11.5,0.38,0.48,True
2026-06-24,UUUUS312601200.U^G26,UUUU,2026-07-31,Put,12.0,0.41,0.37,True
2026-06-24,UUUUS312601250.U^G26,UUUU,2026-07-31,Put,12.5,0.535,0.55,True
2026-06-24,UUUUS312601300.U^G26,UUUU,2026-07-31,Put,13.0,0.705,0.78,True
2026-06-24,UUUUS312601350.U^G26,UUUU,2026-07-31,Put,13.5,0.815,,True
2026-06-24,UUUUS312601400.U^G26,UUUU,2026-07-31,Put,14.0,1.03,1.23,True
2026-06-24,UUUUS312601450.U^G26,UUUU,2026-07-31,Put,14.5,1.275,1.35,True
2026-06-24,UUUUS312601500.U^G26,UUUU,2026-07-31,Put,15.0,1.58,1.57,True
2026-06-24,UUUUS312601550.U^G26,UUUU,2026-07-31,Put,15.5,1.945,,True
2026-06-24,UUUUS312601600.U^G26,UUUU,2026-07-31,Put,16.0,2.25,2.21,True
2026-06-24,UUUUS312601650.U^G26,UUUU,2026-07-31,Put,16.5,2.545,,True
2026-06-24,UUUUS312601700.U^G26,UUUU,2026-07-31,Put,17.0,2.985,,True
2026-06-24,UUUUS312601750.U^G26,UUUU,2026-07-31,Put,17.5,3.3,,True
2026-06-24,UUUUS312601800.U^G26,UUUU,2026-07-31,Put,18.0,3.7,,True
2026-06-24,UUUUS312601850.U^G26,UUUU,2026-07-31,Put,18.5,4.125,,True
2026-06-24,UUUUT072601050.U^H26,UUUU,2026-08-07,Put,10.5,,,False
2026-06-24,UUUUT072601100.U^H26,UUUU,2026-08-07,Put,11.0,,,False
2026-06-24,UUUUT072601150.U^H26,UUUU,2026-08-07,Put,11.5,,,False
2026-06-24,UUUUT072601200.U^H26,UUUU,2026-08-07,Put,12.0,,,False
2026-06-24,UUUUT072601250.U^H26,UUUU,2026-08-07,Put,12.5,,,False
2026-06-24,UUUUT072601300.U^H26,UUUU,2026-08-07,Put,13.0,,,False
2026-06-24,UUUUT072601350.U^H26,UUUU,2026-08-07,Put,13.5,,,False
2026-06-24,UUUUT072601400.U^H26,UUUU,2026-08-07,Put,14.0,,,False
2026-06-24,UUUUT072601450.U^H26,UUUU,2026-08-07,Put,14.5,,,False
2026-06-24,UUUUT072601500.U^H26,UUUU,2026-08-07,Put,15.0,,,False
2026-06-24,UUUUT072601550.U^H26,UUUU,2026-08-07,Put,15.5,,,False
2026-06-24,UUUUT072601600.U^H26,UUUU,2026-08-07,Put,16.0,,,False
2026-06-24,UUUUT072601650.U^H26,UUUU,2026-08-07,Put,16.5,,,False
2026-06-24,UUUUT072601700.U^H26,UUUU,2026-08-07,Put,17.0,,,False
2026-06-24,UUUUT072601750.U^H26,UUUU,2026-08-07,Put,17.5,,,False
2026-06-24,UUUUT072601800.U^H26,UUUU,2026-08-07,Put,18.0,,,False
2026-06-24,UUUUT072601850.U^H26,UUUU,2026-08-07,Put,18.5,,,False
2026-06-24,UUUUT142601050.U^H26,UUUU,2026-08-14,Put,10.5,,,False
2026-06-24,UUUUT142601100.U^H26,UUUU,2026-08-14,Put,11.0,,,False
2026-06-24,UUUUT142601150.U^H26,UUUU,2026-08-14,Put,11.5,,,False
2026-06-24,UUUUT142601200.U^H26,UUUU,2026-08-14,Put,12.0,,,False
2026-06-24,UUUUT142601250.U^H26,UUUU,2026-08-14,Put,12.5,,,False
2026-06-24,UUUUT142601300.U^H26,UUUU,2026-08-14,Put,13.0,,,False
2026-06-24,UUUUT142601350.U^H26,UUUU,2026-08-14,Put,13.5,,,False
2026-06-24,UUUUT142601400.U^H26,UUUU,2026-08-14,Put,14.0,,,False
2026-06-24,UUUUT142601450.U^H26,UUUU,2026-08-14,Put,14.5,,,False
2026-06-24,UUUUT142601500.U^H26,UUUU,2026-08-14,Put,15.0,,,False
2026-06-24,UUUUT142601550.U^H26,UUUU,2026-08-14,Put,15.5,,,False
2026-06-24,UUUUT142601600.U^H26,UUUU,2026-08-14,Put,16.0,,,False
2026-06-24,UUUUT142601650.U^H26,UUUU,2026-08-14,Put,16.5,,,False
2026-06-24,UUUUT142601700.U^H26,UUUU,2026-08-14,Put,17.0,,,False
2026-06-24,UUUUT142601750.U^H26,UUUU,2026-08-14,Put,17.5,,,False
2026-06-24,UUUUT142601800.U^H26,UUUU,2026-08-14,Put,18.0,,,False
2026-06-24,UUUUT142601850.U^H26,UUUU,2026-08-14,Put,18.5,,,False
2026-06-24,UUUUT212601050.U^H26,UUUU,2026-08-21,Put,10.5,,,False
2026-06-24,UUUUT212601100.U^H26,UUUU,2026-08-21,Put,11.0,0.575,0.49,True
2026-06-24,UUUUT212601150.U^H26,UUUU,2026-08-21,Put,11.5,,,False
2026-06-24,UUUUT212601200.U^H26,UUUU,2026-08-21,Put,12.0,0.705,,True
2026-06-24,UUUUT212601250.U^H26,UUUU,2026-08-21,Put,12.5,,,False
2026-06-24,UUUUT212601300.U^H26,UUUU,2026-08-21,Put,13.0,1.0,1.01,True
2026-06-24,UUUUT212601350.U^H26,UUUU,2026-08-21,Put,13.5,,,False
2026-06-24,UUUUT212601400.U^H26,UUUU,2026-08-21,Put,14.0,1.39,1.47,True
2026-06-24,UUUUT212601450.U^H26,UUUU,2026-08-21,Put,14.5,,,False
2026-06-24,UUUUT212601500.U^H26,UUUU,2026-08-21,Put,15.0,1.94,2.08,True
2026-06-24,UUUUT212601550.U^H26,UUUU,2026-08-21,Put,15.5,,,False
2026-06-24,UUUUT212601600.U^H26,UUUU,2026-08-21,Put,16.0,2.505,2.52,True
2026-06-24,UUUUT212601650.U^H26,UUUU,2026-08-21,Put,16.5,,,False
2026-06-24,UUUUT212601700.U^H26,UUUU,2026-08-21,Put,17.0,3.225,3.23,True
2026-06-24,UUUUT212601750.U^H26,UUUU,2026-08-21,Put,17.5,,,False
2026-06-24,UUUUT212601800.U^H26,UUUU,2026-08-21,Put,18.0,4.025,4.07,True
2026-06-24,UUUUT212601850.U^H26,UUUU,2026-08-21,Put,18.5,,,False
2026-06-24,UUUUT282601050.U^H26,UUUU,2026-08-28,Put,10.5,,,False
2026-06-24,UUUUT282601100.U^H26,UUUU,2026-08-28,Put,11.0,,,False
2026-06-24,UUUUT282601150.U^H26,UUUU,2026-08-28,Put,11.5,,,False
2026-06-24,UUUUT282601200.U^H26,UUUU,2026-08-28,Put,12.0,,,False
2026-06-24,UUUUT282601250.U^H26,UUUU,2026-08-28,Put,12.5,,,False
2026-06-24,UUUUT282601300.U^H26,UUUU,2026-08-28,Put,13.0,,,False
2026-06-24,UUUUT282601350.U^H26,UUUU,2026-08-28,Put,13.5,,,False
2026-06-24,UUUUT282601400.U^H26,UUUU,2026-08-28,Put,14.0,,,False
2026-06-24,UUUUT282601450.U^H26,UUUU,2026-08-28,Put,14.5,,,False
2026-06-24,UUUUT282601500.U^H26,UUUU,2026-08-28,Put,15.0,,,False
2026-06-24,UUUUT282601550.U^H26,UUUU,2026-08-28,Put,15.5,,,False
2026-06-24,UUUUT282601600.U^H26,UUUU,2026-08-28,Put,16.0,,,False
2026-06-24,UUUUT282601650.U^H26,UUUU,2026-08-28,Put,16.5,,,False
2026-06-24,UUUUT282601700.U^H26,UUUU,2026-08-28,Put,17.0,,,False
2026-06-24,UUUUT282601750.U^H26,UUUU,2026-08-28,Put,17.5,,,False
2026-06-24,UUUUT282601800.U^H26,UUUU,2026-08-28,Put,18.0,,,False
2026-06-24,UUUUT282601850.U^H26,UUUU,2026-08-28,Put,18.5,,,False
2026-06-24,UUUUU042601050.U^I26,UUUU,2026-09-04,Put,10.5,,,False
2026-06-24,UUUUU042601100.U^I26,UUUU,2026-09-04,Put,11.0,,,False
2026-06-24,UUUUU042601150.U^I26,UUUU,2026-09-04,Put,11.5,,,False
2026-06-24,UUUUU042601200.U^I26,UUUU,2026-09-04,Put,12.0,,,False
2026-06-24,UUUUU042601250.U^I26,UUUU,2026-09-04,Put,12.5,,,False
2026-06-24,UUUUU042601300.U^I26,UUUU,2026-09-04,Put,13.0,,,False
2026-06-24,UUUUU042601350.U^I26,UUUU,2026-09-04,Put,13.5,,,False
2026-06-24,UUUUU042601400.U^I26,UUUU,2026-09-04,Put,14.0,,,False
2026-06-24,UUUUU042601450.U^I26,UUUU,2026-09-04,Put,14.5,,,False
2026-06-24,UUUUU042601500.U^I26,UUUU,2026-09-04,Put,15.0,,,False
2026-06-24,UUUUU042601550.U^I26,UUUU,2026-09-04,Put,15.5,,,False
2026-06-24,UUUUU042601600.U^I26,UUUU,2026-09-04,Put,16.0,,,False
2026-06-24,UUUUU042601650.U^I26,UUUU,2026-09-04,Put,16.5,,,False
2026-06-24,UUUUU042601700.U^I26,UUUU,2026-09-04,Put,17.0,,,False
2026-06-24,UUUUU042601750.U^I26,UUUU,2026-09-04,Put,17.5,,,False
2026-06-24,UUUUU042601800.U^I26,UUUU,2026-09-04,Put,18.0,,,False
2026-06-24,UUUUU042601850.U^I26,UUUU,2026-09-04,Put,18.5,,,False
2026-06-25,UUUUF262601050.U^F26,UUUU,2026-06-26,Call,10.5,4.25,,True
2026-06-25,UUUUF262601100.U^F26,UUUU,2026-06-26,Call,11.0,3.75,,True
2026-06-25,UUUUF262601150.U^F26,UUUU,2026-06-26,Call,11.5,3.175,3.18,True
2026-06-25,UUUUF262601200.U^F26,UUUU,2026-06-26,Call,12.0,2.69,2.69,True
2026-06-25,UUUUF262601250.U^F26,UUUU,2026-06-26,Call,12.5,2.17,2.18,True
2026-06-25,UUUUF262601300.U^F26,UUUU,2026-06-26,Call,13.0,1.65,1.79,True
2026-06-25,UUUUF262601350.U^F26,UUUU,2026-06-26,Call,13.5,1.085,1.08,True
2026-06-25,UUUUF262601400.U^F26,UUUU,2026-06-26,Call,14.0,0.625,0.66,True
2026-06-25,UUUUF262601450.U^F26,UUUU,2026-06-26,Call,14.5,0.345,0.25,True
2026-06-25,UUUUF262601500.U^F26,UUUU,2026-06-26,Call,15.0,0.11,0.1,True
2026-06-25,UUUUF262601550.U^F26,UUUU,2026-06-26,Call,15.5,0.065,0.08,True
2026-06-25,UUUUF262601600.U^F26,UUUU,2026-06-26,Call,16.0,0.04,0.06,True
2026-06-25,UUUUF262601650.U^F26,UUUU,2026-06-26,Call,16.5,0.04,0.02,True
2026-06-25,UUUUF262601700.U^F26,UUUU,2026-06-26,Call,17.0,0.04,0.02,True
2026-06-25,UUUUF262601750.U^F26,UUUU,2026-06-26,Call,17.5,0.015,0.01,True
2026-06-25,UUUUF262601800.U^F26,UUUU,2026-06-26,Call,18.0,0.02,0.02,True
2026-06-25,UUUUF262601850.U^F26,UUUU,2026-06-26,Call,18.5,,0.01,True
2026-06-25,UUUUG102601100.U^G26,UUUU,2026-07-10,Call,11.0,3.75,,True
2026-06-25,UUUUG102601150.U^G26,UUUU,2026-07-10,Call,11.5,3.255,,True
2026-06-25,UUUUG102601200.U^G26,UUUU,2026-07-10,Call,12.0,2.73,,True
2026-06-25,UUUUG102601250.U^G26,UUUU,2026-07-10,Call,12.5,2.3,,True
2026-06-25,UUUUG102601300.U^G26,UUUU,2026-07-10,Call,13.0,1.91,2.11,True
2026-06-25,UUUUG102601350.U^G26,UUUU,2026-07-10,Call,13.5,1.545,,True
2026-06-25,UUUUG102601400.U^G26,UUUU,2026-07-10,Call,14.0,1.105,1.29,True
2026-06-25,UUUUG102601450.U^G26,UUUU,2026-07-10,Call,14.5,0.91,0.98,True
2026-06-25,UUUUG102601500.U^G26,UUUU,2026-07-10,Call,15.0,0.71,0.87,True
2026-06-25,UUUUG102601550.U^G26,UUUU,2026-07-10,Call,15.5,0.535,0.7,True
2026-06-25,UUUUG102601600.U^G26,UUUU,2026-07-10,Call,16.0,0.375,0.5,True
2026-06-25,UUUUG102601650.U^G26,UUUU,2026-07-10,Call,16.5,0.28,0.41,True
2026-06-25,UUUUG102601700.U^G26,UUUU,2026-07-10,Call,17.0,0.22,0.25,True
2026-06-25,UUUUG102601750.U^G26,UUUU,2026-07-10,Call,17.5,0.2,0.19,True
2026-06-25,UUUUG102601800.U^G26,UUUU,2026-07-10,Call,18.0,0.15,0.14,True
2026-06-25,UUUUG102601850.U^G26,UUUU,2026-07-10,Call,18.5,0.115,0.1,True
2026-06-25,UUUUG172601100.U^G26,UUUU,2026-07-17,Call,11.0,3.725,,True
2026-06-25,UUUUG172601150.U^G26,UUUU,2026-07-17,Call,11.5,3.325,,True
2026-06-25,UUUUG172601200.U^G26,UUUU,2026-07-17,Call,12.0,2.785,,True
2026-06-25,UUUUG172601250.U^G26,UUUU,2026-07-17,Call,12.5,2.475,2.5,True
2026-06-25,UUUUG172601300.U^G26,UUUU,2026-07-17,Call,13.0,2.045,2.12,True
2026-06-25,UUUUG172601350.U^G26,UUUU,2026-07-17,Call,13.5,1.765,,True
2026-06-25,UUUUG172601400.U^G26,UUUU,2026-07-17,Call,14.0,1.325,1.5,True
2026-06-25,UUUUG172601450.U^G26,UUUU,2026-07-17,Call,14.5,1.1,1.18,True
2026-06-25,UUUUG172601500.U^G26,UUUU,2026-07-17,Call,15.0,0.905,0.95,True
2026-06-25,UUUUG172601550.U^G26,UUUU,2026-07-17,Call,15.5,0.7,0.86,True
2026-06-25,UUUUG172601600.U^G26,UUUU,2026-07-17,Call,16.0,0.555,0.62,True
2026-06-25,UUUUG172601650.U^G26,UUUU,2026-07-17,Call,16.5,0.47,0.59,True
2026-06-25,UUUUG172601700.U^G26,UUUU,2026-07-17,Call,17.0,0.355,0.38,True
2026-06-25,UUUUG172601750.U^G26,UUUU,2026-07-17,Call,17.5,0.295,0.3,True
2026-06-25,UUUUG172601800.U^G26,UUUU,2026-07-17,Call,18.0,0.265,0.24,True
2026-06-25,UUUUG172601850.U^G26,UUUU,2026-07-17,Call,18.5,0.2,0.23,True
2026-06-25,UUUUG242601050.U^G26,UUUU,2026-07-24,Call,10.5,,,False
2026-06-25,UUUUG242601100.U^G26,UUUU,2026-07-24,Call,11.0,3.775,,True
2026-06-25,UUUUG242601150.U^G26,UUUU,2026-07-24,Call,11.5,,,False
2026-06-25,UUUUG242601200.U^G26,UUUU,2026-07-24,Call,12.0,3.02,3.05,True
2026-06-25,UUUUG242601250.U^G26,UUUU,2026-07-24,Call,12.5,,,False
2026-06-25,UUUUG242601300.U^G26,UUUU,2026-07-24,Call,13.0,2.26,,True
2026-06-25,UUUUG242601350.U^G26,UUUU,2026-07-24,Call,13.5,1.88,,True
2026-06-25,UUUUG242601400.U^G26,UUUU,2026-07-24,Call,14.0,1.52,1.79,True
2026-06-25,UUUUG242601450.U^G26,UUUU,2026-07-24,Call,14.5,1.265,1.4,True
2026-06-25,UUUUG242601500.U^G26,UUUU,2026-07-24,Call,15.0,1.065,,True
2026-06-25,UUUUG242601550.U^G26,UUUU,2026-07-24,Call,15.5,0.885,0.95,True
2026-06-25,UUUUG242601600.U^G26,UUUU,2026-07-24,Call,16.0,0.745,0.74,True
2026-06-25,UUUUG242601650.U^G26,UUUU,2026-07-24,Call,16.5,0.61,0.84,True
2026-06-25,UUUUG242601700.U^G26,UUUU,2026-07-24,Call,17.0,0.495,0.54,True
2026-06-25,UUUUG242601750.U^G26,UUUU,2026-07-24,Call,17.5,0.4,0.35,True
2026-06-25,UUUUG242601800.U^G26,UUUU,2026-07-24,Call,18.0,0.355,0.41,True
2026-06-25,UUUUG242601850.U^G26,UUUU,2026-07-24,Call,18.5,0.31,0.35,True
2026-06-25,UUUUG312601050.U^G26,UUUU,2026-07-31,Call,10.5,4.275,,True
2026-06-25,UUUUG312601100.U^G26,UUUU,2026-07-31,Call,11.0,3.825,,True
2026-06-25,UUUUG312601150.U^G26,UUUU,2026-07-31,Call,11.5,3.425,,True
2026-06-25,UUUUG312601200.U^G26,UUUU,2026-07-31,Call,12.0,3.025,,True
2026-06-25,UUUUG312601250.U^G26,UUUU,2026-07-31,Call,12.5,2.685,,True
2026-06-25,UUUUG312601300.U^G26,UUUU,2026-07-31,Call,13.0,2.325,,True
2026-06-25,UUUUG312601350.U^G26,UUUU,2026-07-31,Call,13.5,2.055,2.15,True
2026-06-25,UUUUG312601400.U^G26,UUUU,2026-07-31,Call,14.0,1.79,,True
2026-06-25,UUUUG312601450.U^G26,UUUU,2026-07-31,Call,14.5,1.55,,True
2026-06-25,UUUUG312601500.U^G26,UUUU,2026-07-31,Call,15.0,1.255,1.44,True
2026-06-25,UUUUG312601550.U^G26,UUUU,2026-07-31,Call,15.5,1.1,1.25,True
2026-06-25,UUUUG312601600.U^G26,UUUU,2026-07-31,Call,16.0,0.935,1.05,True
2026-06-25,UUUUG312601650.U^G26,UUUU,2026-07-31,Call,16.5,0.885,,True
2026-06-25,UUUUG312601700.U^G26,UUUU,2026-07-31,Call,17.0,0.75,0.81,True
2026-06-25,UUUUG312601750.U^G26,UUUU,2026-07-31,Call,17.5,0.535,0.61,True
2026-06-25,UUUUG312601800.U^G26,UUUU,2026-07-31,Call,18.0,0.445,0.52,True
2026-06-25,UUUUG312601850.U^G26,UUUU,2026-07-31,Call,18.5,0.45,0.47,True
2026-06-25,UUUUH072601050.U^H26,UUUU,2026-08-07,Call,10.5,4.325,,True
2026-06-25,UUUUH072601100.U^H26,UUUU,2026-08-07,Call,11.0,3.875,,True
2026-06-25,UUUUH072601150.U^H26,UUUU,2026-08-07,Call,11.5,3.575,,True
2026-06-25,UUUUH072601200.U^H26,UUUU,2026-08-07,Call,12.0,3.2,,True
2026-06-25,UUUUH072601250.U^H26,UUUU,2026-08-07,Call,12.5,2.845,,True
2026-06-25,UUUUH072601300.U^H26,UUUU,2026-08-07,Call,13.0,2.495,,True
2026-06-25,UUUUH072601350.U^H26,UUUU,2026-08-07,Call,13.5,2.215,,True
2026-06-25,UUUUH072601400.U^H26,UUUU,2026-08-07,Call,14.0,1.995,,True
2026-06-25,UUUUH072601450.U^H26,UUUU,2026-08-07,Call,14.5,1.725,,True
2026-06-25,UUUUH072601500.U^H26,UUUU,2026-08-07,Call,15.0,1.5,,True
2026-06-25,UUUUH072601550.U^H26,UUUU,2026-08-07,Call,15.5,1.33,,True
2026-06-25,UUUUH072601600.U^H26,UUUU,2026-08-07,Call,16.0,1.195,,True
2026-06-25,UUUUH072601650.U^H26,UUUU,2026-08-07,Call,16.5,1.045,,True
2026-06-25,UUUUH072601700.U^H26,UUUU,2026-08-07,Call,17.0,0.905,,True
2026-06-25,UUUUH072601750.U^H26,UUUU,2026-08-07,Call,17.5,0.705,,True
2026-06-25,UUUUH072601800.U^H26,UUUU,2026-08-07,Call,18.0,0.665,0.81,True
2026-06-25,UUUUH072601850.U^H26,UUUU,2026-08-07,Call,18.5,0.595,,True
2026-06-25,UUUUH142601050.U^H26,UUUU,2026-08-14,Call,10.5,,,False
2026-06-25,UUUUH142601100.U^H26,UUUU,2026-08-14,Call,11.0,,,False
2026-06-25,UUUUH142601150.U^H26,UUUU,2026-08-14,Call,11.5,,,False
2026-06-25,UUUUH142601200.U^H26,UUUU,2026-08-14,Call,12.0,,,False
2026-06-25,UUUUH142601250.U^H26,UUUU,2026-08-14,Call,12.5,,,False
2026-06-25,UUUUH142601300.U^H26,UUUU,2026-08-14,Call,13.0,,,False
2026-06-25,UUUUH142601350.U^H26,UUUU,2026-08-14,Call,13.5,,,False
2026-06-25,UUUUH142601400.U^H26,UUUU,2026-08-14,Call,14.0,,,False
2026-06-25,UUUUH142601450.U^H26,UUUU,2026-08-14,Call,14.5,,,False
2026-06-25,UUUUH142601500.U^H26,UUUU,2026-08-14,Call,15.0,,,False
2026-06-25,UUUUH142601550.U^H26,UUUU,2026-08-14,Call,15.5,,,False
2026-06-25,UUUUH142601600.U^H26,UUUU,2026-08-14,Call,16.0,,,False
2026-06-25,UUUUH142601650.U^H26,UUUU,2026-08-14,Call,16.5,,,False
2026-06-25,UUUUH142601700.U^H26,UUUU,2026-08-14,Call,17.0,,,False
2026-06-25,UUUUH142601750.U^H26,UUUU,2026-08-14,Call,17.5,,,False
2026-06-25,UUUUH142601800.U^H26,UUUU,2026-08-14,Call,18.0,,,False
2026-06-25,UUUUH142601850.U^H26,UUUU,2026-08-14,Call,18.5,,,False
2026-06-25,UUUUH212601050.U^H26,UUUU,2026-08-21,Call,10.5,,,False
2026-06-25,UUUUH212601100.U^H26,UUUU,2026-08-21,Call,11.0,3.9,4.0,True
2026-06-25,UUUUH212601150.U^H26,UUUU,2026-08-21,Call,11.5,,,False
2026-06-25,UUUUH212601200.U^H26,UUUU,2026-08-21,Call,12.0,3.375,,True
2026-06-25,UUUUH212601250.U^H26,UUUU,2026-08-21,Call,12.5,,,False
2026-06-25,UUUUH212601300.U^H26,UUUU,2026-08-21,Call,13.0,2.785,,True
2026-06-25,UUUUH212601350.U^H26,UUUU,2026-08-21,Call,13.5,,,False
2026-06-25,UUUUH212601400.U^H26,UUUU,2026-08-21,Call,14.0,2.14,2.2,True
2026-06-25,UUUUH212601450.U^H26,UUUU,2026-08-21,Call,14.5,,,False
2026-06-25,UUUUH212601500.U^H26,UUUU,2026-08-21,Call,15.0,1.7,1.71,True
2026-06-25,UUUUH212601550.U^H26,UUUU,2026-08-21,Call,15.5,,,False
2026-06-25,UUUUH212601600.U^H26,UUUU,2026-08-21,Call,16.0,1.34,1.33,True
2026-06-25,UUUUH212601650.U^H26,UUUU,2026-08-21,Call,16.5,,,False
2026-06-25,UUUUH212601700.U^H26,UUUU,2026-08-21,Call,17.0,1.03,1.08,True
2026-06-25,UUUUH212601750.U^H26,UUUU,2026-08-21,Call,17.5,,,False
2026-06-25,UUUUH212601800.U^H26,UUUU,2026-08-21,Call,18.0,0.835,0.98,True
2026-06-25,UUUUH212601850.U^H26,UUUU,2026-08-21,Call,18.5,,,False
2026-06-25,UUUUH282601050.U^H26,UUUU,2026-08-28,Call,10.5,,,False
2026-06-25,UUUUH282601100.U^H26,UUUU,2026-08-28,Call,11.0,,,False
2026-06-25,UUUUH282601150.U^H26,UUUU,2026-08-28,Call,11.5,,,False
2026-06-25,UUUUH282601200.U^H26,UUUU,2026-08-28,Call,12.0,,,False
2026-06-25,UUUUH282601250.U^H26,UUUU,2026-08-28,Call,12.5,,,False
2026-06-25,UUUUH282601300.U^H26,UUUU,2026-08-28,Call,13.0,,,False
2026-06-25,UUUUH282601350.U^H26,UUUU,2026-08-28,Call,13.5,,,False
2026-06-25,UUUUH282601400.U^H26,UUUU,2026-08-28,Call,14.0,,,False
2026-06-25,UUUUH282601450.U^H26,UUUU,2026-08-28,Call,14.5,,,False
2026-06-25,UUUUH282601500.U^H26,UUUU,2026-08-28,Call,15.0,,,False
2026-06-25,UUUUH282601550.U^H26,UUUU,2026-08-28,Call,15.5,,,False
2026-06-25,UUUUH282601600.U^H26,UUUU,2026-08-28,Call,16.0,,,False
2026-06-25,UUUUH282601650.U^H26,UUUU,2026-08-28,Call,16.5,,,False
2026-06-25,UUUUH282601700.U^H26,UUUU,2026-08-28,Call,17.0,,,False
2026-06-25,UUUUH282601750.U^H26,UUUU,2026-08-28,Call,17.5,,,False
2026-06-25,UUUUH282601800.U^H26,UUUU,2026-08-28,Call,18.0,,,False
2026-06-25,UUUUH282601850.U^H26,UUUU,2026-08-28,Call,18.5,,,False
2026-06-25,UUUUI042601050.U^I26,UUUU,2026-09-04,Call,10.5,,,False
2026-06-25,UUUUI042601100.U^I26,UUUU,2026-09-04,Call,11.0,,,False
2026-06-25,UUUUI042601150.U^I26,UUUU,2026-09-04,Call,11.5,,,False
2026-06-25,UUUUI042601200.U^I26,UUUU,2026-09-04,Call,12.0,,,False
2026-06-25,UUUUI042601250.U^I26,UUUU,2026-09-04,Call,12.5,,,False
2026-06-25,UUUUI042601300.U^I26,UUUU,2026-09-04,Call,13.0,,,False
2026-06-25,UUUUI042601350.U^I26,UUUU,2026-09-04,Call,13.5,,,False
2026-06-25,UUUUI042601400.U^I26,UUUU,2026-09-04,Call,14.0,,,False
2026-06-25,UUUUI042601450.U^I26,UUUU,2026-09-04,Call,14.5,,,False
2026-06-25,UUUUI042601500.U^I26,UUUU,2026-09-04,Call,15.0,,,False
2026-06-25,UUUUI042601550.U^I26,UUUU,2026-09-04,Call,15.5,,,False
2026-06-25,UUUUI042601600.U^I26,UUUU,2026-09-04,Call,16.0,,,False
2026-06-25,UUUUI042601650.U^I26,UUUU,2026-09-04,Call,16.5,,,False
2026-06-25,UUUUI042601700.U^I26,UUUU,2026-09-04,Call,17.0,,,False
2026-06-25,UUUUI042601750.U^I26,UUUU,2026-09-04,Call,17.5,,,False
2026-06-25,UUUUI042601800.U^I26,UUUU,2026-09-04,Call,18.0,,,False
2026-06-25,UUUUI042601850.U^I26,UUUU,2026-09-04,Call,18.5,,,False
2026-06-25,UUUUR262601100.U^F26,UUUU,2026-06-26,Put,11.0,,,True
2026-06-25,UUUUR262601200.U^F26,UUUU,2026-06-26,Put,12.0,,0.05,True
2026-06-25,UUUUR262601250.U^F26,UUUU,2026-06-26,Put,12.5,,0.02,True
2026-06-25,UUUUR262601300.U^F26,UUUU,2026-06-26,Put,13.0,,0.03,True
2026-06-25,UUUUR262601350.U^F26,UUUU,2026-06-26,Put,13.5,,0.03,True
2026-06-25,UUUUR262601400.U^F26,UUUU,2026-06-26,Put,14.0,0.1,0.1,True
2026-06-25,UUUUR262601450.U^F26,UUUU,2026-06-26,Put,14.5,0.275,0.28,True
2026-06-25,UUUUR262601500.U^F26,UUUU,2026-06-26,Put,15.0,0.63,0.61,True
2026-06-25,UUUUR262601550.U^F26,UUUU,2026-06-26,Put,15.5,1.01,1.06,True
2026-06-25,UUUUR262601600.U^F26,UUUU,2026-06-26,Put,16.0,1.53,1.48,True
2026-06-25,UUUUR262601650.U^F26,UUUU,2026-06-26,Put,16.5,1.975,1.86,True
2026-06-25,UUUUR262601700.U^F26,UUUU,2026-06-26,Put,17.0,2.515,2.51,True
2026-06-25,UUUUR262601750.U^F26,UUUU,2026-06-26,Put,17.5,2.94,2.57,True
2026-06-25,UUUUR262601800.U^F26,UUUU,2026-06-26,Put,18.0,3.45,3.45,True
2026-06-25,UUUUR262601850.U^F26,UUUU,2026-06-26,Put,18.5,3.925,3.55,True
2026-06-25,UUUUS102601100.U^G26,UUUU,2026-07-10,Put,11.0,,0.08,True
2026-06-25,UUUUS102601150.U^G26,UUUU,2026-07-10,Put,11.5,0.09,0.09,True
2026-06-25,UUUUS102601200.U^G26,UUUU,2026-07-10,Put,12.0,0.175,0.15,True
2026-06-25,UUUUS102601250.U^G26,UUUU,2026-07-10,Put,12.5,0.21,0.23,True
2026-06-25,UUUUS102601300.U^G26,UUUU,2026-07-10,Put,13.0,0.33,0.34,True
2026-06-25,UUUUS102601350.U^G26,UUUU,2026-07-10,Put,13.5,0.485,0.46,True
2026-06-25,UUUUS102601400.U^G26,UUUU,2026-07-10,Put,14.0,0.7,0.68,True
2026-06-25,UUUUS102601450.U^G26,UUUU,2026-07-10,Put,14.5,0.9,0.95,True
2026-06-25,UUUUS102601500.U^G26,UUUU,2026-07-10,Put,15.0,1.165,1.23,True
2026-06-25,UUUUS102601550.U^G26,UUUU,2026-07-10,Put,15.5,1.53,1.42,True
2026-06-25,UUUUS102601600.U^G26,UUUU,2026-07-10,Put,16.0,1.905,1.9,True
2026-06-25,UUUUS102601650.U^G26,UUUU,2026-07-10,Put,16.5,2.26,2.34,True
2026-06-25,UUUUS102601700.U^G26,UUUU,2026-07-10,Put,17.0,2.73,2.7,True
2026-06-25,UUUUS102601750.U^G26,UUUU,2026-07-10,Put,17.5,3.12,2.99,True
2026-06-25,UUUUS102601800.U^G26,UUUU,2026-07-10,Put,18.0,3.55,3.52,True
2026-06-25,UUUUS102601850.U^G26,UUUU,2026-07-10,Put,18.5,4.025,,True
2026-06-25,UUUUS172601100.U^G26,UUUU,2026-07-17,Put,11.0,0.14,0.11,True
2026-06-25,UUUUS172601150.U^G26,UUUU,2026-07-17,Put,11.5,0.175,,True
2026-06-25,UUUUS172601200.U^G26,UUUU,2026-07-17,Put,12.0,0.225,0.28,True
2026-06-25,UUUUS172601250.U^G26,UUUU,2026-07-17,Put,12.5,0.33,0.36,True
2026-06-25,UUUUS172601300.U^G26,UUUU,2026-07-17,Put,13.0,0.485,0.51,True
2026-06-25,UUUUS172601350.U^G26,UUUU,2026-07-17,Put,13.5,0.68,,True
2026-06-25,UUUUS172601400.U^G26,UUUU,2026-07-17,Put,14.0,0.845,0.88,True
2026-06-25,UUUUS172601450.U^G26,UUUU,2026-07-17,Put,14.5,1.115,1.13,True
2026-06-25,UUUUS172601500.U^G26,UUUU,2026-07-17,Put,15.0,1.355,1.41,True
2026-06-25,UUUUS172601550.U^G26,UUUU,2026-07-17,Put,15.5,1.72,1.62,True
2026-06-25,UUUUS172601600.U^G26,UUUU,2026-07-17,Put,16.0,2.07,2.08,True
2026-06-25,UUUUS172601650.U^G26,UUUU,2026-07-17,Put,16.5,2.395,2.41,True
2026-06-25,UUUUS172601700.U^G26,UUUU,2026-07-17,Put,17.0,2.86,2.82,True
2026-06-25,UUUUS172601750.U^G26,UUUU,2026-07-17,Put,17.5,3.275,3.18,True
2026-06-25,UUUUS172601800.U^G26,UUUU,2026-07-17,Put,18.0,3.7,3.67,True
2026-06-25,UUUUS172601850.U^G26,UUUU,2026-07-17,Put,18.5,4.05,,True
2026-06-25,UUUUS242601050.U^G26,UUUU,2026-07-24,Put,10.5,,,False
2026-06-25,UUUUS242601100.U^G26,UUUU,2026-07-24,Put,11.0,0.195,,True
2026-06-25,UUUUS242601150.U^G26,UUUU,2026-07-24,Put,11.5,,,False
2026-06-25,UUUUS242601200.U^G26,UUUU,2026-07-24,Put,12.0,0.335,0.34,True
2026-06-25,UUUUS242601250.U^G26,UUUU,2026-07-24,Put,12.5,,,False
2026-06-25,UUUUS242601300.U^G26,UUUU,2026-07-24,Put,13.0,0.62,0.63,True
2026-06-25,UUUUS242601350.U^G26,UUUU,2026-07-24,Put,13.5,0.835,0.8,True
2026-06-25,UUUUS242601400.U^G26,UUUU,2026-07-24,Put,14.0,1.045,0.98,True
2026-06-25,UUUUS242601450.U^G26,UUUU,2026-07-24,Put,14.5,1.265,1.38,True
2026-06-25,UUUUS242601500.U^G26,UUUU,2026-07-24,Put,15.0,1.56,1.55,True
2026-06-25,UUUUS242601550.U^G26,UUUU,2026-07-24,Put,15.5,1.87,1.74,True
2026-06-25,UUUUS242601600.U^G26,UUUU,2026-07-24,Put,16.0,2.17,2.16,True
2026-06-25,UUUUS242601650.U^G26,UUUU,2026-07-24,Put,16.5,2.565,2.63,True
2026-06-25,UUUUS242601700.U^G26,UUUU,2026-07-24,Put,17.0,3.005,2.75,True
2026-06-25,UUUUS242601750.U^G26,UUUU,2026-07-24,Put,17.5,3.425,3.27,True
2026-06-25,UUUUS242601800.U^G26,UUUU,2026-07-24,Put,18.0,3.725,,True
2026-06-25,UUUUS242601850.U^G26,UUUU,2026-07-24,Put,18.5,4.225,,True
2026-06-25,UUUUS312601050.U^G26,UUUU,2026-07-31,Put,10.5,0.205,,True
2026-06-25,UUUUS312601100.U^G26,UUUU,2026-07-31,Put,11.0,0.275,,True
2026-06-25,UUUUS312601150.U^G26,UUUU,2026-07-31,Put,11.5,0.355,,True
2026-06-25,UUUUS312601200.U^G26,UUUU,2026-07-31,Put,12.0,0.49,0.43,True
2026-06-25,UUUUS312601250.U^G26,UUUU,2026-07-31,Put,12.5,0.65,,True
2026-06-25,UUUUS312601300.U^G26,UUUU,2026-07-31,Put,13.0,0.84,0.75,True
2026-06-25,UUUUS312601350.U^G26,UUUU,2026-07-31,Put,13.5,1.0,,True
2026-06-25,UUUUS312601400.U^G26,UUUU,2026-07-31,Put,14.0,1.24,1.21,True
2026-06-25,UUUUS312601450.U^G26,UUUU,2026-07-31,Put,14.5,1.495,1.47,True
2026-06-25,UUUUS312601500.U^G26,UUUU,2026-07-31,Put,15.0,1.755,1.7,True
2026-06-25,UUUUS312601550.U^G26,UUUU,2026-07-31,Put,15.5,2.055,,True
2026-06-25,UUUUS312601600.U^G26,UUUU,2026-07-31,Put,16.0,2.475,2.29,True
2026-06-25,UUUUS312601650.U^G26,UUUU,2026-07-31,Put,16.5,2.82,,True
2026-06-25,UUUUS312601700.U^G26,UUUU,2026-07-31,Put,17.0,3.15,3.05,True
2026-06-25,UUUUS312601750.U^G26,UUUU,2026-07-31,Put,17.5,3.525,,True
2026-06-25,UUUUS312601800.U^G26,UUUU,2026-07-31,Put,18.0,3.95,3.87,True
2026-06-25,UUUUS312601850.U^G26,UUUU,2026-07-31,Put,18.5,4.425,,True
2026-06-25,UUUUT072601050.U^H26,UUUU,2026-08-07,Put,10.5,0.255,,True
2026-06-25,UUUUT072601100.U^H26,UUUU,2026-08-07,Put,11.0,0.35,,True
2026-06-25,UUUUT072601150.U^H26,UUUU,2026-08-07,Put,11.5,0.46,,True
2026-06-25,UUUUT072601200.U^H26,UUUU,2026-08-07,Put,12.0,0.62,,True
2026-06-25,UUUUT072601250.U^H26,UUUU,2026-08-07,Put,12.5,0.78,,True
2026-06-25,UUUUT072601300.U^H26,UUUU,2026-08-07,Put,13.0,0.95,,True
2026-06-25,UUUUT072601350.U^H26,UUUU,2026-08-07,Put,13.5,1.17,,True
2026-06-25,UUUUT072601400.U^H26,UUUU,2026-08-07,Put,14.0,1.4,1.34,True
2026-06-25,UUUUT072601450.U^H26,UUUU,2026-08-07,Put,14.5,1.68,,True
2026-06-25,UUUUT072601500.U^H26,UUUU,2026-08-07,Put,15.0,1.985,1.82,True
2026-06-25,UUUUT072601550.U^H26,UUUU,2026-08-07,Put,15.5,2.28,,True
2026-06-25,UUUUT072601600.U^H26,UUUU,2026-08-07,Put,16.0,2.625,,True
2026-06-25,UUUUT072601650.U^H26,UUUU,2026-08-07,Put,16.5,2.98,,True
2026-06-25,UUUUT072601700.U^H26,UUUU,2026-08-07,Put,17.0,3.3,,True
2026-06-25,UUUUT072601750.U^H26,UUUU,2026-08-07,Put,17.5,3.725,3.65,True
2026-06-25,UUUUT072601800.U^H26,UUUU,2026-08-07,Put,18.0,4.1,3.94,True
2026-06-25,UUUUT072601850.U^H26,UUUU,2026-08-07,Put,18.5,4.525,,True
2026-06-25,UUUUT142601050.U^H26,UUUU,2026-08-14,Put,10.5,,,False
2026-06-25,UUUUT142601100.U^H26,UUUU,2026-08-14,Put,11.0,,,False
2026-06-25,UUUUT142601150.U^H26,UUUU,2026-08-14,Put,11.5,,,False
2026-06-25,UUUUT142601200.U^H26,UUUU,2026-08-14,Put,12.0,,,False
2026-06-25,UUUUT142601250.U^H26,UUUU,2026-08-14,Put,12.5,,,False
2026-06-25,UUUUT142601300.U^H26,UUUU,2026-08-14,Put,13.0,,,False
2026-06-25,UUUUT142601350.U^H26,UUUU,2026-08-14,Put,13.5,,,False
2026-06-25,UUUUT142601400.U^H26,UUUU,2026-08-14,Put,14.0,,,False
2026-06-25,UUUUT142601450.U^H26,UUUU,2026-08-14,Put,14.5,,,False
2026-06-25,UUUUT142601500.U^H26,UUUU,2026-08-14,Put,15.0,,,False
2026-06-25,UUUUT142601550.U^H26,UUUU,2026-08-14,Put,15.5,,,False
2026-06-25,UUUUT142601600.U^H26,UUUU,2026-08-14,Put,16.0,,,False
2026-06-25,UUUUT142601650.U^H26,UUUU,2026-08-14,Put,16.5,,,False
2026-06-25,UUUUT142601700.U^H26,UUUU,2026-08-14,Put,17.0,,,False
2026-06-25,UUUUT142601750.U^H26,UUUU,2026-08-14,Put,17.5,,,False
2026-06-25,UUUUT142601800.U^H26,UUUU,2026-08-14,Put,18.0,,,False
2026-06-25,UUUUT142601850.U^H26,UUUU,2026-08-14,Put,18.5,,,False
2026-06-25,UUUUT212601050.U^H26,UUUU,2026-08-21,Put,10.5,,,False
2026-06-25,UUUUT212601100.U^H26,UUUU,2026-08-21,Put,11.0,0.54,0.49,True
2026-06-25,UUUUT212601150.U^H26,UUUU,2026-08-21,Put,11.5,,,False
2026-06-25,UUUUT212601200.U^H26,UUUU,2026-08-21,Put,12.0,0.76,0.74,True
2026-06-25,UUUUT212601250.U^H26,UUUU,2026-08-21,Put,12.5,,,False
2026-06-25,UUUUT212601300.U^H26,UUUU,2026-08-21,Put,13.0,1.11,1.15,True
2026-06-25,UUUUT212601350.U^H26,UUUU,2026-08-21,Put,13.5,,,False
2026-06-25,UUUUT212601400.U^H26,UUUU,2026-08-21,Put,14.0,1.59,1.54,True
2026-06-25,UUUUT212601450.U^H26,UUUU,2026-08-21,Put,14.5,,,False
2026-06-25,UUUUT212601500.U^H26,UUUU,2026-08-21,Put,15.0,2.135,2.07,True
2026-06-25,UUUUT212601550.U^H26,UUUU,2026-08-21,Put,15.5,,,False
2026-06-25,UUUUT212601600.U^H26,UUUU,2026-08-21,Put,16.0,2.725,2.73,True
2026-06-25,UUUUT212601650.U^H26,UUUU,2026-08-21,Put,16.5,,,False
2026-06-25,UUUUT212601700.U^H26,UUUU,2026-08-21,Put,17.0,3.45,3.4,True
2026-06-25,UUUUT212601750.U^H26,UUUU,2026-08-21,Put,17.5,,,False
2026-06-25,UUUUT212601800.U^H26,UUUU,2026-08-21,Put,18.0,4.275,4.03,True
2026-06-25,UUUUT212601850.U^H26,UUUU,2026-08-21,Put,18.5,,,False
2026-06-25,UUUUT282601050.U^H26,UUUU,2026-08-28,Put,10.5,,,False
2026-06-25,UUUUT282601100.U^H26,UUUU,2026-08-28,Put,11.0,,,False
2026-06-25,UUUUT282601150.U^H26,UUUU,2026-08-28,Put,11.5,,,False
2026-06-25,UUUUT282601200.U^H26,UUUU,2026-08-28,Put,12.0,,,False
2026-06-25,UUUUT282601250.U^H26,UUUU,2026-08-28,Put,12.5,,,False
2026-06-25,UUUUT282601300.U^H26,UUUU,2026-08-28,Put,13.0,,,False
2026-06-25,UUUUT282601350.U^H26,UUUU,2026-08-28,Put,13.5,,,False
2026-06-25,UUUUT282601400.U^H26,UUUU,2026-08-28,Put,14.0,,,False
2026-06-25,UUUUT282601450.U^H26,UUUU,2026-08-28,Put,14.5,,,False
2026-06-25,UUUUT282601500.U^H26,UUUU,2026-08-28,Put,15.0,,,False
2026-06-25,UUUUT282601550.U^H26,UUUU,2026-08-28,Put,15.5,,,False
2026-06-25,UUUUT282601600.U^H26,UUUU,2026-08-28,Put,16.0,,,False
2026-06-25,UUUUT282601650.U^H26,UUUU,2026-08-28,Put,16.5,,,False
2026-06-25,UUUUT282601700.U^H26,UUUU,2026-08-28,Put,17.0,,,False
2026-06-25,UUUUT282601750.U^H26,UUUU,2026-08-28,Put,17.5,,,False
2026-06-25,UUUUT282601800.U^H26,UUUU,2026-08-28,Put,18.0,,,False
2026-06-25,UUUUT282601850.U^H26,UUUU,2026-08-28,Put,18.5,,,False
2026-06-25,UUUUU042601050.U^I26,UUUU,2026-09-04,Put,10.5,,,False
2026-06-25,UUUUU042601100.U^I26,UUUU,2026-09-04,Put,11.0,,,False
2026-06-25,UUUUU042601150.U^I26,UUUU,2026-09-04,Put,11.5,,,False
2026-06-25,UUUUU042601200.U^I26,UUUU,2026-09-04,Put,12.0,,,False
2026-06-25,UUUUU042601250.U^I26,UUUU,2026-09-04,Put,12.5,,,False
2026-06-25,UUUUU042601300.U^I26,UUUU,2026-09-04,Put,13.0,,,False
2026-06-25,UUUUU042601350.U^I26,UUUU,2026-09-04,Put,13.5,,,False
2026-06-25,UUUUU042601400.U^I26,UUUU,2026-09-04,Put,14.0,,,False
2026-06-25,UUUUU042601450.U^I26,UUUU,2026-09-04,Put,14.5,,,False
2026-06-25,UUUUU042601500.U^I26,UUUU,2026-09-04,Put,15.0,,,False
2026-06-25,UUUUU042601550.U^I26,UUUU,2026-09-04,Put,15.5,,,False
2026-06-25,UUUUU042601600.U^I26,UUUU,2026-09-04,Put,16.0,,,False
2026-06-25,UUUUU042601650.U^I26,UUUU,2026-09-04,Put,16.5,,,False
2026-06-25,UUUUU042601700.U^I26,UUUU,2026-09-04,Put,17.0,,,False
2026-06-25,UUUUU042601750.U^I26,UUUU,2026-09-04,Put,17.5,,,False
2026-06-25,UUUUU042601800.U^I26,UUUU,2026-09-04,Put,18.0,,,False
2026-06-25,UUUUU042601850.U^I26,UUUU,2026-09-04,Put,18.5,,,False
2026-06-26,UUUUF262601050.U^F26,UUUU,2026-06-26,Call,10.5,3.8,3.85,True
2026-06-26,UUUUF262601100.U^F26,UUUU,2026-06-26,Call,11.0,3.325,3.23,True
2026-06-26,UUUUF262601150.U^F26,UUUU,2026-06-26,Call,11.5,2.86,2.72,True
2026-06-26,UUUUF262601200.U^F26,UUUU,2026-06-26,Call,12.0,2.37,2.34,True
2026-06-26,UUUUF262601250.U^F26,UUUU,2026-06-26,Call,12.5,1.82,1.6,True
2026-06-26,UUUUF262601300.U^F26,UUUU,2026-06-26,Call,13.0,1.36,1.14,True
2026-06-26,UUUUF262601350.U^F26,UUUU,2026-06-26,Call,13.5,0.805,0.75,True
2026-06-26,UUUUF262601400.U^F26,UUUU,2026-06-26,Call,14.0,0.42,0.3,True
2026-06-26,UUUUF262601450.U^F26,UUUU,2026-06-26,Call,14.5,,0.01,True
2026-06-26,UUUUF262601500.U^F26,UUUU,2026-06-26,Call,15.0,,0.01,True
2026-06-26,UUUUF262601550.U^F26,UUUU,2026-06-26,Call,15.5,,0.01,True
2026-06-26,UUUUF262601600.U^F26,UUUU,2026-06-26,Call,16.0,,0.03,True
2026-06-26,UUUUF262601650.U^F26,UUUU,2026-06-26,Call,16.5,,0.01,True
2026-06-26,UUUUF262601700.U^F26,UUUU,2026-06-26,Call,17.0,,0.03,True
2026-06-26,UUUUF262601750.U^F26,UUUU,2026-06-26,Call,17.5,,0.01,True
2026-06-26,UUUUF262601800.U^F26,UUUU,2026-06-26,Call,18.0,,0.01,True
2026-06-26,UUUUF262601850.U^F26,UUUU,2026-06-26,Call,18.5,,0.01,True
2026-06-26,UUUUG102601100.U^G26,UUUU,2026-07-10,Call,11.0,3.26,,True
2026-06-26,UUUUG102601150.U^G26,UUUU,2026-07-10,Call,11.5,2.78,,True
2026-06-26,UUUUG102601200.U^G26,UUUU,2026-07-10,Call,12.0,2.52,,True
2026-06-26,UUUUG102601250.U^G26,UUUU,2026-07-10,Call,12.5,2.09,1.99,True
2026-06-26,UUUUG102601300.U^G26,UUUU,2026-07-10,Call,13.0,1.74,1.63,True
2026-06-26,UUUUG102601350.U^G26,UUUU,2026-07-10,Call,13.5,1.375,1.23,True
2026-06-26,UUUUG102601400.U^G26,UUUU,2026-07-10,Call,14.0,1.005,0.93,True
2026-06-26,UUUUG102601450.U^G26,UUUU,2026-07-10,Call,14.5,0.865,0.9,True
2026-06-26,UUUUG102601500.U^G26,UUUU,2026-07-10,Call,15.0,0.55,0.58,True
2026-06-26,UUUUG102601550.U^G26,UUUU,2026-07-10,Call,15.5,0.46,0.43,True
2026-06-26,UUUUG102601600.U^G26,UUUU,2026-07-10,Call,16.0,0.33,0.33,True
2026-06-26,UUUUG102601650.U^G26,UUUU,2026-07-10,Call,16.5,0.235,0.19,True
2026-06-26,UUUUG102601700.U^G26,UUUU,2026-07-10,Call,17.0,0.115,0.14,True
2026-06-26,UUUUG102601750.U^G26,UUUU,2026-07-10,Call,17.5,0.13,0.08,True
2026-06-26,UUUUG102601800.U^G26,UUUU,2026-07-10,Call,18.0,0.085,0.09,True
2026-06-26,UUUUG102601850.U^G26,UUUU,2026-07-10,Call,18.5,,0.06,True
2026-06-26,UUUUG172601100.U^G26,UUUU,2026-07-17,Call,11.0,3.45,,True
2026-06-26,UUUUG172601150.U^G26,UUUU,2026-07-17,Call,11.5,2.965,,True
2026-06-26,UUUUG172601200.U^G26,UUUU,2026-07-17,Call,12.0,2.575,,True
2026-06-26,UUUUG172601250.U^G26,UUUU,2026-07-17,Call,12.5,2.135,2.07,True
2026-06-26,UUUUG172601300.U^G26,UUUU,2026-07-17,Call,13.0,1.85,,True
2026-06-26,UUUUG172601350.U^G26,UUUU,2026-07-17,Call,13.5,1.63,,True
2026-06-26,UUUUG172601400.U^G26,UUUU,2026-07-17,Call,14.0,1.275,1.3,True
2026-06-26,UUUUG172601450.U^G26,UUUU,2026-07-17,Call,14.5,1.06,0.98,True
2026-06-26,UUUUG172601500.U^G26,UUUU,2026-07-17,Call,15.0,0.83,0.8,True
2026-06-26,UUUUG172601550.U^G26,UUUU,2026-07-17,Call,15.5,0.73,0.63,True
2026-06-26,UUUUG172601600.U^G26,UUUU,2026-07-17,Call,16.0,0.575,0.45,True
2026-06-26,UUUUG172601650.U^G26,UUUU,2026-07-17,Call,16.5,0.395,0.38,True
2026-06-26,UUUUG172601700.U^G26,UUUU,2026-07-17,Call,17.0,0.31,0.3,True
2026-06-26,UUUUG172601750.U^G26,UUUU,2026-07-17,Call,17.5,0.27,0.22,True
2026-06-26,UUUUG172601800.U^G26,UUUU,2026-07-17,Call,18.0,0.165,0.19,True
2026-06-26,UUUUG172601850.U^G26,UUUU,2026-07-17,Call,18.5,0.23,0.14,True
2026-06-26,UUUUG242601050.U^G26,UUUU,2026-07-24,Call,10.5,,,False
2026-06-26,UUUUG242601100.U^G26,UUUU,2026-07-24,Call,11.0,3.475,,True
2026-06-26,UUUUG242601150.U^G26,UUUU,2026-07-24,Call,11.5,,,False
2026-06-26,UUUUG242601200.U^G26,UUUU,2026-07-24,Call,12.0,2.755,,True
2026-06-26,UUUUG242601250.U^G26,UUUU,2026-07-24,Call,12.5,,,False
2026-06-26,UUUUG242601300.U^G26,UUUU,2026-07-24,Call,13.0,2.06,,True
2026-06-26,UUUUG242601350.U^G26,UUUU,2026-07-24,Call,13.5,1.71,,True
2026-06-26,UUUUG242601400.U^G26,UUUU,2026-07-24,Call,14.0,1.44,1.45,True
2026-06-26,UUUUG242601450.U^G26,UUUU,2026-07-24,Call,14.5,1.2,1.15,True
2026-06-26,UUUUG242601500.U^G26,UUUU,2026-07-24,Call,15.0,0.985,1.0,True
2026-06-26,UUUUG242601550.U^G26,UUUU,2026-07-24,Call,15.5,0.915,0.76,True
2026-06-26,UUUUG242601600.U^G26,UUUU,2026-07-24,Call,16.0,0.68,0.66,True
2026-06-26,UUUUG242601650.U^G26,UUUU,2026-07-24,Call,16.5,0.64,0.51,True
2026-06-26,UUUUG242601700.U^G26,UUUU,2026-07-24,Call,17.0,0.535,0.48,True
2026-06-26,UUUUG242601750.U^G26,UUUU,2026-07-24,Call,17.5,0.37,0.33,True
2026-06-26,UUUUG242601800.U^G26,UUUU,2026-07-24,Call,18.0,0.335,0.28,True
2026-06-26,UUUUG242601850.U^G26,UUUU,2026-07-24,Call,18.5,0.205,0.25,True
2026-06-26,UUUUG312601050.U^G26,UUUU,2026-07-31,Call,10.5,4.025,,True
2026-06-26,UUUUG312601100.U^G26,UUUU,2026-07-31,Call,11.0,3.625,3.65,True
2026-06-26,UUUUG312601150.U^G26,UUUU,2026-07-31,Call,11.5,3.18,,True
2026-06-26,UUUUG312601200.U^G26,UUUU,2026-07-31,Call,12.0,2.86,,True
2026-06-26,UUUUG312601250.U^G26,UUUU,2026-07-31,Call,12.5,2.38,,True
2026-06-26,UUUUG312601300.U^G26,UUUU,2026-07-31,Call,13.0,2.23,,True
2026-06-26,UUUUG312601350.U^G26,UUUU,2026-07-31,Call,13.5,1.88,1.81,True
2026-06-26,UUUUG312601400.U^G26,UUUU,2026-07-31,Call,14.0,1.615,1.5,True
2026-06-26,UUUUG312601450.U^G26,UUUU,2026-07-31,Call,14.5,1.42,1.39,True
2026-06-26,UUUUG312601500.U^G26,UUUU,2026-07-31,Call,15.0,1.17,1.24,True
2026-06-26,UUUUG312601550.U^G26,UUUU,2026-07-31,Call,15.5,0.985,0.96,True
2026-06-26,UUUUG312601600.U^G26,UUUU,2026-07-31,Call,16.0,0.95,1.15,True
2026-06-26,UUUUG312601650.U^G26,UUUU,2026-07-31,Call,16.5,0.63,0.76,True
2026-06-26,UUUUG312601700.U^G26,UUUU,2026-07-31,Call,17.0,0.63,0.58,True
2026-06-26,UUUUG312601750.U^G26,UUUU,2026-07-31,Call,17.5,0.37,0.4,True
2026-06-26,UUUUG312601800.U^G26,UUUU,2026-07-31,Call,18.0,0.315,0.38,True
2026-06-26,UUUUG312601850.U^G26,UUUU,2026-07-31,Call,18.5,0.445,0.35,True
2026-06-26,UUUUH072601050.U^H26,UUUU,2026-08-07,Call,10.5,4.4,,True
2026-06-26,UUUUH072601100.U^H26,UUUU,2026-08-07,Call,11.0,3.73,,True
2026-06-26,UUUUH072601150.U^H26,UUUU,2026-08-07,Call,11.5,2.585,,True
2026-06-26,UUUUH072601200.U^H26,UUUU,2026-08-07,Call,12.0,3.68,,True
2026-06-26,UUUUH072601250.U^H26,UUUU,2026-08-07,Call,12.5,2.66,,True
2026-06-26,UUUUH072601300.U^H26,UUUU,2026-08-07,Call,13.0,2.335,,True
2026-06-26,UUUUH072601350.U^H26,UUUU,2026-08-07,Call,13.5,2.14,,True
2026-06-26,UUUUH072601400.U^H26,UUUU,2026-08-07,Call,14.0,1.87,,True
2026-06-26,UUUUH072601450.U^H26,UUUU,2026-08-07,Call,14.5,1.56,1.55,True
2026-06-26,UUUUH072601500.U^H26,UUUU,2026-08-07,Call,15.0,,,True
2026-06-26,UUUUH072601550.U^H26,UUUU,2026-08-07,Call,15.5,1.27,,True
2026-06-26,UUUUH072601600.U^H26,UUUU,2026-08-07,Call,16.0,0.8,0.93,True
2026-06-26,UUUUH072601650.U^H26,UUUU,2026-08-07,Call,16.5,0.85,,True
2026-06-26,UUUUH072601700.U^H26,UUUU,2026-08-07,Call,17.0,0.64,0.67,True
2026-06-26,UUUUH072601750.U^H26,UUUU,2026-08-07,Call,17.5,0.76,,True
2026-06-26,UUUUH072601800.U^H26,UUUU,2026-08-07,Call,18.0,0.425,0.48,True
2026-06-26,UUUUH072601850.U^H26,UUUU,2026-08-07,Call,18.5,0.485,0.5,True
2026-06-26,UUUUH142601050.U^H26,UUUU,2026-08-14,Call,10.5,,,False
2026-06-26,UUUUH142601100.U^H26,UUUU,2026-08-14,Call,11.0,,,False
2026-06-26,UUUUH142601150.U^H26,UUUU,2026-08-14,Call,11.5,,,False
2026-06-26,UUUUH142601200.U^H26,UUUU,2026-08-14,Call,12.0,,,False
2026-06-26,UUUUH142601250.U^H26,UUUU,2026-08-14,Call,12.5,,,False
2026-06-26,UUUUH142601300.U^H26,UUUU,2026-08-14,Call,13.0,,,False
2026-06-26,UUUUH142601350.U^H26,UUUU,2026-08-14,Call,13.5,,,False
2026-06-26,UUUUH142601400.U^H26,UUUU,2026-08-14,Call,14.0,,,False
2026-06-26,UUUUH142601450.U^H26,UUUU,2026-08-14,Call,14.5,,,False
2026-06-26,UUUUH142601500.U^H26,UUUU,2026-08-14,Call,15.0,,,False
2026-06-26,UUUUH142601550.U^H26,UUUU,2026-08-14,Call,15.5,,,False
2026-06-26,UUUUH142601600.U^H26,UUUU,2026-08-14,Call,16.0,,,False
2026-06-26,UUUUH142601650.U^H26,UUUU,2026-08-14,Call,16.5,,,False
2026-06-26,UUUUH142601700.U^H26,UUUU,2026-08-14,Call,17.0,,,False
2026-06-26,UUUUH142601750.U^H26,UUUU,2026-08-14,Call,17.5,,,False
2026-06-26,UUUUH142601800.U^H26,UUUU,2026-08-14,Call,18.0,,,False
2026-06-26,UUUUH142601850.U^H26,UUUU,2026-08-14,Call,18.5,,,False
2026-06-26,UUUUH212601050.U^H26,UUUU,2026-08-21,Call,10.5,,,False
2026-06-26,UUUUH212601100.U^H26,UUUU,2026-08-21,Call,11.0,3.875,,True
2026-06-26,UUUUH212601150.U^H26,UUUU,2026-08-21,Call,11.5,,,False
2026-06-26,UUUUH212601200.U^H26,UUUU,2026-08-21,Call,12.0,3.185,,True
2026-06-26,UUUUH212601250.U^H26,UUUU,2026-08-21,Call,12.5,,,False
2026-06-26,UUUUH212601300.U^H26,UUUU,2026-08-21,Call,13.0,2.635,2.5,True
2026-06-26,UUUUH212601350.U^H26,UUUU,2026-08-21,Call,13.5,,,False
2026-06-26,UUUUH212601400.U^H26,UUUU,2026-08-21,Call,14.0,2.1,1.95,True
2026-06-26,UUUUH212601450.U^H26,UUUU,2026-08-21,Call,14.5,,,False
2026-06-26,UUUUH212601500.U^H26,UUUU,2026-08-21,Call,15.0,1.685,1.65,True
2026-06-26,UUUUH212601550.U^H26,UUUU,2026-08-21,Call,15.5,,,False
2026-06-26,UUUUH212601600.U^H26,UUUU,2026-08-21,Call,16.0,1.36,1.21,True
2026-06-26,UUUUH212601650.U^H26,UUUU,2026-08-21,Call,16.5,,,False
2026-06-26,UUUUH212601700.U^H26,UUUU,2026-08-21,Call,17.0,1.095,1.05,True
2026-06-26,UUUUH212601750.U^H26,UUUU,2026-08-21,Call,17.5,,,False
2026-06-26,UUUUH212601800.U^H26,UUUU,2026-08-21,Call,18.0,0.78,0.75,True
2026-06-26,UUUUH212601850.U^H26,UUUU,2026-08-21,Call,18.5,,,False
2026-06-26,UUUUH282601050.U^H26,UUUU,2026-08-28,Call,10.5,,,False
2026-06-26,UUUUH282601100.U^H26,UUUU,2026-08-28,Call,11.0,,,False
2026-06-26,UUUUH282601150.U^H26,UUUU,2026-08-28,Call,11.5,,,False
2026-06-26,UUUUH282601200.U^H26,UUUU,2026-08-28,Call,12.0,,,False
2026-06-26,UUUUH282601250.U^H26,UUUU,2026-08-28,Call,12.5,,,False
2026-06-26,UUUUH282601300.U^H26,UUUU,2026-08-28,Call,13.0,,,False
2026-06-26,UUUUH282601350.U^H26,UUUU,2026-08-28,Call,13.5,,,False
2026-06-26,UUUUH282601400.U^H26,UUUU,2026-08-28,Call,14.0,,,False
2026-06-26,UUUUH282601450.U^H26,UUUU,2026-08-28,Call,14.5,,,False
2026-06-26,UUUUH282601500.U^H26,UUUU,2026-08-28,Call,15.0,,,False
2026-06-26,UUUUH282601550.U^H26,UUUU,2026-08-28,Call,15.5,,,False
2026-06-26,UUUUH282601600.U^H26,UUUU,2026-08-28,Call,16.0,,,False
2026-06-26,UUUUH282601650.U^H26,UUUU,2026-08-28,Call,16.5,,,False
2026-06-26,UUUUH282601700.U^H26,UUUU,2026-08-28,Call,17.0,,,False
2026-06-26,UUUUH282601750.U^H26,UUUU,2026-08-28,Call,17.5,,,False
2026-06-26,UUUUH282601800.U^H26,UUUU,2026-08-28,Call,18.0,,,False
2026-06-26,UUUUH282601850.U^H26,UUUU,2026-08-28,Call,18.5,,,False
2026-06-26,UUUUI042601050.U^I26,UUUU,2026-09-04,Call,10.5,,,False
2026-06-26,UUUUI042601100.U^I26,UUUU,2026-09-04,Call,11.0,,,False
2026-06-26,UUUUI042601150.U^I26,UUUU,2026-09-04,Call,11.5,,,False
2026-06-26,UUUUI042601200.U^I26,UUUU,2026-09-04,Call,12.0,,,False
2026-06-26,UUUUI042601250.U^I26,UUUU,2026-09-04,Call,12.5,,,False
2026-06-26,UUUUI042601300.U^I26,UUUU,2026-09-04,Call,13.0,,,False
2026-06-26,UUUUI042601350.U^I26,UUUU,2026-09-04,Call,13.5,,,False
2026-06-26,UUUUI042601400.U^I26,UUUU,2026-09-04,Call,14.0,,,False
2026-06-26,UUUUI042601450.U^I26,UUUU,2026-09-04,Call,14.5,,,False
2026-06-26,UUUUI042601500.U^I26,UUUU,2026-09-04,Call,15.0,,,False
2026-06-26,UUUUI042601550.U^I26,UUUU,2026-09-04,Call,15.5,,,False
2026-06-26,UUUUI042601600.U^I26,UUUU,2026-09-04,Call,16.0,,,False
2026-06-26,UUUUI042601650.U^I26,UUUU,2026-09-04,Call,16.5,,,False
2026-06-26,UUUUI042601700.U^I26,UUUU,2026-09-04,Call,17.0,,,False
2026-06-26,UUUUI042601750.U^I26,UUUU,2026-09-04,Call,17.5,,,False
2026-06-26,UUUUI042601800.U^I26,UUUU,2026-09-04,Call,18.0,,,False
2026-06-26,UUUUI042601850.U^I26,UUUU,2026-09-04,Call,18.5,,,False
2026-06-26,UUUUR262601100.U^F26,UUUU,2026-06-26,Put,11.0,,,True
2026-06-26,UUUUR262601200.U^F26,UUUU,2026-06-26,Put,12.0,,,True
2026-06-26,UUUUR262601250.U^F26,UUUU,2026-06-26,Put,12.5,,,True
2026-06-26,UUUUR262601300.U^F26,UUUU,2026-06-26,Put,13.0,,0.04,True
2026-06-26,UUUUR262601350.U^F26,UUUU,2026-06-26,Put,13.5,,0.01,True
2026-06-26,UUUUR262601400.U^F26,UUUU,2026-06-26,Put,14.0,,0.02,True
2026-06-26,UUUUR262601450.U^F26,UUUU,2026-06-26,Put,14.5,,0.15,True
2026-06-26,UUUUR262601500.U^F26,UUUU,2026-06-26,Put,15.0,0.575,0.66,True
2026-06-26,UUUUR262601550.U^F26,UUUU,2026-06-26,Put,15.5,1.155,1.25,True
2026-06-26,UUUUR262601600.U^F26,UUUU,2026-06-26,Put,16.0,1.68,1.82,True
2026-06-26,UUUUR262601650.U^F26,UUUU,2026-06-26,Put,16.5,2.13,2.22,True
2026-06-26,UUUUR262601700.U^F26,UUUU,2026-06-26,Put,17.0,2.655,2.52,True
2026-06-26,UUUUR262601750.U^F26,UUUU,2026-06-26,Put,17.5,3.225,,True
2026-06-26,UUUUR262601800.U^F26,UUUU,2026-06-26,Put,18.0,3.65,3.7,True
2026-06-26,UUUUR262601850.U^F26,UUUU,2026-06-26,Put,18.5,4.175,,True
2026-06-26,UUUUS102601100.U^G26,UUUU,2026-07-10,Put,11.0,0.16,,True
2026-06-26,UUUUS102601150.U^G26,UUUU,2026-07-10,Put,11.5,0.09,,True
2026-06-26,UUUUS102601200.U^G26,UUUU,2026-07-10,Put,12.0,0.15,0.16,True
2026-06-26,UUUUS102601250.U^G26,UUUU,2026-07-10,Put,12.5,0.15,0.24,True
2026-06-26,UUUUS102601300.U^G26,UUUU,2026-07-10,Put,13.0,0.305,0.37,True
2026-06-26,UUUUS102601350.U^G26,UUUU,2026-07-10,Put,13.5,0.385,0.52,True
2026-06-26,UUUUS102601400.U^G26,UUUU,2026-07-10,Put,14.0,0.55,0.73,True
2026-06-26,UUUUS102601450.U^G26,UUUU,2026-07-10,Put,14.5,0.87,0.95,True
2026-06-26,UUUUS102601500.U^G26,UUUU,2026-07-10,Put,15.0,1.215,1.34,True
2026-06-26,UUUUS102601550.U^G26,UUUU,2026-07-10,Put,15.5,1.565,1.7,True
2026-06-26,UUUUS102601600.U^G26,UUUU,2026-07-10,Put,16.0,1.93,1.99,True
2026-06-26,UUUUS102601650.U^G26,UUUU,2026-07-10,Put,16.5,2.33,2.44,True
2026-06-26,UUUUS102601700.U^G26,UUUU,2026-07-10,Put,17.0,2.825,2.9,True
2026-06-26,UUUUS102601750.U^G26,UUUU,2026-07-10,Put,17.5,3.25,3.42,True
2026-06-26,UUUUS102601800.U^G26,UUUU,2026-07-10,Put,18.0,3.8,3.86,True
2026-06-26,UUUUS102601850.U^G26,UUUU,2026-07-10,Put,18.5,4.175,4.23,True
2026-06-26,UUUUS172601100.U^G26,UUUU,2026-07-17,Put,11.0,0.105,0.1,True
2026-06-26,UUUUS172601150.U^G26,UUUU,2026-07-17,Put,11.5,0.145,0.17,True
2026-06-26,UUUUS172601200.U^G26,UUUU,2026-07-17,Put,12.0,0.245,0.21,True
2026-06-26,UUUUS172601250.U^G26,UUUU,2026-07-17,Put,12.5,0.285,0.4,True
2026-06-26,UUUUS172601300.U^G26,UUUU,2026-07-17,Put,13.0,0.41,0.55,True
2026-06-26,UUUUS172601350.U^G26,UUUU,2026-07-17,Put,13.5,0.6,0.73,True
2026-06-26,UUUUS172601400.U^G26,UUUU,2026-07-17,Put,14.0,0.84,0.81,True
2026-06-26,UUUUS172601450.U^G26,UUUU,2026-07-17,Put,14.5,0.995,1.17,True
2026-06-26,UUUUS172601500.U^G26,UUUU,2026-07-17,Put,15.0,1.41,1.32,True
2026-06-26,UUUUS172601550.U^G26,UUUU,2026-07-17,Put,15.5,1.745,1.84,True
2026-06-26,UUUUS172601600.U^G26,UUUU,2026-07-17,Put,16.0,2.075,2.24,True
2026-06-26,UUUUS172601650.U^G26,UUUU,2026-07-17,Put,16.5,2.5,2.58,True
2026-06-26,UUUUS172601700.U^G26,UUUU,2026-07-17,Put,17.0,2.95,3.05,True
2026-06-26,UUUUS172601750.U^G26,UUUU,2026-07-17,Put,17.5,3.425,3.49,True
2026-06-26,UUUUS172601800.U^G26,UUUU,2026-07-17,Put,18.0,3.725,3.72,True
2026-06-26,UUUUS172601850.U^G26,UUUU,2026-07-17,Put,18.5,4.25,4.28,True
2026-06-26,UUUUS242601050.U^G26,UUUU,2026-07-24,Put,10.5,,,False
2026-06-26,UUUUS242601100.U^G26,UUUU,2026-07-24,Put,11.0,0.135,0.22,True
2026-06-26,UUUUS242601150.U^G26,UUUU,2026-07-24,Put,11.5,,,False
2026-06-26,UUUUS242601200.U^G26,UUUU,2026-07-24,Put,12.0,0.36,0.4,True
2026-06-26,UUUUS242601250.U^G26,UUUU,2026-07-24,Put,12.5,,,False
2026-06-26,UUUUS242601300.U^G26,UUUU,2026-07-24,Put,13.0,0.57,0.69,True
2026-06-26,UUUUS242601350.U^G26,UUUU,2026-07-24,Put,13.5,0.76,0.9,True
2026-06-26,UUUUS242601400.U^G26,UUUU,2026-07-24,Put,14.0,0.97,0.99,True
2026-06-26,UUUUS242601450.U^G26,UUUU,2026-07-24,Put,14.5,1.235,1.37,True
2026-06-26,UUUUS242601500.U^G26,UUUU,2026-07-24,Put,15.0,1.53,1.72,True
2026-06-26,UUUUS242601550.U^G26,UUUU,2026-07-24,Put,15.5,1.905,2.02,True
2026-06-26,UUUUS242601600.U^G26,UUUU,2026-07-24,Put,16.0,2.325,,True
2026-06-26,UUUUS242601650.U^G26,UUUU,2026-07-24,Put,16.5,2.8,2.76,True
2026-06-26,UUUUS242601700.U^G26,UUUU,2026-07-24,Put,17.0,3.055,3.13,True
2026-06-26,UUUUS242601750.U^G26,UUUU,2026-07-24,Put,17.5,3.45,3.59,True
2026-06-26,UUUUS242601800.U^G26,UUUU,2026-07-24,Put,18.0,3.85,4.01,True
2026-06-26,UUUUS242601850.U^G26,UUUU,2026-07-24,Put,18.5,4.4,,True
2026-06-26,UUUUS312601050.U^G26,UUUU,2026-07-31,Put,10.5,0.205,,True
2026-06-26,UUUUS312601100.U^G26,UUUU,2026-07-31,Put,11.0,0.29,0.2,True
2026-06-26,UUUUS312601150.U^G26,UUUU,2026-07-31,Put,11.5,0.305,0.35,True
2026-06-26,UUUUS312601200.U^G26,UUUU,2026-07-31,Put,12.0,0.475,0.47,True
2026-06-26,UUUUS312601250.U^G26,UUUU,2026-07-31,Put,12.5,0.755,0.64,True
2026-06-26,UUUUS312601300.U^G26,UUUU,2026-07-31,Put,13.0,0.78,0.82,True
2026-06-26,UUUUS312601350.U^G26,UUUU,2026-07-31,Put,13.5,0.95,1.15,True
2026-06-26,UUUUS312601400.U^G26,UUUU,2026-07-31,Put,14.0,1.165,1.29,True
2026-06-26,UUUUS312601450.U^G26,UUUU,2026-07-31,Put,14.5,1.465,1.47,True
2026-06-26,UUUUS312601500.U^G26,UUUU,2026-07-31,Put,15.0,1.85,1.86,True
2026-06-26,UUUUS312601550.U^G26,UUUU,2026-07-31,Put,15.5,2.13,,True
2026-06-26,UUUUS312601600.U^G26,UUUU,2026-07-31,Put,16.0,2.42,,True
2026-06-26,UUUUS312601650.U^G26,UUUU,2026-07-31,Put,16.5,2.785,2.87,True
2026-06-26,UUUUS312601700.U^G26,UUUU,2026-07-31,Put,17.0,3.18,3.17,True
2026-06-26,UUUUS312601750.U^G26,UUUU,2026-07-31,Put,17.5,3.475,3.7,True
2026-06-26,UUUUS312601800.U^G26,UUUU,2026-07-31,Put,18.0,3.975,4.13,True
2026-06-26,UUUUS312601850.U^G26,UUUU,2026-07-31,Put,18.5,4.525,,True
2026-06-26,UUUUT072601050.U^H26,UUUU,2026-08-07,Put,10.5,,,True
2026-06-26,UUUUT072601100.U^H26,UUUU,2026-08-07,Put,11.0,1.235,0.32,True
2026-06-26,UUUUT072601150.U^H26,UUUU,2026-08-07,Put,11.5,0.475,0.46,True
2026-06-26,UUUUT072601200.U^H26,UUUU,2026-08-07,Put,12.0,1.45,0.64,True
2026-06-26,UUUUT072601250.U^H26,UUUU,2026-08-07,Put,12.5,,,True
2026-06-26,UUUUT072601300.U^H26,UUUU,2026-08-07,Put,13.0,1.6,,True
2026-06-26,UUUUT072601350.U^H26,UUUU,2026-08-07,Put,13.5,,,True
2026-06-26,UUUUT072601400.U^H26,UUUU,2026-08-07,Put,14.0,1.395,1.31,True
2026-06-26,UUUUT072601450.U^H26,UUUU,2026-08-07,Put,14.5,1.655,1.68,True
2026-06-26,UUUUT072601500.U^H26,UUUU,2026-08-07,Put,15.0,1.9,1.99,True
2026-06-26,UUUUT072601550.U^H26,UUUU,2026-08-07,Put,15.5,2.31,2.36,True
2026-06-26,UUUUT072601600.U^H26,UUUU,2026-08-07,Put,16.0,2.61,2.52,True
2026-06-26,UUUUT072601650.U^H26,UUUU,2026-08-07,Put,16.5,2.975,3.07,True
2026-06-26,UUUUT072601700.U^H26,UUUU,2026-08-07,Put,17.0,3.45,,True
2026-06-26,UUUUT072601750.U^H26,UUUU,2026-08-07,Put,17.5,3.875,,True
2026-06-26,UUUUT072601800.U^H26,UUUU,2026-08-07,Put,18.0,4.2,,True
2026-06-26,UUUUT072601850.U^H26,UUUU,2026-08-07,Put,18.5,4.005,,True
2026-06-26,UUUUT142601050.U^H26,UUUU,2026-08-14,Put,10.5,,,False
2026-06-26,UUUUT142601100.U^H26,UUUU,2026-08-14,Put,11.0,,,False
2026-06-26,UUUUT142601150.U^H26,UUUU,2026-08-14,Put,11.5,,,False
2026-06-26,UUUUT142601200.U^H26,UUUU,2026-08-14,Put,12.0,,,False
2026-06-26,UUUUT142601250.U^H26,UUUU,2026-08-14,Put,12.5,,,False
2026-06-26,UUUUT142601300.U^H26,UUUU,2026-08-14,Put,13.0,,,False
2026-06-26,UUUUT142601350.U^H26,UUUU,2026-08-14,Put,13.5,,,False
2026-06-26,UUUUT142601400.U^H26,UUUU,2026-08-14,Put,14.0,,,False
2026-06-26,UUUUT142601450.U^H26,UUUU,2026-08-14,Put,14.5,,,False
2026-06-26,UUUUT142601500.U^H26,UUUU,2026-08-14,Put,15.0,,,False
2026-06-26,UUUUT142601550.U^H26,UUUU,2026-08-14,Put,15.5,,,False
2026-06-26,UUUUT142601600.U^H26,UUUU,2026-08-14,Put,16.0,,,False
2026-06-26,UUUUT142601650.U^H26,UUUU,2026-08-14,Put,16.5,,,False
2026-06-26,UUUUT142601700.U^H26,UUUU,2026-08-14,Put,17.0,,,False
2026-06-26,UUUUT142601750.U^H26,UUUU,2026-08-14,Put,17.5,,,False
2026-06-26,UUUUT142601800.U^H26,UUUU,2026-08-14,Put,18.0,,,False
2026-06-26,UUUUT142601850.U^H26,UUUU,2026-08-14,Put,18.5,,,False
2026-06-26,UUUUT212601050.U^H26,UUUU,2026-08-21,Put,10.5,,,False
2026-06-26,UUUUT212601100.U^H26,UUUU,2026-08-21,Put,11.0,0.395,0.51,True
2026-06-26,UUUUT212601150.U^H26,UUUU,2026-08-21,Put,11.5,,,False
2026-06-26,UUUUT212601200.U^H26,UUUU,2026-08-21,Put,12.0,0.7,0.82,True
2026-06-26,UUUUT212601250.U^H26,UUUU,2026-08-21,Put,12.5,,,False
2026-06-26,UUUUT212601300.U^H26,UUUU,2026-08-21,Put,13.0,1.15,1.17,True
2026-06-26,UUUUT212601350.U^H26,UUUU,2026-08-21,Put,13.5,,,False
2026-06-26,UUUUT212601400.U^H26,UUUU,2026-08-21,Put,14.0,1.615,1.68,True
2026-06-26,UUUUT212601450.U^H26,UUUU,2026-08-21,Put,14.5,,,False
2026-06-26,UUUUT212601500.U^H26,UUUU,2026-08-21,Put,15.0,2.08,2.11,True
2026-06-26,UUUUT212601550.U^H26,UUUU,2026-08-21,Put,15.5,,,False
2026-06-26,UUUUT212601600.U^H26,UUUU,2026-08-21,Put,16.0,2.795,2.86,True
2026-06-26,UUUUT212601650.U^H26,UUUU,2026-08-21,Put,16.5,,,False
2026-06-26,UUUUT212601700.U^H26,UUUU,2026-08-21,Put,17.0,3.575,3.52,True
2026-06-26,UUUUT212601750.U^H26,UUUU,2026-08-21,Put,17.5,,,False
2026-06-26,UUUUT212601800.U^H26,UUUU,2026-08-21,Put,18.0,4.275,4.27,True
2026-06-26,UUUUT212601850.U^H26,UUUU,2026-08-21,Put,18.5,,,False
2026-06-26,UUUUT282601050.U^H26,UUUU,2026-08-28,Put,10.5,,,False
2026-06-26,UUUUT282601100.U^H26,UUUU,2026-08-28,Put,11.0,,,False
2026-06-26,UUUUT282601150.U^H26,UUUU,2026-08-28,Put,11.5,,,False
2026-06-26,UUUUT282601200.U^H26,UUUU,2026-08-28,Put,12.0,,,False
2026-06-26,UUUUT282601250.U^H26,UUUU,2026-08-28,Put,12.5,,,False
2026-06-26,UUUUT282601300.U^H26,UUUU,2026-08-28,Put,13.0,,,False
2026-06-26,UUUUT282601350.U^H26,UUUU,2026-08-28,Put,13.5,,,False
2026-06-26,UUUUT282601400.U^H26,UUUU,2026-08-28,Put,14.0,,,False
2026-06-26,UUUUT282601450.U^H26,UUUU,2026-08-28,Put,14.5,,,False
2026-06-26,UUUUT282601500.U^H26,UUUU,2026-08-28,Put,15.0,,,False
2026-06-26,UUUUT282601550.U^H26,UUUU,2026-08-28,Put,15.5,,,False
2026-06-26,UUUUT282601600.U^H26,UUUU,2026-08-28,Put,16.0,,,False
2026-06-26,UUUUT282601650.U^H26,UUUU,2026-08-28,Put,16.5,,,False
2026-06-26,UUUUT282601700.U^H26,UUUU,2026-08-28,Put,17.0,,,False
2026-06-26,UUUUT282601750.U^H26,UUUU,2026-08-28,Put,17.5,,,False
2026-06-26,UUUUT282601800.U^H26,UUUU,2026-08-28,Put,18.0,,,False
2026-06-26,UUUUT282601850.U^H26,UUUU,2026-08-28,Put,18.5,,,False
2026-06-26,UUUUU042601050.U^I26,UUUU,2026-09-04,Put,10.5,,,False
2026-06-26,UUUUU042601100.U^I26,UUUU,2026-09-04,Put,11.0,,,False
2026-06-26,UUUUU042601150.U^I26,UUUU,2026-09-04,Put,11.5,,,False
2026-06-26,UUUUU042601200.U^I26,UUUU,2026-09-04,Put,12.0,,,False
2026-06-26,UUUUU042601250.U^I26,UUUU,2026-09-04,Put,12.5,,,False
2026-06-26,UUUUU042601300.U^I26,UUUU,2026-09-04,Put,13.0,,,False
2026-06-26,UUUUU042601350.U^I26,UUUU,2026-09-04,Put,13.5,,,False
2026-06-26,UUUUU042601400.U^I26,UUUU,2026-09-04,Put,14.0,,,False
2026-06-26,UUUUU042601450.U^I26,UUUU,2026-09-04,Put,14.5,,,False
2026-06-26,UUUUU042601500.U^I26,UUUU,2026-09-04,Put,15.0,,,False
2026-06-26,UUUUU042601550.U^I26,UUUU,2026-09-04,Put,15.5,,,False
2026-06-26,UUUUU042601600.U^I26,UUUU,2026-09-04,Put,16.0,,,False
2026-06-26,UUUUU042601650.U^I26,UUUU,2026-09-04,Put,16.5,,,False
2026-06-26,UUUUU042601700.U^I26,UUUU,2026-09-04,Put,17.0,,,False
2026-06-26,UUUUU042601750.U^I26,UUUU,2026-09-04,Put,17.5,,,False
2026-06-26,UUUUU042601800.U^I26,UUUU,2026-09-04,Put,18.0,,,False
2026-06-26,UUUUU042601850.U^I26,UUUU,2026-09-04,Put,18.5,,,False
2026-06-29,UUUUG102601100.U^G26,UUUU,2026-07-10,Call,11.0,3.5,3.25,True
2026-06-29,UUUUG102601150.U^G26,UUUU,2026-07-10,Call,11.5,3.13,2.98,True
2026-06-29,UUUUG102601200.U^G26,UUUU,2026-07-10,Call,12.0,2.47,,True
2026-06-29,UUUUG102601250.U^G26,UUUU,2026-07-10,Call,12.5,2.12,1.99,True
2026-06-29,UUUUG102601300.U^G26,UUUU,2026-07-10,Call,13.0,1.785,1.82,True
2026-06-29,UUUUG102601350.U^G26,UUUU,2026-07-10,Call,13.5,1.35,1.09,True
2026-06-29,UUUUG102601400.U^G26,UUUU,2026-07-10,Call,14.0,1.045,1.11,True
2026-06-29,UUUUG102601450.U^G26,UUUU,2026-07-10,Call,14.5,0.85,0.99,True
2026-06-29,UUUUG102601500.U^G26,UUUU,2026-07-10,Call,15.0,0.65,0.59,True
2026-06-29,UUUUG102601550.U^G26,UUUU,2026-07-10,Call,15.5,0.41,0.46,True
2026-06-29,UUUUG102601600.U^G26,UUUU,2026-07-10,Call,16.0,0.26,0.26,True
2026-06-29,UUUUG102601650.U^G26,UUUU,2026-07-10,Call,16.5,0.165,0.19,True
2026-06-29,UUUUG102601700.U^G26,UUUU,2026-07-10,Call,17.0,0.105,0.11,True
2026-06-29,UUUUG102601750.U^G26,UUUU,2026-07-10,Call,17.5,0.07,0.07,True
2026-06-29,UUUUG102601800.U^G26,UUUU,2026-07-10,Call,18.0,0.055,0.05,True
2026-06-29,UUUUG102601850.U^G26,UUUU,2026-07-10,Call,18.5,0.03,0.02,True
2026-06-29,UUUUG172601100.U^G26,UUUU,2026-07-17,Call,11.0,3.47,2.95,True
2026-06-29,UUUUG172601150.U^G26,UUUU,2026-07-17,Call,11.5,3.005,,True
2026-06-29,UUUUG172601200.U^G26,UUUU,2026-07-17,Call,12.0,2.605,,True
2026-06-29,UUUUG172601250.U^G26,UUUU,2026-07-17,Call,12.5,2.24,2.1,True
2026-06-29,UUUUG172601300.U^G26,UUUU,2026-07-17,Call,13.0,1.86,,True
2026-06-29,UUUUG172601350.U^G26,UUUU,2026-07-17,Call,13.5,1.59,1.46,True
2026-06-29,UUUUG172601400.U^G26,UUUU,2026-07-17,Call,14.0,1.36,1.15,True
2026-06-29,UUUUG172601450.U^G26,UUUU,2026-07-17,Call,14.5,1.07,1.05,True
2026-06-29,UUUUG172601500.U^G26,UUUU,2026-07-17,Call,15.0,0.835,0.85,True
2026-06-29,UUUUG172601550.U^G26,UUUU,2026-07-17,Call,15.5,0.635,0.63,True
2026-06-29,UUUUG172601600.U^G26,UUUU,2026-07-17,Call,16.0,0.48,0.49,True
2026-06-29,UUUUG172601650.U^G26,UUUU,2026-07-17,Call,16.5,0.375,0.35,True
2026-06-29,UUUUG172601700.U^G26,UUUU,2026-07-17,Call,17.0,0.265,0.26,True
2026-06-29,UUUUG172601750.U^G26,UUUU,2026-07-17,Call,17.5,0.24,0.2,True
2026-06-29,UUUUG172601800.U^G26,UUUU,2026-07-17,Call,18.0,0.155,0.15,True
2026-06-29,UUUUG172601850.U^G26,UUUU,2026-07-17,Call,18.5,0.105,0.1,True
2026-06-29,UUUUG242601050.U^G26,UUUU,2026-07-24,Call,10.5,,,False
2026-06-29,UUUUG242601100.U^G26,UUUU,2026-07-24,Call,11.0,3.7,,True
2026-06-29,UUUUG242601150.U^G26,UUUU,2026-07-24,Call,11.5,,,False
2026-06-29,UUUUG242601200.U^G26,UUUU,2026-07-24,Call,12.0,2.78,,True
2026-06-29,UUUUG242601250.U^G26,UUUU,2026-07-24,Call,12.5,,,False
2026-06-29,UUUUG242601300.U^G26,UUUU,2026-07-24,Call,13.0,2.09,,True
2026-06-29,UUUUG242601350.U^G26,UUUU,2026-07-24,Call,13.5,1.71,1.63,True
2026-06-29,UUUUG242601400.U^G26,UUUU,2026-07-24,Call,14.0,1.535,,True
2026-06-29,UUUUG242601450.U^G26,UUUU,2026-07-24,Call,14.5,1.32,1.32,True
2026-06-29,UUUUG242601500.U^G26,UUUU,2026-07-24,Call,15.0,1.0,0.8,True
2026-06-29,UUUUG242601550.U^G26,UUUU,2026-07-24,Call,15.5,0.79,0.63,True
2026-06-29,UUUUG242601600.U^G26,UUUU,2026-07-24,Call,16.0,0.72,0.64,True
2026-06-29,UUUUG242601650.U^G26,UUUU,2026-07-24,Call,16.5,0.54,0.45,True
2026-06-29,UUUUG242601700.U^G26,UUUU,2026-07-24,Call,17.0,0.39,0.42,True
2026-06-29,UUUUG242601750.U^G26,UUUU,2026-07-24,Call,17.5,0.31,0.34,True
2026-06-29,UUUUG242601800.U^G26,UUUU,2026-07-24,Call,18.0,0.285,0.25,True
2026-06-29,UUUUG242601850.U^G26,UUUU,2026-07-24,Call,18.5,0.27,0.2,True
2026-06-29,UUUUG312601050.U^G26,UUUU,2026-07-31,Call,10.5,4.075,,True
2026-06-29,UUUUG312601100.U^G26,UUUU,2026-07-31,Call,11.0,3.675,,True
2026-06-29,UUUUG312601150.U^G26,UUUU,2026-07-31,Call,11.5,3.315,,True
2026-06-29,UUUUG312601200.U^G26,UUUU,2026-07-31,Call,12.0,2.99,,True
2026-06-29,UUUUG312601250.U^G26,UUUU,2026-07-31,Call,12.5,2.52,,True
2026-06-29,UUUUG312601300.U^G26,UUUU,2026-07-31,Call,13.0,2.2,,True
2026-06-29,UUUUG312601350.U^G26,UUUU,2026-07-31,Call,13.5,1.91,1.98,True
2026-06-29,UUUUG312601400.U^G26,UUUU,2026-07-31,Call,14.0,1.63,1.4,True
2026-06-29,UUUUG312601450.U^G26,UUUU,2026-07-31,Call,14.5,1.415,1.42,True
2026-06-29,UUUUG312601500.U^G26,UUUU,2026-07-31,Call,15.0,1.18,1.06,True
2026-06-29,UUUUG312601550.U^G26,UUUU,2026-07-31,Call,15.5,0.915,0.96,True
2026-06-29,UUUUG312601600.U^G26,UUUU,2026-07-31,Call,16.0,0.785,0.77,True
2026-06-29,UUUUG312601650.U^G26,UUUU,2026-07-31,Call,16.5,0.67,,True
2026-06-29,UUUUG312601700.U^G26,UUUU,2026-07-31,Call,17.0,0.555,0.51,True
2026-06-29,UUUUG312601750.U^G26,UUUU,2026-07-31,Call,17.5,0.375,0.44,True
2026-06-29,UUUUG312601800.U^G26,UUUU,2026-07-31,Call,18.0,0.355,0.36,True
2026-06-29,UUUUG312601850.U^G26,UUUU,2026-07-31,Call,18.5,0.33,0.3,True
2026-06-29,UUUUH072601050.U^H26,UUUU,2026-08-07,Call,10.5,4.2,,True
2026-06-29,UUUUH072601100.U^H26,UUUU,2026-08-07,Call,11.0,3.725,,True
2026-06-29,UUUUH072601150.U^H26,UUUU,2026-08-07,Call,11.5,3.475,,True
2026-06-29,UUUUH072601200.U^H26,UUUU,2026-08-07,Call,12.0,3.14,,True
2026-06-29,UUUUH072601250.U^H26,UUUU,2026-08-07,Call,12.5,2.655,,True
2026-06-29,UUUUH072601300.U^H26,UUUU,2026-08-07,Call,13.0,2.365,,True
2026-06-29,UUUUH072601350.U^H26,UUUU,2026-08-07,Call,13.5,2.07,,True
2026-06-29,UUUUH072601400.U^H26,UUUU,2026-08-07,Call,14.0,1.785,,True
2026-06-29,UUUUH072601450.U^H26,UUUU,2026-08-07,Call,14.5,1.615,1.68,True
2026-06-29,UUUUH072601500.U^H26,UUUU,2026-08-07,Call,15.0,1.33,,True
2026-06-29,UUUUH072601550.U^H26,UUUU,2026-08-07,Call,15.5,1.16,1.1,True
2026-06-29,UUUUH072601600.U^H26,UUUU,2026-08-07,Call,16.0,1.05,0.9,True
2026-06-29,UUUUH072601650.U^H26,UUUU,2026-08-07,Call,16.5,0.82,0.73,True
2026-06-29,UUUUH072601700.U^H26,UUUU,2026-08-07,Call,17.0,0.725,0.71,True
2026-06-29,UUUUH072601750.U^H26,UUUU,2026-08-07,Call,17.5,0.575,,True
2026-06-29,UUUUH072601800.U^H26,UUUU,2026-08-07,Call,18.0,0.585,0.52,True
2026-06-29,UUUUH072601850.U^H26,UUUU,2026-08-07,Call,18.5,0.47,0.45,True
2026-06-29,UUUUH142601050.U^H26,UUUU,2026-08-14,Call,10.5,,,False
2026-06-29,UUUUH142601100.U^H26,UUUU,2026-08-14,Call,11.0,,,False
2026-06-29,UUUUH142601150.U^H26,UUUU,2026-08-14,Call,11.5,,,False
2026-06-29,UUUUH142601200.U^H26,UUUU,2026-08-14,Call,12.0,,,False
2026-06-29,UUUUH142601250.U^H26,UUUU,2026-08-14,Call,12.5,,,False
2026-06-29,UUUUH142601300.U^H26,UUUU,2026-08-14,Call,13.0,,,False
2026-06-29,UUUUH142601350.U^H26,UUUU,2026-08-14,Call,13.5,,,False
2026-06-29,UUUUH142601400.U^H26,UUUU,2026-08-14,Call,14.0,,,False
2026-06-29,UUUUH142601450.U^H26,UUUU,2026-08-14,Call,14.5,,,False
2026-06-29,UUUUH142601500.U^H26,UUUU,2026-08-14,Call,15.0,,,False
2026-06-29,UUUUH142601550.U^H26,UUUU,2026-08-14,Call,15.5,,,False
2026-06-29,UUUUH142601600.U^H26,UUUU,2026-08-14,Call,16.0,,,False
2026-06-29,UUUUH142601650.U^H26,UUUU,2026-08-14,Call,16.5,,,False
2026-06-29,UUUUH142601700.U^H26,UUUU,2026-08-14,Call,17.0,,,False
2026-06-29,UUUUH142601750.U^H26,UUUU,2026-08-14,Call,17.5,,,False
2026-06-29,UUUUH142601800.U^H26,UUUU,2026-08-14,Call,18.0,,,False
2026-06-29,UUUUH142601850.U^H26,UUUU,2026-08-14,Call,18.5,,,False
2026-06-29,UUUUH212601050.U^H26,UUUU,2026-08-21,Call,10.5,,,False
2026-06-29,UUUUH212601100.U^H26,UUUU,2026-08-21,Call,11.0,4.0,3.9,True
2026-06-29,UUUUH212601150.U^H26,UUUU,2026-08-21,Call,11.5,,,False
2026-06-29,UUUUH212601200.U^H26,UUUU,2026-08-21,Call,12.0,3.225,,True
2026-06-29,UUUUH212601250.U^H26,UUUU,2026-08-21,Call,12.5,,,False
2026-06-29,UUUUH212601300.U^H26,UUUU,2026-08-21,Call,13.0,2.585,2.71,True
2026-06-29,UUUUH212601350.U^H26,UUUU,2026-08-21,Call,13.5,,,False
2026-06-29,UUUUH212601400.U^H26,UUUU,2026-08-21,Call,14.0,2.09,2.11,True
2026-06-29,UUUUH212601450.U^H26,UUUU,2026-08-21,Call,14.5,,,False
2026-06-29,UUUUH212601500.U^H26,UUUU,2026-08-21,Call,15.0,1.67,1.64,True
2026-06-29,UUUUH212601550.U^H26,UUUU,2026-08-21,Call,15.5,,,False
2026-06-29,UUUUH212601600.U^H26,UUUU,2026-08-21,Call,16.0,1.265,1.02,True
2026-06-29,UUUUH212601650.U^H26,UUUU,2026-08-21,Call,16.5,,,False
2026-06-29,UUUUH212601700.U^H26,UUUU,2026-08-21,Call,17.0,0.975,0.9,True
2026-06-29,UUUUH212601750.U^H26,UUUU,2026-08-21,Call,17.5,,,False
2026-06-29,UUUUH212601800.U^H26,UUUU,2026-08-21,Call,18.0,0.82,0.73,True
2026-06-29,UUUUH212601850.U^H26,UUUU,2026-08-21,Call,18.5,,,False
2026-06-29,UUUUH282601050.U^H26,UUUU,2026-08-28,Call,10.5,,,False
2026-06-29,UUUUH282601100.U^H26,UUUU,2026-08-28,Call,11.0,,,False
2026-06-29,UUUUH282601150.U^H26,UUUU,2026-08-28,Call,11.5,,,False
2026-06-29,UUUUH282601200.U^H26,UUUU,2026-08-28,Call,12.0,,,False
2026-06-29,UUUUH282601250.U^H26,UUUU,2026-08-28,Call,12.5,,,False
2026-06-29,UUUUH282601300.U^H26,UUUU,2026-08-28,Call,13.0,,,False
2026-06-29,UUUUH282601350.U^H26,UUUU,2026-08-28,Call,13.5,,,False
2026-06-29,UUUUH282601400.U^H26,UUUU,2026-08-28,Call,14.0,,,False
2026-06-29,UUUUH282601450.U^H26,UUUU,2026-08-28,Call,14.5,,,False
2026-06-29,UUUUH282601500.U^H26,UUUU,2026-08-28,Call,15.0,,,False
2026-06-29,UUUUH282601550.U^H26,UUUU,2026-08-28,Call,15.5,,,False
2026-06-29,UUUUH282601600.U^H26,UUUU,2026-08-28,Call,16.0,,,False
2026-06-29,UUUUH282601650.U^H26,UUUU,2026-08-28,Call,16.5,,,False
2026-06-29,UUUUH282601700.U^H26,UUUU,2026-08-28,Call,17.0,,,False
2026-06-29,UUUUH282601750.U^H26,UUUU,2026-08-28,Call,17.5,,,False
2026-06-29,UUUUH282601800.U^H26,UUUU,2026-08-28,Call,18.0,,,False
2026-06-29,UUUUH282601850.U^H26,UUUU,2026-08-28,Call,18.5,,,False
2026-06-29,UUUUI042601050.U^I26,UUUU,2026-09-04,Call,10.5,,,False
2026-06-29,UUUUI042601100.U^I26,UUUU,2026-09-04,Call,11.0,,,False
2026-06-29,UUUUI042601150.U^I26,UUUU,2026-09-04,Call,11.5,,,False
2026-06-29,UUUUI042601200.U^I26,UUUU,2026-09-04,Call,12.0,,,False
2026-06-29,UUUUI042601250.U^I26,UUUU,2026-09-04,Call,12.5,,,False
2026-06-29,UUUUI042601300.U^I26,UUUU,2026-09-04,Call,13.0,,,False
2026-06-29,UUUUI042601350.U^I26,UUUU,2026-09-04,Call,13.5,,,False
2026-06-29,UUUUI042601400.U^I26,UUUU,2026-09-04,Call,14.0,,,False
2026-06-29,UUUUI042601450.U^I26,UUUU,2026-09-04,Call,14.5,,,False
2026-06-29,UUUUI042601500.U^I26,UUUU,2026-09-04,Call,15.0,,,False
2026-06-29,UUUUI042601550.U^I26,UUUU,2026-09-04,Call,15.5,,,False
2026-06-29,UUUUI042601600.U^I26,UUUU,2026-09-04,Call,16.0,,,False
2026-06-29,UUUUI042601650.U^I26,UUUU,2026-09-04,Call,16.5,,,False
2026-06-29,UUUUI042601700.U^I26,UUUU,2026-09-04,Call,17.0,,,False
2026-06-29,UUUUI042601750.U^I26,UUUU,2026-09-04,Call,17.5,,,False
2026-06-29,UUUUI042601800.U^I26,UUUU,2026-09-04,Call,18.0,,,False
2026-06-29,UUUUI042601850.U^I26,UUUU,2026-09-04,Call,18.5,,,False
2026-06-29,UUUUS102601100.U^G26,UUUU,2026-07-10,Put,11.0,,0.03,True
2026-06-29,UUUUS102601150.U^G26,UUUU,2026-07-10,Put,11.5,,0.06,True
2026-06-29,UUUUS102601200.U^G26,UUUU,2026-07-10,Put,12.0,0.05,0.08,True
2026-06-29,UUUUS102601250.U^G26,UUUU,2026-07-10,Put,12.5,0.13,0.15,True
2026-06-29,UUUUS102601300.U^G26,UUUU,2026-07-10,Put,13.0,0.2,0.25,True
2026-06-29,UUUUS102601350.U^G26,UUUU,2026-07-10,Put,13.5,0.325,0.29,True
2026-06-29,UUUUS102601400.U^G26,UUUU,2026-07-10,Put,14.0,0.5,0.5,True
2026-06-29,UUUUS102601450.U^G26,UUUU,2026-07-10,Put,14.5,0.77,0.85,True
2026-06-29,UUUUS102601500.U^G26,UUUU,2026-07-10,Put,15.0,1.015,1.06,True
2026-06-29,UUUUS102601550.U^G26,UUUU,2026-07-10,Put,15.5,1.385,1.45,True
2026-06-29,UUUUS102601600.U^G26,UUUU,2026-07-10,Put,16.0,1.74,1.82,True
2026-06-29,UUUUS102601650.U^G26,UUUU,2026-07-10,Put,16.5,2.09,2.09,True
2026-06-29,UUUUS102601700.U^G26,UUUU,2026-07-10,Put,17.0,2.525,2.53,True
2026-06-29,UUUUS102601750.U^G26,UUUU,2026-07-10,Put,17.5,3.08,3.08,True
2026-06-29,UUUUS102601800.U^G26,UUUU,2026-07-10,Put,18.0,3.525,,True
2026-06-29,UUUUS102601850.U^G26,UUUU,2026-07-10,Put,18.5,4.05,4.25,True
2026-06-29,UUUUS172601100.U^G26,UUUU,2026-07-17,Put,11.0,,0.07,True
2026-06-29,UUUUS172601150.U^G26,UUUU,2026-07-17,Put,11.5,0.12,,True
2026-06-29,UUUUS172601200.U^G26,UUUU,2026-07-17,Put,12.0,0.185,0.2,True
2026-06-29,UUUUS172601250.U^G26,UUUU,2026-07-17,Put,12.5,0.28,0.28,True
2026-06-29,UUUUS172601300.U^G26,UUUU,2026-07-17,Put,13.0,0.405,0.39,True
2026-06-29,UUUUS172601350.U^G26,UUUU,2026-07-17,Put,13.5,0.545,0.56,True
2026-06-29,UUUUS172601400.U^G26,UUUU,2026-07-17,Put,14.0,0.745,0.74,True
2026-06-29,UUUUS172601450.U^G26,UUUU,2026-07-17,Put,14.5,1.0,1.01,True
2026-06-29,UUUUS172601500.U^G26,UUUU,2026-07-17,Put,15.0,1.275,1.35,True
2026-06-29,UUUUS172601550.U^G26,UUUU,2026-07-17,Put,15.5,1.51,1.78,True
2026-06-29,UUUUS172601600.U^G26,UUUU,2026-07-17,Put,16.0,1.895,2.08,True
2026-06-29,UUUUS172601650.U^G26,UUUU,2026-07-17,Put,16.5,2.25,2.25,True
2026-06-29,UUUUS172601700.U^G26,UUUU,2026-07-17,Put,17.0,2.665,2.65,True
2026-06-29,UUUUS172601750.U^G26,UUUU,2026-07-17,Put,17.5,3.265,3.31,True
2026-06-29,UUUUS172601800.U^G26,UUUU,2026-07-17,Put,18.0,3.6,3.6,True
2026-06-29,UUUUS172601850.U^G26,UUUU,2026-07-17,Put,18.5,4.05,,True
2026-06-29,UUUUS242601050.U^G26,UUUU,2026-07-24,Put,10.5,,,False
2026-06-29,UUUUS242601100.U^G26,UUUU,2026-07-24,Put,11.0,0.12,0.12,True
2026-06-29,UUUUS242601150.U^G26,UUUU,2026-07-24,Put,11.5,,,False
2026-06-29,UUUUS242601200.U^G26,UUUU,2026-07-24,Put,12.0,0.265,0.28,True
2026-06-29,UUUUS242601250.U^G26,UUUU,2026-07-24,Put,12.5,,,False
2026-06-29,UUUUS242601300.U^G26,UUUU,2026-07-24,Put,13.0,0.515,0.64,True
2026-06-29,UUUUS242601350.U^G26,UUUU,2026-07-24,Put,13.5,0.705,0.87,True
2026-06-29,UUUUS242601400.U^G26,UUUU,2026-07-24,Put,14.0,0.87,0.96,True
2026-06-29,UUUUS242601450.U^G26,UUUU,2026-07-24,Put,14.5,1.165,1.5,True
2026-06-29,UUUUS242601500.U^G26,UUUU,2026-07-24,Put,15.0,1.435,1.56,True
2026-06-29,UUUUS242601550.U^G26,UUUU,2026-07-24,Put,15.5,1.735,,True
2026-06-29,UUUUS242601600.U^G26,UUUU,2026-07-24,Put,16.0,2.11,2.21,True
2026-06-29,UUUUS242601650.U^G26,UUUU,2026-07-24,Put,16.5,2.4,2.38,True
2026-06-29,UUUUS242601700.U^G26,UUUU,2026-07-24,Put,17.0,2.765,2.82,True
2026-06-29,UUUUS242601750.U^G26,UUUU,2026-07-24,Put,17.5,3.19,,True
2026-06-29,UUUUS242601800.U^G26,UUUU,2026-07-24,Put,18.0,3.675,3.67,True
2026-06-29,UUUUS242601850.U^G26,UUUU,2026-07-24,Put,18.5,4.2,4.32,True
2026-06-29,UUUUS312601050.U^G26,UUUU,2026-07-31,Put,10.5,0.155,0.17,True
2026-06-29,UUUUS312601100.U^G26,UUUU,2026-07-31,Put,11.0,0.23,0.27,True
2026-06-29,UUUUS312601150.U^G26,UUUU,2026-07-31,Put,11.5,0.315,0.27,True
2026-06-29,UUUUS312601200.U^G26,UUUU,2026-07-31,Put,12.0,0.395,0.43,True
2026-06-29,UUUUS312601250.U^G26,UUUU,2026-07-31,Put,12.5,0.505,,True
2026-06-29,UUUUS312601300.U^G26,UUUU,2026-07-31,Put,13.0,0.66,0.69,True
2026-06-29,UUUUS312601350.U^G26,UUUU,2026-07-31,Put,13.5,0.83,1.11,True
2026-06-29,UUUUS312601400.U^G26,UUUU,2026-07-31,Put,14.0,1.025,1.06,True
2026-06-29,UUUUS312601450.U^G26,UUUU,2026-07-31,Put,14.5,1.29,1.34,True
2026-06-29,UUUUS312601500.U^G26,UUUU,2026-07-31,Put,15.0,1.625,1.87,True
2026-06-29,UUUUS312601550.U^G26,UUUU,2026-07-31,Put,15.5,1.92,,True
2026-06-29,UUUUS312601600.U^G26,UUUU,2026-07-31,Put,16.0,2.305,2.44,True
2026-06-29,UUUUS312601650.U^G26,UUUU,2026-07-31,Put,16.5,2.635,,True
2026-06-29,UUUUS312601700.U^G26,UUUU,2026-07-31,Put,17.0,2.905,2.99,True
2026-06-29,UUUUS312601750.U^G26,UUUU,2026-07-31,Put,17.5,3.4,3.82,True
2026-06-29,UUUUS312601800.U^G26,UUUU,2026-07-31,Put,18.0,3.8,4.01,True
2026-06-29,UUUUS312601850.U^G26,UUUU,2026-07-31,Put,18.5,4.325,,True
2026-06-29,UUUUT072601050.U^H26,UUUU,2026-08-07,Put,10.5,0.23,,True
2026-06-29,UUUUT072601100.U^H26,UUUU,2026-08-07,Put,11.0,0.315,,True
2026-06-29,UUUUT072601150.U^H26,UUUU,2026-08-07,Put,11.5,0.435,0.45,True
2026-06-29,UUUUT072601200.U^H26,UUUU,2026-08-07,Put,12.0,0.55,0.62,True
2026-06-29,UUUUT072601250.U^H26,UUUU,2026-08-07,Put,12.5,0.665,0.65,True
2026-06-29,UUUUT072601300.U^H26,UUUU,2026-08-07,Put,13.0,0.835,,True
2026-06-29,UUUUT072601350.U^H26,UUUU,2026-08-07,Put,13.5,1.06,1.1,True
2026-06-29,UUUUT072601400.U^H26,UUUU,2026-08-07,Put,14.0,1.215,1.29,True
2026-06-29,UUUUT072601450.U^H26,UUUU,2026-08-07,Put,14.5,1.52,1.54,True
2026-06-29,UUUUT072601500.U^H26,UUUU,2026-08-07,Put,15.0,1.77,2.06,True
2026-06-29,UUUUT072601550.U^H26,UUUU,2026-08-07,Put,15.5,2.075,,True
2026-06-29,UUUUT072601600.U^H26,UUUU,2026-08-07,Put,16.0,2.44,2.51,True
2026-06-29,UUUUT072601650.U^H26,UUUU,2026-08-07,Put,16.5,2.795,2.93,True
2026-06-29,UUUUT072601700.U^H26,UUUU,2026-08-07,Put,17.0,3.12,,True
2026-06-29,UUUUT072601750.U^H26,UUUU,2026-08-07,Put,17.5,3.5,,True
2026-06-29,UUUUT072601800.U^H26,UUUU,2026-08-07,Put,18.0,3.9,4.27,True
2026-06-29,UUUUT072601850.U^H26,UUUU,2026-08-07,Put,18.5,4.375,,True
2026-06-29,UUUUT142601050.U^H26,UUUU,2026-08-14,Put,10.5,,,False
2026-06-29,UUUUT142601100.U^H26,UUUU,2026-08-14,Put,11.0,,,False
2026-06-29,UUUUT142601150.U^H26,UUUU,2026-08-14,Put,11.5,,,False
2026-06-29,UUUUT142601200.U^H26,UUUU,2026-08-14,Put,12.0,,,False
2026-06-29,UUUUT142601250.U^H26,UUUU,2026-08-14,Put,12.5,,,False
2026-06-29,UUUUT142601300.U^H26,UUUU,2026-08-14,Put,13.0,,,False
2026-06-29,UUUUT142601350.U^H26,UUUU,2026-08-14,Put,13.5,,,False
2026-06-29,UUUUT142601400.U^H26,UUUU,2026-08-14,Put,14.0,,,False
2026-06-29,UUUUT142601450.U^H26,UUUU,2026-08-14,Put,14.5,,,False
2026-06-29,UUUUT142601500.U^H26,UUUU,2026-08-14,Put,15.0,,,False
2026-06-29,UUUUT142601550.U^H26,UUUU,2026-08-14,Put,15.5,,,False
2026-06-29,UUUUT142601600.U^H26,UUUU,2026-08-14,Put,16.0,,,False
2026-06-29,UUUUT142601650.U^H26,UUUU,2026-08-14,Put,16.5,,,False
2026-06-29,UUUUT142601700.U^H26,UUUU,2026-08-14,Put,17.0,,,False
2026-06-29,UUUUT142601750.U^H26,UUUU,2026-08-14,Put,17.5,,,False
2026-06-29,UUUUT142601800.U^H26,UUUU,2026-08-14,Put,18.0,,,False
2026-06-29,UUUUT142601850.U^H26,UUUU,2026-08-14,Put,18.5,,,False
2026-06-29,UUUUT212601050.U^H26,UUUU,2026-08-21,Put,10.5,,,False
2026-06-29,UUUUT212601100.U^H26,UUUU,2026-08-21,Put,11.0,0.415,0.43,True
2026-06-29,UUUUT212601150.U^H26,UUUU,2026-08-21,Put,11.5,,,False
2026-06-29,UUUUT212601200.U^H26,UUUU,2026-08-21,Put,12.0,0.71,0.69,True
2026-06-29,UUUUT212601250.U^H26,UUUU,2026-08-21,Put,12.5,,,False
2026-06-29,UUUUT212601300.U^H26,UUUU,2026-08-21,Put,13.0,1.045,1.0,True
2026-06-29,UUUUT212601350.U^H26,UUUU,2026-08-21,Put,13.5,,,False
2026-06-29,UUUUT212601400.U^H26,UUUU,2026-08-21,Put,14.0,1.505,1.52,True
2026-06-29,UUUUT212601450.U^H26,UUUU,2026-08-21,Put,14.5,,,False
2026-06-29,UUUUT212601500.U^H26,UUUU,2026-08-21,Put,15.0,2.075,2.09,True
2026-06-29,UUUUT212601550.U^H26,UUUU,2026-08-21,Put,15.5,,,False
2026-06-29,UUUUT212601600.U^H26,UUUU,2026-08-21,Put,16.0,2.61,2.59,True
2026-06-29,UUUUT212601650.U^H26,UUUU,2026-08-21,Put,16.5,,,False
2026-06-29,UUUUT212601700.U^H26,UUUU,2026-08-21,Put,17.0,3.45,3.5,True
2026-06-29,UUUUT212601750.U^H26,UUUU,2026-08-21,Put,17.5,,,False
2026-06-29,UUUUT212601800.U^H26,UUUU,2026-08-21,Put,18.0,4.25,4.5,True
2026-06-29,UUUUT212601850.U^H26,UUUU,2026-08-21,Put,18.5,,,False
2026-06-29,UUUUT282601050.U^H26,UUUU,2026-08-28,Put,10.5,,,False
2026-06-29,UUUUT282601100.U^H26,UUUU,2026-08-28,Put,11.0,,,False
2026-06-29,UUUUT282601150.U^H26,UUUU,2026-08-28,Put,11.5,,,False
2026-06-29,UUUUT282601200.U^H26,UUUU,2026-08-28,Put,12.0,,,False
2026-06-29,UUUUT282601250.U^H26,UUUU,2026-08-28,Put,12.5,,,False
2026-06-29,UUUUT282601300.U^H26,UUUU,2026-08-28,Put,13.0,,,False
2026-06-29,UUUUT282601350.U^H26,UUUU,2026-08-28,Put,13.5,,,False
2026-06-29,UUUUT282601400.U^H26,UUUU,2026-08-28,Put,14.0,,,False
2026-06-29,UUUUT282601450.U^H26,UUUU,2026-08-28,Put,14.5,,,False
2026-06-29,UUUUT282601500.U^H26,UUUU,2026-08-28,Put,15.0,,,False
2026-06-29,UUUUT282601550.U^H26,UUUU,2026-08-28,Put,15.5,,,False
2026-06-29,UUUUT282601600.U^H26,UUUU,2026-08-28,Put,16.0,,,False
2026-06-29,UUUUT282601650.U^H26,UUUU,2026-08-28,Put,16.5,,,False
2026-06-29,UUUUT282601700.U^H26,UUUU,2026-08-28,Put,17.0,,,False
2026-06-29,UUUUT282601750.U^H26,UUUU,2026-08-28,Put,17.5,,,False
2026-06-29,UUUUT282601800.U^H26,UUUU,2026-08-28,Put,18.0,,,False
2026-06-29,UUUUT282601850.U^H26,UUUU,2026-08-28,Put,18.5,,,False
2026-06-29,UUUUU042601050.U^I26,UUUU,2026-09-04,Put,10.5,,,False
2026-06-29,UUUUU042601100.U^I26,UUUU,2026-09-04,Put,11.0,,,False
2026-06-29,UUUUU042601150.U^I26,UUUU,2026-09-04,Put,11.5,,,False
2026-06-29,UUUUU042601200.U^I26,UUUU,2026-09-04,Put,12.0,,,False
2026-06-29,UUUUU042601250.U^I26,UUUU,2026-09-04,Put,12.5,,,False
2026-06-29,UUUUU042601300.U^I26,UUUU,2026-09-04,Put,13.0,,,False
2026-06-29,UUUUU042601350.U^I26,UUUU,2026-09-04,Put,13.5,,,False
2026-06-29,UUUUU042601400.U^I26,UUUU,2026-09-04,Put,14.0,,,False
2026-06-29,UUUUU042601450.U^I26,UUUU,2026-09-04,Put,14.5,,,False
2026-06-29,UUUUU042601500.U^I26,UUUU,2026-09-04,Put,15.0,,,False
2026-06-29,UUUUU042601550.U^I26,UUUU,2026-09-04,Put,15.5,,,False
2026-06-29,UUUUU042601600.U^I26,UUUU,2026-09-04,Put,16.0,,,False
2026-06-29,UUUUU042601650.U^I26,UUUU,2026-09-04,Put,16.5,,,False
2026-06-29,UUUUU042601700.U^I26,UUUU,2026-09-04,Put,17.0,,,False
2026-06-29,UUUUU042601750.U^I26,UUUU,2026-09-04,Put,17.5,,,False
2026-06-29,UUUUU042601800.U^I26,UUUU,2026-09-04,Put,18.0,,,False
2026-06-29,UUUUU042601850.U^I26,UUUU,2026-09-04,Put,18.5,,,False
2026-06-30,UUUUG102601100.U^G26,UUUU,2026-07-10,Call,11.0,3.55,3.35,True
2026-06-30,UUUUG102601150.U^G26,UUUU,2026-07-10,Call,11.5,2.985,2.9,True
2026-06-30,UUUUG102601200.U^G26,UUUU,2026-07-10,Call,12.0,2.46,,True
2026-06-30,UUUUG102601250.U^G26,UUUU,2026-07-10,Call,12.5,2.01,2.24,True
2026-06-30,UUUUG102601300.U^G26,UUUU,2026-07-10,Call,13.0,1.685,1.66,True
2026-06-30,UUUUG102601350.U^G26,UUUU,2026-07-10,Call,13.5,1.37,,True
2026-06-30,UUUUG102601400.U^G26,UUUU,2026-07-10,Call,14.0,1.03,0.98,True
2026-06-30,UUUUG102601450.U^G26,UUUU,2026-07-10,Call,14.5,0.755,0.7,True
2026-06-30,UUUUG102601500.U^G26,UUUU,2026-07-10,Call,15.0,0.51,0.5,True
2026-06-30,UUUUG102601550.U^G26,UUUU,2026-07-10,Call,15.5,0.35,0.33,True
2026-06-30,UUUUG102601600.U^G26,UUUU,2026-07-10,Call,16.0,0.23,0.23,True
2026-06-30,UUUUG102601650.U^G26,UUUU,2026-07-10,Call,16.5,0.155,0.15,True
2026-06-30,UUUUG102601700.U^G26,UUUU,2026-07-10,Call,17.0,0.095,0.12,True
2026-06-30,UUUUG102601750.U^G26,UUUU,2026-07-10,Call,17.5,0.06,0.06,True
2026-06-30,UUUUG102601800.U^G26,UUUU,2026-07-10,Call,18.0,0.035,0.04,True
2026-06-30,UUUUG102601850.U^G26,UUUU,2026-07-10,Call,18.5,0.035,0.08,True
2026-06-30,UUUUG172601100.U^G26,UUUU,2026-07-17,Call,11.0,3.475,,True
2026-06-30,UUUUG172601150.U^G26,UUUU,2026-07-17,Call,11.5,2.96,,True
2026-06-30,UUUUG172601200.U^G26,UUUU,2026-07-17,Call,12.0,2.555,,True
2026-06-30,UUUUG172601250.U^G26,UUUU,2026-07-17,Call,12.5,2.27,2.21,True
2026-06-30,UUUUG172601300.U^G26,UUUU,2026-07-17,Call,13.0,1.915,,True
2026-06-30,UUUUG172601350.U^G26,UUUU,2026-07-17,Call,13.5,1.585,1.35,True
2026-06-30,UUUUG172601400.U^G26,UUUU,2026-07-17,Call,14.0,1.25,1.2,True
2026-06-30,UUUUG172601450.U^G26,UUUU,2026-07-17,Call,14.5,1.005,0.97,True
2026-06-30,UUUUG172601500.U^G26,UUUU,2026-07-17,Call,15.0,0.765,0.72,True
2026-06-30,UUUUG172601550.U^G26,UUUU,2026-07-17,Call,15.5,0.58,0.56,True
2026-06-30,UUUUG172601600.U^G26,UUUU,2026-07-17,Call,16.0,0.44,0.44,True
2026-06-30,UUUUG172601650.U^G26,UUUU,2026-07-17,Call,16.5,0.325,0.33,True
2026-06-30,UUUUG172601700.U^G26,UUUU,2026-07-17,Call,17.0,0.24,0.24,True
2026-06-30,UUUUG172601750.U^G26,UUUU,2026-07-17,Call,17.5,0.19,0.19,True
2026-06-30,UUUUG172601800.U^G26,UUUU,2026-07-17,Call,18.0,0.135,0.13,True
2026-06-30,UUUUG172601850.U^G26,UUUU,2026-07-17,Call,18.5,0.11,,True
2026-06-30,UUUUG242601050.U^G26,UUUU,2026-07-24,Call,10.5,,,False
2026-06-30,UUUUG242601100.U^G26,UUUU,2026-07-24,Call,11.0,3.5,,True
2026-06-30,UUUUG242601150.U^G26,UUUU,2026-07-24,Call,11.5,,,False
2026-06-30,UUUUG242601200.U^G26,UUUU,2026-07-24,Call,12.0,2.66,,True
2026-06-30,UUUUG242601250.U^G26,UUUU,2026-07-24,Call,12.5,,,False
2026-06-30,UUUUG242601300.U^G26,UUUU,2026-07-24,Call,13.0,2.155,,True
2026-06-30,UUUUG242601350.U^G26,UUUU,2026-07-24,Call,13.5,1.755,,True
2026-06-30,UUUUG242601400.U^G26,UUUU,2026-07-24,Call,14.0,1.46,,True
2026-06-30,UUUUG242601450.U^G26,UUUU,2026-07-24,Call,14.5,1.2,1.13,True
2026-06-30,UUUUG242601500.U^G26,UUUU,2026-07-24,Call,15.0,0.96,,True
2026-06-30,UUUUG242601550.U^G26,UUUU,2026-07-24,Call,15.5,0.77,,True
2026-06-30,UUUUG242601600.U^G26,UUUU,2026-07-24,Call,16.0,0.62,0.58,True
2026-06-30,UUUUG242601650.U^G26,UUUU,2026-07-24,Call,16.5,0.52,0.45,True
2026-06-30,UUUUG242601700.U^G26,UUUU,2026-07-24,Call,17.0,0.385,0.42,True
2026-06-30,UUUUG242601750.U^G26,UUUU,2026-07-24,Call,17.5,0.295,0.26,True
2026-06-30,UUUUG242601800.U^G26,UUUU,2026-07-24,Call,18.0,0.26,0.23,True
2026-06-30,UUUUG242601850.U^G26,UUUU,2026-07-24,Call,18.5,0.205,,True
2026-06-30,UUUUG312601050.U^G26,UUUU,2026-07-31,Call,10.5,4.0,,True
2026-06-30,UUUUG312601100.U^G26,UUUU,2026-07-31,Call,11.0,3.6,,True
2026-06-30,UUUUG312601150.U^G26,UUUU,2026-07-31,Call,11.5,3.215,,True
2026-06-30,UUUUG312601200.U^G26,UUUU,2026-07-31,Call,12.0,2.84,,True
2026-06-30,UUUUG312601250.U^G26,UUUU,2026-07-31,Call,12.5,2.465,,True
2026-06-30,UUUUG312601300.U^G26,UUUU,2026-07-31,Call,13.0,2.15,,True
2026-06-30,UUUUG312601350.U^G26,UUUU,2026-07-31,Call,13.5,1.84,,True
2026-06-30,UUUUG312601400.U^G26,UUUU,2026-07-31,Call,14.0,1.645,1.58,True
2026-06-30,UUUUG312601450.U^G26,UUUU,2026-07-31,Call,14.5,1.41,1.34,True
2026-06-30,UUUUG312601500.U^G26,UUUU,2026-07-31,Call,15.0,1.17,1.15,True
2026-06-30,UUUUG312601550.U^G26,UUUU,2026-07-31,Call,15.5,1.0,0.92,True
2026-06-30,UUUUG312601600.U^G26,UUUU,2026-07-31,Call,16.0,0.755,0.75,True
2026-06-30,UUUUG312601650.U^G26,UUUU,2026-07-31,Call,16.5,0.65,0.65,True
2026-06-30,UUUUG312601700.U^G26,UUUU,2026-07-31,Call,17.0,0.5,0.48,True
2026-06-30,UUUUG312601750.U^G26,UUUU,2026-07-31,Call,17.5,0.365,0.44,True
2026-06-30,UUUUG312601800.U^G26,UUUU,2026-07-31,Call,18.0,0.335,0.34,True
2026-06-30,UUUUG312601850.U^G26,UUUU,2026-07-31,Call,18.5,0.225,,True
2026-06-30,UUUUH072601050.U^H26,UUUU,2026-08-07,Call,10.5,4.075,,True
2026-06-30,UUUUH072601100.U^H26,UUUU,2026-08-07,Call,11.0,3.8,,True
2026-06-30,UUUUH072601150.U^H26,UUUU,2026-08-07,Call,11.5,3.27,,True
2026-06-30,UUUUH072601200.U^H26,UUUU,2026-08-07,Call,12.0,2.92,,True
2026-06-30,UUUUH072601250.U^H26,UUUU,2026-08-07,Call,12.5,2.56,,True
2026-06-30,UUUUH072601300.U^H26,UUUU,2026-08-07,Call,13.0,2.385,,True
2026-06-30,UUUUH072601350.U^H26,UUUU,2026-08-07,Call,13.5,2.105,,True
2026-06-30,UUUUH072601400.U^H26,UUUU,2026-08-07,Call,14.0,1.82,1.66,True
2026-06-30,UUUUH072601450.U^H26,UUUU,2026-08-07,Call,14.5,1.57,1.54,True
2026-06-30,UUUUH072601500.U^H26,UUUU,2026-08-07,Call,15.0,1.38,,True
2026-06-30,UUUUH072601550.U^H26,UUUU,2026-08-07,Call,15.5,1.175,,True
2026-06-30,UUUUH072601600.U^H26,UUUU,2026-08-07,Call,16.0,0.94,0.86,True
2026-06-30,UUUUH072601650.U^H26,UUUU,2026-08-07,Call,16.5,0.875,0.87,True
2026-06-30,UUUUH072601700.U^H26,UUUU,2026-08-07,Call,17.0,0.68,0.65,True
2026-06-30,UUUUH072601750.U^H26,UUUU,2026-08-07,Call,17.5,0.635,,True
2026-06-30,UUUUH072601800.U^H26,UUUU,2026-08-07,Call,18.0,0.58,0.46,True
2026-06-30,UUUUH072601850.U^H26,UUUU,2026-08-07,Call,18.5,0.375,0.38,True
2026-06-30,UUUUH142601050.U^H26,UUUU,2026-08-14,Call,10.5,,,False
2026-06-30,UUUUH142601100.U^H26,UUUU,2026-08-14,Call,11.0,,,False
2026-06-30,UUUUH142601150.U^H26,UUUU,2026-08-14,Call,11.5,,,False
2026-06-30,UUUUH142601200.U^H26,UUUU,2026-08-14,Call,12.0,,,False
2026-06-30,UUUUH142601250.U^H26,UUUU,2026-08-14,Call,12.5,,,False
2026-06-30,UUUUH142601300.U^H26,UUUU,2026-08-14,Call,13.0,,,False
2026-06-30,UUUUH142601350.U^H26,UUUU,2026-08-14,Call,13.5,,,False
2026-06-30,UUUUH142601400.U^H26,UUUU,2026-08-14,Call,14.0,,,False
2026-06-30,UUUUH142601450.U^H26,UUUU,2026-08-14,Call,14.5,,,False
2026-06-30,UUUUH142601500.U^H26,UUUU,2026-08-14,Call,15.0,,,False
2026-06-30,UUUUH142601550.U^H26,UUUU,2026-08-14,Call,15.5,,,False
2026-06-30,UUUUH142601600.U^H26,UUUU,2026-08-14,Call,16.0,,,False
2026-06-30,UUUUH142601650.U^H26,UUUU,2026-08-14,Call,16.5,,,False
2026-06-30,UUUUH142601700.U^H26,UUUU,2026-08-14,Call,17.0,,,False
2026-06-30,UUUUH142601750.U^H26,UUUU,2026-08-14,Call,17.5,,,False
2026-06-30,UUUUH142601800.U^H26,UUUU,2026-08-14,Call,18.0,,,False
2026-06-30,UUUUH142601850.U^H26,UUUU,2026-08-14,Call,18.5,,,False
2026-06-30,UUUUH212601050.U^H26,UUUU,2026-08-21,Call,10.5,,,False
2026-06-30,UUUUH212601100.U^H26,UUUU,2026-08-21,Call,11.0,3.85,,True
2026-06-30,UUUUH212601150.U^H26,UUUU,2026-08-21,Call,11.5,,,False
2026-06-30,UUUUH212601200.U^H26,UUUU,2026-08-21,Call,12.0,3.11,,True
2026-06-30,UUUUH212601250.U^H26,UUUU,2026-08-21,Call,12.5,,,False
2026-06-30,UUUUH212601300.U^H26,UUUU,2026-08-21,Call,13.0,2.68,2.55,True
2026-06-30,UUUUH212601350.U^H26,UUUU,2026-08-21,Call,13.5,,,False
2026-06-30,UUUUH212601400.U^H26,UUUU,2026-08-21,Call,14.0,2.07,2.03,True
2026-06-30,UUUUH212601450.U^H26,UUUU,2026-08-21,Call,14.5,,,False
2026-06-30,UUUUH212601500.U^H26,UUUU,2026-08-21,Call,15.0,1.595,1.59,True
2026-06-30,UUUUH212601550.U^H26,UUUU,2026-08-21,Call,15.5,,,False
2026-06-30,UUUUH212601600.U^H26,UUUU,2026-08-21,Call,16.0,1.22,1.12,True
2026-06-30,UUUUH212601650.U^H26,UUUU,2026-08-21,Call,16.5,,,False
2026-06-30,UUUUH212601700.U^H26,UUUU,2026-08-21,Call,17.0,0.95,0.92,True
2026-06-30,UUUUH212601750.U^H26,UUUU,2026-08-21,Call,17.5,,,False
2026-06-30,UUUUH212601800.U^H26,UUUU,2026-08-21,Call,18.0,0.695,0.66,True
2026-06-30,UUUUH212601850.U^H26,UUUU,2026-08-21,Call,18.5,,,False
2026-06-30,UUUUH282601050.U^H26,UUUU,2026-08-28,Call,10.5,,,False
2026-06-30,UUUUH282601100.U^H26,UUUU,2026-08-28,Call,11.0,,,False
2026-06-30,UUUUH282601150.U^H26,UUUU,2026-08-28,Call,11.5,,,False
2026-06-30,UUUUH282601200.U^H26,UUUU,2026-08-28,Call,12.0,,,False
2026-06-30,UUUUH282601250.U^H26,UUUU,2026-08-28,Call,12.5,,,False
2026-06-30,UUUUH282601300.U^H26,UUUU,2026-08-28,Call,13.0,,,False
2026-06-30,UUUUH282601350.U^H26,UUUU,2026-08-28,Call,13.5,,,False
2026-06-30,UUUUH282601400.U^H26,UUUU,2026-08-28,Call,14.0,,,False
2026-06-30,UUUUH282601450.U^H26,UUUU,2026-08-28,Call,14.5,,,False
2026-06-30,UUUUH282601500.U^H26,UUUU,2026-08-28,Call,15.0,,,False
2026-06-30,UUUUH282601550.U^H26,UUUU,2026-08-28,Call,15.5,,,False
2026-06-30,UUUUH282601600.U^H26,UUUU,2026-08-28,Call,16.0,,,False
2026-06-30,UUUUH282601650.U^H26,UUUU,2026-08-28,Call,16.5,,,False
2026-06-30,UUUUH282601700.U^H26,UUUU,2026-08-28,Call,17.0,,,False
2026-06-30,UUUUH282601750.U^H26,UUUU,2026-08-28,Call,17.5,,,False
2026-06-30,UUUUH282601800.U^H26,UUUU,2026-08-28,Call,18.0,,,False
2026-06-30,UUUUH282601850.U^H26,UUUU,2026-08-28,Call,18.5,,,False
2026-06-30,UUUUI042601050.U^I26,UUUU,2026-09-04,Call,10.5,,,False
2026-06-30,UUUUI042601100.U^I26,UUUU,2026-09-04,Call,11.0,,,False
2026-06-30,UUUUI042601150.U^I26,UUUU,2026-09-04,Call,11.5,,,False
2026-06-30,UUUUI042601200.U^I26,UUUU,2026-09-04,Call,12.0,,,False
2026-06-30,UUUUI042601250.U^I26,UUUU,2026-09-04,Call,12.5,,,False
2026-06-30,UUUUI042601300.U^I26,UUUU,2026-09-04,Call,13.0,,,False
2026-06-30,UUUUI042601350.U^I26,UUUU,2026-09-04,Call,13.5,,,False
2026-06-30,UUUUI042601400.U^I26,UUUU,2026-09-04,Call,14.0,,,False
2026-06-30,UUUUI042601450.U^I26,UUUU,2026-09-04,Call,14.5,,,False
2026-06-30,UUUUI042601500.U^I26,UUUU,2026-09-04,Call,15.0,,,False
2026-06-30,UUUUI042601550.U^I26,UUUU,2026-09-04,Call,15.5,,,False
2026-06-30,UUUUI042601600.U^I26,UUUU,2026-09-04,Call,16.0,,,False
2026-06-30,UUUUI042601650.U^I26,UUUU,2026-09-04,Call,16.5,,,False
2026-06-30,UUUUI042601700.U^I26,UUUU,2026-09-04,Call,17.0,,,False
2026-06-30,UUUUI042601750.U^I26,UUUU,2026-09-04,Call,17.5,,,False
2026-06-30,UUUUI042601800.U^I26,UUUU,2026-09-04,Call,18.0,,,False
2026-06-30,UUUUI042601850.U^I26,UUUU,2026-09-04,Call,18.5,,,False
2026-06-30,UUUUS102601100.U^G26,UUUU,2026-07-10,Put,11.0,,,True
2026-06-30,UUUUS102601150.U^G26,UUUU,2026-07-10,Put,11.5,,,True
2026-06-30,UUUUS102601200.U^G26,UUUU,2026-07-10,Put,12.0,0.09,0.08,True
2026-06-30,UUUUS102601250.U^G26,UUUU,2026-07-10,Put,12.5,0.13,0.18,True
2026-06-30,UUUUS102601300.U^G26,UUUU,2026-07-10,Put,13.0,0.215,0.22,True
2026-06-30,UUUUS102601350.U^G26,UUUU,2026-07-10,Put,13.5,0.35,0.41,True
2026-06-30,UUUUS102601400.U^G26,UUUU,2026-07-10,Put,14.0,0.49,0.51,True
2026-06-30,UUUUS102601450.U^G26,UUUU,2026-07-10,Put,14.5,0.76,0.71,True
2026-06-30,UUUUS102601500.U^G26,UUUU,2026-07-10,Put,15.0,1.02,1.09,True
2026-06-30,UUUUS102601550.U^G26,UUUU,2026-07-10,Put,15.5,1.35,1.4,True
2026-06-30,UUUUS102601600.U^G26,UUUU,2026-07-10,Put,16.0,1.815,1.91,True
2026-06-30,UUUUS102601650.U^G26,UUUU,2026-07-10,Put,16.5,2.22,2.27,True
2026-06-30,UUUUS102601700.U^G26,UUUU,2026-07-10,Put,17.0,2.615,2.66,True
2026-06-30,UUUUS102601750.U^G26,UUUU,2026-07-10,Put,17.5,3.15,,True
2026-06-30,UUUUS102601800.U^G26,UUUU,2026-07-10,Put,18.0,3.625,3.74,True
2026-06-30,UUUUS102601850.U^G26,UUUU,2026-07-10,Put,18.5,4.15,4.16,True
2026-06-30,UUUUS172601100.U^G26,UUUU,2026-07-17,Put,11.0,0.17,,True
2026-06-30,UUUUS172601150.U^G26,UUUU,2026-07-17,Put,11.5,0.13,0.14,True
2026-06-30,UUUUS172601200.U^G26,UUUU,2026-07-17,Put,12.0,0.195,0.21,True
2026-06-30,UUUUS172601250.U^G26,UUUU,2026-07-17,Put,12.5,0.26,0.29,True
2026-06-30,UUUUS172601300.U^G26,UUUU,2026-07-17,Put,13.0,0.375,0.46,True
2026-06-30,UUUUS172601350.U^G26,UUUU,2026-07-17,Put,13.5,0.53,0.57,True
2026-06-30,UUUUS172601400.U^G26,UUUU,2026-07-17,Put,14.0,0.725,0.76,True
2026-06-30,UUUUS172601450.U^G26,UUUU,2026-07-17,Put,14.5,0.96,1.0,True
2026-06-30,UUUUS172601500.U^G26,UUUU,2026-07-17,Put,15.0,1.275,1.24,True
2026-06-30,UUUUS172601550.U^G26,UUUU,2026-07-17,Put,15.5,1.565,,True
2026-06-30,UUUUS172601600.U^G26,UUUU,2026-07-17,Put,16.0,1.99,1.86,True
2026-06-30,UUUUS172601650.U^G26,UUUU,2026-07-17,Put,16.5,2.365,2.44,True
2026-06-30,UUUUS172601700.U^G26,UUUU,2026-07-17,Put,17.0,2.74,2.78,True
2026-06-30,UUUUS172601750.U^G26,UUUU,2026-07-17,Put,17.5,3.27,,True
2026-06-30,UUUUS172601800.U^G26,UUUU,2026-07-17,Put,18.0,3.675,3.76,True
2026-06-30,UUUUS172601850.U^G26,UUUU,2026-07-17,Put,18.5,4.25,,True
2026-06-30,UUUUS242601050.U^G26,UUUU,2026-07-24,Put,10.5,,,False
2026-06-30,UUUUS242601100.U^G26,UUUU,2026-07-24,Put,11.0,0.135,,True
2026-06-30,UUUUS242601150.U^G26,UUUU,2026-07-24,Put,11.5,,,False
2026-06-30,UUUUS242601200.U^G26,UUUU,2026-07-24,Put,12.0,0.29,0.28,True
2026-06-30,UUUUS242601250.U^G26,UUUU,2026-07-24,Put,12.5,,,False
2026-06-30,UUUUS242601300.U^G26,UUUU,2026-07-24,Put,13.0,0.52,0.52,True
2026-06-30,UUUUS242601350.U^G26,UUUU,2026-07-24,Put,13.5,0.685,0.7,True
2026-06-30,UUUUS242601400.U^G26,UUUU,2026-07-24,Put,14.0,0.895,,True
2026-06-30,UUUUS242601450.U^G26,UUUU,2026-07-24,Put,14.5,1.23,1.3,True
2026-06-30,UUUUS242601500.U^G26,UUUU,2026-07-24,Put,15.0,1.445,1.49,True
2026-06-30,UUUUS242601550.U^G26,UUUU,2026-07-24,Put,15.5,1.745,1.8,True
2026-06-30,UUUUS242601600.U^G26,UUUU,2026-07-24,Put,16.0,2.155,2.23,True
2026-06-30,UUUUS242601650.U^G26,UUUU,2026-07-24,Put,16.5,2.525,2.54,True
2026-06-30,UUUUS242601700.U^G26,UUUU,2026-07-24,Put,17.0,2.915,2.9,True
2026-06-30,UUUUS242601750.U^G26,UUUU,2026-07-24,Put,17.5,3.325,3.47,True
2026-06-30,UUUUS242601800.U^G26,UUUU,2026-07-24,Put,18.0,3.775,,True
2026-06-30,UUUUS242601850.U^G26,UUUU,2026-07-24,Put,18.5,4.325,,True
2026-06-30,UUUUS312601050.U^G26,UUUU,2026-07-31,Put,10.5,0.165,0.17,True
2026-06-30,UUUUS312601100.U^G26,UUUU,2026-07-31,Put,11.0,0.24,0.18,True
2026-06-30,UUUUS312601150.U^G26,UUUU,2026-07-31,Put,11.5,0.32,,True
2026-06-30,UUUUS312601200.U^G26,UUUU,2026-07-31,Put,12.0,0.425,0.41,True
2026-06-30,UUUUS312601250.U^G26,UUUU,2026-07-31,Put,12.5,0.505,0.52,True
2026-06-30,UUUUS312601300.U^G26,UUUU,2026-07-31,Put,13.0,0.68,0.71,True
2026-06-30,UUUUS312601350.U^G26,UUUU,2026-07-31,Put,13.5,0.905,0.94,True
2026-06-30,UUUUS312601400.U^G26,UUUU,2026-07-31,Put,14.0,1.1,1.1,True
2026-06-30,UUUUS312601450.U^G26,UUUU,2026-07-31,Put,14.5,1.35,1.41,True
2026-06-30,UUUUS312601500.U^G26,UUUU,2026-07-31,Put,15.0,1.63,1.59,True
2026-06-30,UUUUS312601550.U^G26,UUUU,2026-07-31,Put,15.5,1.955,,True
2026-06-30,UUUUS312601600.U^G26,UUUU,2026-07-31,Put,16.0,2.29,2.45,True
2026-06-30,UUUUS312601650.U^G26,UUUU,2026-07-31,Put,16.5,2.65,2.72,True
2026-06-30,UUUUS312601700.U^G26,UUUU,2026-07-31,Put,17.0,3.165,3.21,True
2026-06-30,UUUUS312601750.U^G26,UUUU,2026-07-31,Put,17.5,3.575,3.57,True
2026-06-30,UUUUS312601800.U^G26,UUUU,2026-07-31,Put,18.0,4.0,,True
2026-06-30,UUUUS312601850.U^G26,UUUU,2026-07-31,Put,18.5,4.4,,True
2026-06-30,UUUUT072601050.U^H26,UUUU,2026-08-07,Put,10.5,0.26,,True
2026-06-30,UUUUT072601100.U^H26,UUUU,2026-08-07,Put,11.0,0.325,,True
2026-06-30,UUUUT072601150.U^H26,UUUU,2026-08-07,Put,11.5,0.425,0.38,True
2026-06-30,UUUUT072601200.U^H26,UUUU,2026-08-07,Put,12.0,0.49,0.6,True
2026-06-30,UUUUT072601250.U^H26,UUUU,2026-08-07,Put,12.5,0.7,0.75,True
2026-06-30,UUUUT072601300.U^H26,UUUU,2026-08-07,Put,13.0,0.825,,True
2026-06-30,UUUUT072601350.U^H26,UUUU,2026-08-07,Put,13.5,1.085,1.13,True
2026-06-30,UUUUT072601400.U^H26,UUUU,2026-08-07,Put,14.0,1.245,1.24,True
2026-06-30,UUUUT072601450.U^H26,UUUU,2026-08-07,Put,14.5,1.555,1.54,True
2026-06-30,UUUUT072601500.U^H26,UUUU,2026-08-07,Put,15.0,1.84,1.96,True
2026-06-30,UUUUT072601550.U^H26,UUUU,2026-08-07,Put,15.5,2.165,,True
2026-06-30,UUUUT072601600.U^H26,UUUU,2026-08-07,Put,16.0,2.405,2.56,True
2026-06-30,UUUUT072601650.U^H26,UUUU,2026-08-07,Put,16.5,2.825,2.93,True
2026-06-30,UUUUT072601700.U^H26,UUUU,2026-08-07,Put,17.0,3.2,,True
2026-06-30,UUUUT072601750.U^H26,UUUU,2026-08-07,Put,17.5,3.675,,True
2026-06-30,UUUUT072601800.U^H26,UUUU,2026-08-07,Put,18.0,4.125,4.09,True
2026-06-30,UUUUT072601850.U^H26,UUUU,2026-08-07,Put,18.5,4.475,,True
2026-06-30,UUUUT142601050.U^H26,UUUU,2026-08-14,Put,10.5,,,False
2026-06-30,UUUUT142601100.U^H26,UUUU,2026-08-14,Put,11.0,,,False
2026-06-30,UUUUT142601150.U^H26,UUUU,2026-08-14,Put,11.5,,,False
2026-06-30,UUUUT142601200.U^H26,UUUU,2026-08-14,Put,12.0,,,False
2026-06-30,UUUUT142601250.U^H26,UUUU,2026-08-14,Put,12.5,,,False
2026-06-30,UUUUT142601300.U^H26,UUUU,2026-08-14,Put,13.0,,,False
2026-06-30,UUUUT142601350.U^H26,UUUU,2026-08-14,Put,13.5,,,False
2026-06-30,UUUUT142601400.U^H26,UUUU,2026-08-14,Put,14.0,,,False
2026-06-30,UUUUT142601450.U^H26,UUUU,2026-08-14,Put,14.5,,,False
2026-06-30,UUUUT142601500.U^H26,UUUU,2026-08-14,Put,15.0,,,False
2026-06-30,UUUUT142601550.U^H26,UUUU,2026-08-14,Put,15.5,,,False
2026-06-30,UUUUT142601600.U^H26,UUUU,2026-08-14,Put,16.0,,,False
2026-06-30,UUUUT142601650.U^H26,UUUU,2026-08-14,Put,16.5,,,False
2026-06-30,UUUUT142601700.U^H26,UUUU,2026-08-14,Put,17.0,,,False
2026-06-30,UUUUT142601750.U^H26,UUUU,2026-08-14,Put,17.5,,,False
2026-06-30,UUUUT142601800.U^H26,UUUU,2026-08-14,Put,18.0,,,False
2026-06-30,UUUUT142601850.U^H26,UUUU,2026-08-14,Put,18.5,,,False
2026-06-30,UUUUT212601050.U^H26,UUUU,2026-08-21,Put,10.5,,,False
2026-06-30,UUUUT212601100.U^H26,UUUU,2026-08-21,Put,11.0,0.45,0.42,True
2026-06-30,UUUUT212601150.U^H26,UUUU,2026-08-21,Put,11.5,,,False
2026-06-30,UUUUT212601200.U^H26,UUUU,2026-08-21,Put,12.0,0.725,0.73,True
2026-06-30,UUUUT212601250.U^H26,UUUU,2026-08-21,Put,12.5,,,False
2026-06-30,UUUUT212601300.U^H26,UUUU,2026-08-21,Put,13.0,1.005,1.0,True
2026-06-30,UUUUT212601350.U^H26,UUUU,2026-08-21,Put,13.5,,,False
2026-06-30,UUUUT212601400.U^H26,UUUU,2026-08-21,Put,14.0,1.45,1.45,True
2026-06-30,UUUUT212601450.U^H26,UUUU,2026-08-21,Put,14.5,,,False
2026-06-30,UUUUT212601500.U^H26,UUUU,2026-08-21,Put,15.0,1.99,2.12,True
2026-06-30,UUUUT212601550.U^H26,UUUU,2026-08-21,Put,15.5,,,False
2026-06-30,UUUUT212601600.U^H26,UUUU,2026-08-21,Put,16.0,2.605,2.73,True
2026-06-30,UUUUT212601650.U^H26,UUUU,2026-08-21,Put,16.5,,,False
2026-06-30,UUUUT212601700.U^H26,UUUU,2026-08-21,Put,17.0,3.4,,True
2026-06-30,UUUUT212601750.U^H26,UUUU,2026-08-21,Put,17.5,,,False
2026-06-30,UUUUT212601800.U^H26,UUUU,2026-08-21,Put,18.0,4.25,,True
2026-06-30,UUUUT212601850.U^H26,UUUU,2026-08-21,Put,18.5,,,False
2026-06-30,UUUUT282601050.U^H26,UUUU,2026-08-28,Put,10.5,,,False
2026-06-30,UUUUT282601100.U^H26,UUUU,2026-08-28,Put,11.0,,,False
2026-06-30,UUUUT282601150.U^H26,UUUU,2026-08-28,Put,11.5,,,False
2026-06-30,UUUUT282601200.U^H26,UUUU,2026-08-28,Put,12.0,,,False
2026-06-30,UUUUT282601250.U^H26,UUUU,2026-08-28,Put,12.5,,,False
2026-06-30,UUUUT282601300.U^H26,UUUU,2026-08-28,Put,13.0,,,False
2026-06-30,UUUUT282601350.U^H26,UUUU,2026-08-28,Put,13.5,,,False
2026-06-30,UUUUT282601400.U^H26,UUUU,2026-08-28,Put,14.0,,,False
2026-06-30,UUUUT282601450.U^H26,UUUU,2026-08-28,Put,14.5,,,False
2026-06-30,UUUUT282601500.U^H26,UUUU,2026-08-28,Put,15.0,,,False
2026-06-30,UUUUT282601550.U^H26,UUUU,2026-08-28,Put,15.5,,,False
2026-06-30,UUUUT282601600.U^H26,UUUU,2026-08-28,Put,16.0,,,False
2026-06-30,UUUUT282601650.U^H26,UUUU,2026-08-28,Put,16.5,,,False
2026-06-30,UUUUT282601700.U^H26,UUUU,2026-08-28,Put,17.0,,,False
2026-06-30,UUUUT282601750.U^H26,UUUU,2026-08-28,Put,17.5,,,False
2026-06-30,UUUUT282601800.U^H26,UUUU,2026-08-28,Put,18.0,,,False
2026-06-30,UUUUT282601850.U^H26,UUUU,2026-08-28,Put,18.5,,,False
2026-06-30,UUUUU042601050.U^I26,UUUU,2026-09-04,Put,10.5,,,False
2026-06-30,UUUUU042601100.U^I26,UUUU,2026-09-04,Put,11.0,,,False
2026-06-30,UUUUU042601150.U^I26,UUUU,2026-09-04,Put,11.5,,,False
2026-06-30,UUUUU042601200.U^I26,UUUU,2026-09-04,Put,12.0,,,False
2026-06-30,UUUUU042601250.U^I26,UUUU,2026-09-04,Put,12.5,,,False
2026-06-30,UUUUU042601300.U^I26,UUUU,2026-09-04,Put,13.0,,,False
2026-06-30,UUUUU042601350.U^I26,UUUU,2026-09-04,Put,13.5,,,False
2026-06-30,UUUUU042601400.U^I26,UUUU,2026-09-04,Put,14.0,,,False
2026-06-30,UUUUU042601450.U^I26,UUUU,2026-09-04,Put,14.5,,,False
2026-06-30,UUUUU042601500.U^I26,UUUU,2026-09-04,Put,15.0,,,False
2026-06-30,UUUUU042601550.U^I26,UUUU,2026-09-04,Put,15.5,,,False
2026-06-30,UUUUU042601600.U^I26,UUUU,2026-09-04,Put,16.0,,,False
2026-06-30,UUUUU042601650.U^I26,UUUU,2026-09-04,Put,16.5,,,False
2026-06-30,UUUUU042601700.U^I26,UUUU,2026-09-04,Put,17.0,,,False
2026-06-30,UUUUU042601750.U^I26,UUUU,2026-09-04,Put,17.5,,,False
2026-06-30,UUUUU042601800.U^I26,UUUU,2026-09-04,Put,18.0,,,False
2026-06-30,UUUUU042601850.U^I26,UUUU,2026-09-04,Put,18.5,,,False
2026-07-01,UUUUG102601100.U^G26,UUUU,2026-07-10,Call,11.0,3.5,,True
2026-07-01,UUUUG102601150.U^G26,UUUU,2026-07-10,Call,11.5,3.005,,True
2026-07-01,UUUUG102601200.U^G26,UUUU,2026-07-10,Call,12.0,2.405,2.47,True
2026-07-01,UUUUG102601250.U^G26,UUUU,2026-07-10,Call,12.5,1.92,,True
2026-07-01,UUUUG102601300.U^G26,UUUU,2026-07-10,Call,13.0,1.535,1.5,True
2026-07-01,UUUUG102601350.U^G26,UUUU,2026-07-10,Call,13.5,1.12,,True
2026-07-01,UUUUG102601400.U^G26,UUUU,2026-07-10,Call,14.0,0.765,0.94,True
2026-07-01,UUUUG102601450.U^G26,UUUU,2026-07-10,Call,14.5,0.535,0.59,True
2026-07-01,UUUUG102601500.U^G26,UUUU,2026-07-10,Call,15.0,0.35,0.4,True
2026-07-01,UUUUG102601550.U^G26,UUUU,2026-07-10,Call,15.5,0.225,0.2,True
2026-07-01,UUUUG102601600.U^G26,UUUU,2026-07-10,Call,16.0,0.15,0.15,True
2026-07-01,UUUUG102601650.U^G26,UUUU,2026-07-10,Call,16.5,0.095,0.11,True
2026-07-01,UUUUG102601700.U^G26,UUUU,2026-07-10,Call,17.0,0.055,0.06,True
2026-07-01,UUUUG102601750.U^G26,UUUU,2026-07-10,Call,17.5,,0.04,True
2026-07-01,UUUUG102601800.U^G26,UUUU,2026-07-10,Call,18.0,0.03,0.02,True
2026-07-01,UUUUG102601850.U^G26,UUUU,2026-07-10,Call,18.5,0.045,0.01,True
2026-07-01,UUUUG172601100.U^G26,UUUU,2026-07-17,Call,11.0,3.5,,True
2026-07-01,UUUUG172601150.U^G26,UUUU,2026-07-17,Call,11.5,2.95,,True
2026-07-01,UUUUG172601200.U^G26,UUUU,2026-07-17,Call,12.0,2.44,,True
2026-07-01,UUUUG172601250.U^G26,UUUU,2026-07-17,Call,12.5,2.075,2.2,True
2026-07-01,UUUUG172601300.U^G26,UUUU,2026-07-17,Call,13.0,1.625,1.77,True
2026-07-01,UUUUG172601350.U^G26,UUUU,2026-07-17,Call,13.5,1.39,,True
2026-07-01,UUUUG172601400.U^G26,UUUU,2026-07-17,Call,14.0,1.065,1.03,True
2026-07-01,UUUUG172601450.U^G26,UUUU,2026-07-17,Call,14.5,0.735,0.74,True
2026-07-01,UUUUG172601500.U^G26,UUUU,2026-07-17,Call,15.0,0.575,0.55,True
2026-07-01,UUUUG172601550.U^G26,UUUU,2026-07-17,Call,15.5,0.43,0.45,True
2026-07-01,UUUUG172601600.U^G26,UUUU,2026-07-17,Call,16.0,0.315,0.31,True
2026-07-01,UUUUG172601650.U^G26,UUUU,2026-07-17,Call,16.5,0.235,0.29,True
2026-07-01,UUUUG172601700.U^G26,UUUU,2026-07-17,Call,17.0,0.2,0.19,True
2026-07-01,UUUUG172601750.U^G26,UUUU,2026-07-17,Call,17.5,0.145,0.16,True
2026-07-01,UUUUG172601800.U^G26,UUUU,2026-07-17,Call,18.0,0.125,0.1,True
2026-07-01,UUUUG172601850.U^G26,UUUU,2026-07-17,Call,18.5,0.08,,True
2026-07-01,UUUUG242601050.U^G26,UUUU,2026-07-24,Call,10.5,,,False
2026-07-01,UUUUG242601100.U^G26,UUUU,2026-07-24,Call,11.0,3.37,,True
2026-07-01,UUUUG242601150.U^G26,UUUU,2026-07-24,Call,11.5,,,False
2026-07-01,UUUUG242601200.U^G26,UUUU,2026-07-24,Call,12.0,2.57,,True
2026-07-01,UUUUG242601250.U^G26,UUUU,2026-07-24,Call,12.5,,,False
2026-07-01,UUUUG242601300.U^G26,UUUU,2026-07-24,Call,13.0,1.76,,True
2026-07-01,UUUUG242601350.U^G26,UUUU,2026-07-24,Call,13.5,1.54,,True
2026-07-01,UUUUG242601400.U^G26,UUUU,2026-07-24,Call,14.0,1.185,1.33,True
2026-07-01,UUUUG242601450.U^G26,UUUU,2026-07-24,Call,14.5,0.94,1.0,True
2026-07-01,UUUUG242601500.U^G26,UUUU,2026-07-24,Call,15.0,0.755,0.91,True
2026-07-01,UUUUG242601550.U^G26,UUUU,2026-07-24,Call,15.5,0.61,0.69,True
2026-07-01,UUUUG242601600.U^G26,UUUU,2026-07-24,Call,16.0,0.475,0.57,True
2026-07-01,UUUUG242601650.U^G26,UUUU,2026-07-24,Call,16.5,0.33,0.44,True
2026-07-01,UUUUG242601700.U^G26,UUUU,2026-07-24,Call,17.0,0.29,0.36,True
2026-07-01,UUUUG242601750.U^G26,UUUU,2026-07-24,Call,17.5,0.235,0.23,True
2026-07-01,UUUUG242601800.U^G26,UUUU,2026-07-24,Call,18.0,0.205,0.18,True
2026-07-01,UUUUG242601850.U^G26,UUUU,2026-07-24,Call,18.5,0.165,0.14,True
2026-07-01,UUUUG312601050.U^G26,UUUU,2026-07-31,Call,10.5,3.9,4.19,True
2026-07-01,UUUUG312601100.U^G26,UUUU,2026-07-31,Call,11.0,3.45,,True
2026-07-01,UUUUG312601150.U^G26,UUUU,2026-07-31,Call,11.5,3.025,,True
2026-07-01,UUUUG312601200.U^G26,UUUU,2026-07-31,Call,12.0,2.62,,True
2026-07-01,UUUUG312601250.U^G26,UUUU,2026-07-31,Call,12.5,2.26,,True
2026-07-01,UUUUG312601300.U^G26,UUUU,2026-07-31,Call,13.0,2.005,,True
2026-07-01,UUUUG312601350.U^G26,UUUU,2026-07-31,Call,13.5,1.62,,True
2026-07-01,UUUUG312601400.U^G26,UUUU,2026-07-31,Call,14.0,1.37,1.38,True
2026-07-01,UUUUG312601450.U^G26,UUUU,2026-07-31,Call,14.5,1.22,1.1,True
2026-07-01,UUUUG312601500.U^G26,UUUU,2026-07-31,Call,15.0,0.93,0.92,True
2026-07-01,UUUUG312601550.U^G26,UUUU,2026-07-31,Call,15.5,0.845,0.94,True
2026-07-01,UUUUG312601600.U^G26,UUUU,2026-07-31,Call,16.0,0.56,0.6,True
2026-07-01,UUUUG312601650.U^G26,UUUU,2026-07-31,Call,16.5,0.495,0.63,True
2026-07-01,UUUUG312601700.U^G26,UUUU,2026-07-31,Call,17.0,0.375,0.42,True
2026-07-01,UUUUG312601750.U^G26,UUUU,2026-07-31,Call,17.5,0.355,0.56,True
2026-07-01,UUUUG312601800.U^G26,UUUU,2026-07-31,Call,18.0,0.295,0.3,True
2026-07-01,UUUUG312601850.U^G26,UUUU,2026-07-31,Call,18.5,0.215,0.3,True
2026-07-01,UUUUH072601050.U^H26,UUUU,2026-08-07,Call,10.5,3.95,,True
2026-07-01,UUUUH072601100.U^H26,UUUU,2026-08-07,Call,11.0,3.625,,True
2026-07-01,UUUUH072601150.U^H26,UUUU,2026-08-07,Call,11.5,3.15,,True
2026-07-01,UUUUH072601200.U^H26,UUUU,2026-08-07,Call,12.0,2.76,,True
2026-07-01,UUUUH072601250.U^H26,UUUU,2026-08-07,Call,12.5,2.42,,True
2026-07-01,UUUUH072601300.U^H26,UUUU,2026-08-07,Call,13.0,2.065,,True
2026-07-01,UUUUH072601350.U^H26,UUUU,2026-08-07,Call,13.5,1.79,,True
2026-07-01,UUUUH072601400.U^H26,UUUU,2026-08-07,Call,14.0,1.62,1.66,True
2026-07-01,UUUUH072601450.U^H26,UUUU,2026-08-07,Call,14.5,1.37,1.58,True
2026-07-01,UUUUH072601500.U^H26,UUUU,2026-08-07,Call,15.0,1.115,,True
2026-07-01,UUUUH072601550.U^H26,UUUU,2026-08-07,Call,15.5,1.015,0.98,True
2026-07-01,UUUUH072601600.U^H26,UUUU,2026-08-07,Call,16.0,0.86,1.14,True
2026-07-01,UUUUH072601650.U^H26,UUUU,2026-08-07,Call,16.5,0.66,,True
2026-07-01,UUUUH072601700.U^H26,UUUU,2026-08-07,Call,17.0,0.6,,True
2026-07-01,UUUUH072601750.U^H26,UUUU,2026-08-07,Call,17.5,0.535,0.63,True
2026-07-01,UUUUH072601800.U^H26,UUUU,2026-08-07,Call,18.0,0.435,,True
2026-07-01,UUUUH072601850.U^H26,UUUU,2026-08-07,Call,18.5,0.335,,True
2026-07-01,UUUUH142601050.U^H26,UUUU,2026-08-14,Call,10.5,,,False
2026-07-01,UUUUH142601100.U^H26,UUUU,2026-08-14,Call,11.0,,,False
2026-07-01,UUUUH142601150.U^H26,UUUU,2026-08-14,Call,11.5,,,False
2026-07-01,UUUUH142601200.U^H26,UUUU,2026-08-14,Call,12.0,,,False
2026-07-01,UUUUH142601250.U^H26,UUUU,2026-08-14,Call,12.5,,,False
2026-07-01,UUUUH142601300.U^H26,UUUU,2026-08-14,Call,13.0,,,False
2026-07-01,UUUUH142601350.U^H26,UUUU,2026-08-14,Call,13.5,,,False
2026-07-01,UUUUH142601400.U^H26,UUUU,2026-08-14,Call,14.0,,,False
2026-07-01,UUUUH142601450.U^H26,UUUU,2026-08-14,Call,14.5,,,False
2026-07-01,UUUUH142601500.U^H26,UUUU,2026-08-14,Call,15.0,,,False
2026-07-01,UUUUH142601550.U^H26,UUUU,2026-08-14,Call,15.5,,,False
2026-07-01,UUUUH142601600.U^H26,UUUU,2026-08-14,Call,16.0,,,False
2026-07-01,UUUUH142601650.U^H26,UUUU,2026-08-14,Call,16.5,,,False
2026-07-01,UUUUH142601700.U^H26,UUUU,2026-08-14,Call,17.0,,,False
2026-07-01,UUUUH142601750.U^H26,UUUU,2026-08-14,Call,17.5,,,False
2026-07-01,UUUUH142601800.U^H26,UUUU,2026-08-14,Call,18.0,,,False
2026-07-01,UUUUH142601850.U^H26,UUUU,2026-08-14,Call,18.5,,,False
2026-07-01,UUUUH212601050.U^H26,UUUU,2026-08-21,Call,10.5,,,False
2026-07-01,UUUUH212601100.U^H26,UUUU,2026-08-21,Call,11.0,3.8,3.75,True
2026-07-01,UUUUH212601150.U^H26,UUUU,2026-08-21,Call,11.5,,,False
2026-07-01,UUUUH212601200.U^H26,UUUU,2026-08-21,Call,12.0,3.05,3.1,True
2026-07-01,UUUUH212601250.U^H26,UUUU,2026-08-21,Call,12.5,,,False
2026-07-01,UUUUH212601300.U^H26,UUUU,2026-08-21,Call,13.0,2.42,,True
2026-07-01,UUUUH212601350.U^H26,UUUU,2026-08-21,Call,13.5,,,False
2026-07-01,UUUUH212601400.U^H26,UUUU,2026-08-21,Call,14.0,1.795,1.82,True
2026-07-01,UUUUH212601450.U^H26,UUUU,2026-08-21,Call,14.5,,,False
2026-07-01,UUUUH212601500.U^H26,UUUU,2026-08-21,Call,15.0,1.345,1.42,True
2026-07-01,UUUUH212601550.U^H26,UUUU,2026-08-21,Call,15.5,,,False
2026-07-01,UUUUH212601600.U^H26,UUUU,2026-08-21,Call,16.0,1.015,1.07,True
2026-07-01,UUUUH212601650.U^H26,UUUU,2026-08-21,Call,16.5,,,False
2026-07-01,UUUUH212601700.U^H26,UUUU,2026-08-21,Call,17.0,0.74,0.81,True
2026-07-01,UUUUH212601750.U^H26,UUUU,2026-08-21,Call,17.5,,,False
2026-07-01,UUUUH212601800.U^H26,UUUU,2026-08-21,Call,18.0,0.575,0.61,True
2026-07-01,UUUUH212601850.U^H26,UUUU,2026-08-21,Call,18.5,,,False
2026-07-01,UUUUH282601050.U^H26,UUUU,2026-08-28,Call,10.5,,,False
2026-07-01,UUUUH282601100.U^H26,UUUU,2026-08-28,Call,11.0,,,False
2026-07-01,UUUUH282601150.U^H26,UUUU,2026-08-28,Call,11.5,,,False
2026-07-01,UUUUH282601200.U^H26,UUUU,2026-08-28,Call,12.0,,,False
2026-07-01,UUUUH282601250.U^H26,UUUU,2026-08-28,Call,12.5,,,False
2026-07-01,UUUUH282601300.U^H26,UUUU,2026-08-28,Call,13.0,,,False
2026-07-01,UUUUH282601350.U^H26,UUUU,2026-08-28,Call,13.5,,,False
2026-07-01,UUUUH282601400.U^H26,UUUU,2026-08-28,Call,14.0,,,False
2026-07-01,UUUUH282601450.U^H26,UUUU,2026-08-28,Call,14.5,,,False
2026-07-01,UUUUH282601500.U^H26,UUUU,2026-08-28,Call,15.0,,,False
2026-07-01,UUUUH282601550.U^H26,UUUU,2026-08-28,Call,15.5,,,False
2026-07-01,UUUUH282601600.U^H26,UUUU,2026-08-28,Call,16.0,,,False
2026-07-01,UUUUH282601650.U^H26,UUUU,2026-08-28,Call,16.5,,,False
2026-07-01,UUUUH282601700.U^H26,UUUU,2026-08-28,Call,17.0,,,False
2026-07-01,UUUUH282601750.U^H26,UUUU,2026-08-28,Call,17.5,,,False
2026-07-01,UUUUH282601800.U^H26,UUUU,2026-08-28,Call,18.0,,,False
2026-07-01,UUUUH282601850.U^H26,UUUU,2026-08-28,Call,18.5,,,False
2026-07-01,UUUUI042601050.U^I26,UUUU,2026-09-04,Call,10.5,,,False
2026-07-01,UUUUI042601100.U^I26,UUUU,2026-09-04,Call,11.0,,,False
2026-07-01,UUUUI042601150.U^I26,UUUU,2026-09-04,Call,11.5,,,False
2026-07-01,UUUUI042601200.U^I26,UUUU,2026-09-04,Call,12.0,,,False
2026-07-01,UUUUI042601250.U^I26,UUUU,2026-09-04,Call,12.5,,,False
2026-07-01,UUUUI042601300.U^I26,UUUU,2026-09-04,Call,13.0,,,False
2026-07-01,UUUUI042601350.U^I26,UUUU,2026-09-04,Call,13.5,,,False
2026-07-01,UUUUI042601400.U^I26,UUUU,2026-09-04,Call,14.0,,,False
2026-07-01,UUUUI042601450.U^I26,UUUU,2026-09-04,Call,14.5,,,False
2026-07-01,UUUUI042601500.U^I26,UUUU,2026-09-04,Call,15.0,,,False
2026-07-01,UUUUI042601550.U^I26,UUUU,2026-09-04,Call,15.5,,,False
2026-07-01,UUUUI042601600.U^I26,UUUU,2026-09-04,Call,16.0,,,False
2026-07-01,UUUUI042601650.U^I26,UUUU,2026-09-04,Call,16.5,,,False
2026-07-01,UUUUI042601700.U^I26,UUUU,2026-09-04,Call,17.0,,,False
2026-07-01,UUUUI042601750.U^I26,UUUU,2026-09-04,Call,17.5,,,False
2026-07-01,UUUUI042601800.U^I26,UUUU,2026-09-04,Call,18.0,,,False
2026-07-01,UUUUI042601850.U^I26,UUUU,2026-09-04,Call,18.5,,,False
2026-07-01,UUUUS102601100.U^G26,UUUU,2026-07-10,Put,11.0,,0.02,True
2026-07-01,UUUUS102601150.U^G26,UUUU,2026-07-10,Put,11.5,,,True
2026-07-01,UUUUS102601200.U^G26,UUUU,2026-07-10,Put,12.0,0.075,0.06,True
2026-07-01,UUUUS102601250.U^G26,UUUU,2026-07-10,Put,12.5,0.115,0.11,True
2026-07-01,UUUUS102601300.U^G26,UUUU,2026-07-10,Put,13.0,0.195,0.2,True
2026-07-01,UUUUS102601350.U^G26,UUUU,2026-07-10,Put,13.5,0.325,0.33,True
2026-07-01,UUUUS102601400.U^G26,UUUU,2026-07-10,Put,14.0,0.51,0.5,True
2026-07-01,UUUUS102601450.U^G26,UUUU,2026-07-10,Put,14.5,0.71,0.78,True
2026-07-01,UUUUS102601500.U^G26,UUUU,2026-07-10,Put,15.0,1.125,1.08,True
2026-07-01,UUUUS102601550.U^G26,UUUU,2026-07-10,Put,15.5,1.505,1.41,True
2026-07-01,UUUUS102601600.U^G26,UUUU,2026-07-10,Put,16.0,1.905,1.86,True
2026-07-01,UUUUS102601650.U^G26,UUUU,2026-07-10,Put,16.5,2.345,2.39,True
2026-07-01,UUUUS102601700.U^G26,UUUU,2026-07-10,Put,17.0,2.86,2.77,True
2026-07-01,UUUUS102601750.U^G26,UUUU,2026-07-10,Put,17.5,3.325,,True
2026-07-01,UUUUS102601800.U^G26,UUUU,2026-07-10,Put,18.0,3.9,3.7,True
2026-07-01,UUUUS102601850.U^G26,UUUU,2026-07-10,Put,18.5,4.2,4.05,True
2026-07-01,UUUUS172601100.U^G26,UUUU,2026-07-17,Put,11.0,0.045,0.07,True
2026-07-01,UUUUS172601150.U^G26,UUUU,2026-07-17,Put,11.5,0.105,0.2,True
2026-07-01,UUUUS172601200.U^G26,UUUU,2026-07-17,Put,12.0,0.15,0.13,True
2026-07-01,UUUUS172601250.U^G26,UUUU,2026-07-17,Put,12.5,0.235,0.24,True
2026-07-01,UUUUS172601300.U^G26,UUUU,2026-07-17,Put,13.0,0.37,0.34,True
2026-07-01,UUUUS172601350.U^G26,UUUU,2026-07-17,Put,13.5,0.54,0.53,True
2026-07-01,UUUUS172601400.U^G26,UUUU,2026-07-17,Put,14.0,0.75,0.71,True
2026-07-01,UUUUS172601450.U^G26,UUUU,2026-07-17,Put,14.5,1.0,0.95,True
2026-07-01,UUUUS172601500.U^G26,UUUU,2026-07-17,Put,15.0,1.32,1.28,True
2026-07-01,UUUUS172601550.U^G26,UUUU,2026-07-17,Put,15.5,1.74,1.58,True
2026-07-01,UUUUS172601600.U^G26,UUUU,2026-07-17,Put,16.0,2.06,2.01,True
2026-07-01,UUUUS172601650.U^G26,UUUU,2026-07-17,Put,16.5,2.51,2.5,True
2026-07-01,UUUUS172601700.U^G26,UUUU,2026-07-17,Put,17.0,3.01,2.94,True
2026-07-01,UUUUS172601750.U^G26,UUUU,2026-07-17,Put,17.5,3.3,,True
2026-07-01,UUUUS172601800.U^G26,UUUU,2026-07-17,Put,18.0,3.9,3.83,True
2026-07-01,UUUUS172601850.U^G26,UUUU,2026-07-17,Put,18.5,4.5,4.25,True
2026-07-01,UUUUS242601050.U^G26,UUUU,2026-07-24,Put,10.5,,,False
2026-07-01,UUUUS242601100.U^G26,UUUU,2026-07-24,Put,11.0,0.125,0.12,True
2026-07-01,UUUUS242601150.U^G26,UUUU,2026-07-24,Put,11.5,,,False
2026-07-01,UUUUS242601200.U^G26,UUUU,2026-07-24,Put,12.0,0.27,0.25,True
2026-07-01,UUUUS242601250.U^G26,UUUU,2026-07-24,Put,12.5,,,False
2026-07-01,UUUUS242601300.U^G26,UUUU,2026-07-24,Put,13.0,0.53,0.52,True
2026-07-01,UUUUS242601350.U^G26,UUUU,2026-07-24,Put,13.5,0.705,0.65,True
2026-07-01,UUUUS242601400.U^G26,UUUU,2026-07-24,Put,14.0,0.93,0.83,True
2026-07-01,UUUUS242601450.U^G26,UUUU,2026-07-24,Put,14.5,1.16,1.2,True
2026-07-01,UUUUS242601500.U^G26,UUUU,2026-07-24,Put,15.0,1.59,1.35,True
2026-07-01,UUUUS242601550.U^G26,UUUU,2026-07-24,Put,15.5,1.865,1.77,True
2026-07-01,UUUUS242601600.U^G26,UUUU,2026-07-24,Put,16.0,2.265,2.24,True
2026-07-01,UUUUS242601650.U^G26,UUUU,2026-07-24,Put,16.5,2.615,2.54,True
2026-07-01,UUUUS242601700.U^G26,UUUU,2026-07-24,Put,17.0,3.165,3.0,True
2026-07-01,UUUUS242601750.U^G26,UUUU,2026-07-24,Put,17.5,3.5,,True
2026-07-01,UUUUS242601800.U^G26,UUUU,2026-07-24,Put,18.0,4.05,,True
2026-07-01,UUUUS242601850.U^G26,UUUU,2026-07-24,Put,18.5,4.3,4.29,True
2026-07-01,UUUUS312601050.U^G26,UUUU,2026-07-31,Put,10.5,0.1,0.1,True
2026-07-01,UUUUS312601100.U^G26,UUUU,2026-07-31,Put,11.0,0.19,0.17,True
2026-07-01,UUUUS312601150.U^G26,UUUU,2026-07-31,Put,11.5,0.23,,True
2026-07-01,UUUUS312601200.U^G26,UUUU,2026-07-31,Put,12.0,0.43,,True
2026-07-01,UUUUS312601250.U^G26,UUUU,2026-07-31,Put,12.5,0.445,0.49,True
2026-07-01,UUUUS312601300.U^G26,UUUU,2026-07-31,Put,13.0,0.605,0.65,True
2026-07-01,UUUUS312601350.U^G26,UUUU,2026-07-31,Put,13.5,0.805,0.82,True
2026-07-01,UUUUS312601400.U^G26,UUUU,2026-07-31,Put,14.0,1.1,1.06,True
2026-07-01,UUUUS312601450.U^G26,UUUU,2026-07-31,Put,14.5,1.335,1.3,True
2026-07-01,UUUUS312601500.U^G26,UUUU,2026-07-31,Put,15.0,1.725,,True
2026-07-01,UUUUS312601550.U^G26,UUUU,2026-07-31,Put,15.5,1.925,1.84,True
2026-07-01,UUUUS312601600.U^G26,UUUU,2026-07-31,Put,16.0,2.42,2.31,True
2026-07-01,UUUUS312601650.U^G26,UUUU,2026-07-31,Put,16.5,2.69,2.7,True
2026-07-01,UUUUS312601700.U^G26,UUUU,2026-07-31,Put,17.0,3.12,2.91,True
2026-07-01,UUUUS312601750.U^G26,UUUU,2026-07-31,Put,17.5,3.55,,True
2026-07-01,UUUUS312601800.U^G26,UUUU,2026-07-31,Put,18.0,4.075,3.95,True
2026-07-01,UUUUS312601850.U^G26,UUUU,2026-07-31,Put,18.5,4.5,4.36,True
2026-07-01,UUUUT072601050.U^H26,UUUU,2026-08-07,Put,10.5,0.19,,True
2026-07-01,UUUUT072601100.U^H26,UUUU,2026-08-07,Put,11.0,0.32,,True
2026-07-01,UUUUT072601150.U^H26,UUUU,2026-08-07,Put,11.5,0.425,,True
2026-07-01,UUUUT072601200.U^H26,UUUU,2026-08-07,Put,12.0,0.545,0.51,True
2026-07-01,UUUUT072601250.U^H26,UUUU,2026-08-07,Put,12.5,0.705,,True
2026-07-01,UUUUT072601300.U^H26,UUUU,2026-08-07,Put,13.0,0.845,0.8,True
2026-07-01,UUUUT072601350.U^H26,UUUU,2026-08-07,Put,13.5,1.09,1.0,True
2026-07-01,UUUUT072601400.U^H26,UUUU,2026-08-07,Put,14.0,1.27,1.26,True
2026-07-01,UUUUT072601450.U^H26,UUUU,2026-08-07,Put,14.5,1.61,,True
2026-07-01,UUUUT072601500.U^H26,UUUU,2026-08-07,Put,15.0,1.915,,True
2026-07-01,UUUUT072601550.U^H26,UUUU,2026-08-07,Put,15.5,2.24,,True
2026-07-01,UUUUT072601600.U^H26,UUUU,2026-08-07,Put,16.0,2.505,,True
2026-07-01,UUUUT072601650.U^H26,UUUU,2026-08-07,Put,16.5,2.9,,True
2026-07-01,UUUUT072601700.U^H26,UUUU,2026-08-07,Put,17.0,3.31,3.23,True
2026-07-01,UUUUT072601750.U^H26,UUUU,2026-08-07,Put,17.5,3.7,,True
2026-07-01,UUUUT072601800.U^H26,UUUU,2026-08-07,Put,18.0,4.15,4.03,True
2026-07-01,UUUUT072601850.U^H26,UUUU,2026-08-07,Put,18.5,4.575,,True
2026-07-01,UUUUT142601050.U^H26,UUUU,2026-08-14,Put,10.5,,,False
2026-07-01,UUUUT142601100.U^H26,UUUU,2026-08-14,Put,11.0,,,False
2026-07-01,UUUUT142601150.U^H26,UUUU,2026-08-14,Put,11.5,,,False
2026-07-01,UUUUT142601200.U^H26,UUUU,2026-08-14,Put,12.0,,,False
2026-07-01,UUUUT142601250.U^H26,UUUU,2026-08-14,Put,12.5,,,False
2026-07-01,UUUUT142601300.U^H26,UUUU,2026-08-14,Put,13.0,,,False
2026-07-01,UUUUT142601350.U^H26,UUUU,2026-08-14,Put,13.5,,,False
2026-07-01,UUUUT142601400.U^H26,UUUU,2026-08-14,Put,14.0,,,False
2026-07-01,UUUUT142601450.U^H26,UUUU,2026-08-14,Put,14.5,,,False
2026-07-01,UUUUT142601500.U^H26,UUUU,2026-08-14,Put,15.0,,,False
2026-07-01,UUUUT142601550.U^H26,UUUU,2026-08-14,Put,15.5,,,False
2026-07-01,UUUUT142601600.U^H26,UUUU,2026-08-14,Put,16.0,,,False
2026-07-01,UUUUT142601650.U^H26,UUUU,2026-08-14,Put,16.5,,,False
2026-07-01,UUUUT142601700.U^H26,UUUU,2026-08-14,Put,17.0,,,False
2026-07-01,UUUUT142601750.U^H26,UUUU,2026-08-14,Put,17.5,,,False
2026-07-01,UUUUT142601800.U^H26,UUUU,2026-08-14,Put,18.0,,,False
2026-07-01,UUUUT142601850.U^H26,UUUU,2026-08-14,Put,18.5,,,False
2026-07-01,UUUUT212601050.U^H26,UUUU,2026-08-21,Put,10.5,,,False
2026-07-01,UUUUT212601100.U^H26,UUUU,2026-08-21,Put,11.0,0.41,0.46,True
2026-07-01,UUUUT212601150.U^H26,UUUU,2026-08-21,Put,11.5,,,False
2026-07-01,UUUUT212601200.U^H26,UUUU,2026-08-21,Put,12.0,0.66,0.7,True
2026-07-01,UUUUT212601250.U^H26,UUUU,2026-08-21,Put,12.5,,,False
2026-07-01,UUUUT212601300.U^H26,UUUU,2026-08-21,Put,13.0,1.02,1.04,True
2026-07-01,UUUUT212601350.U^H26,UUUU,2026-08-21,Put,13.5,,,False
2026-07-01,UUUUT212601400.U^H26,UUUU,2026-08-21,Put,14.0,1.485,1.45,True
2026-07-01,UUUUT212601450.U^H26,UUUU,2026-08-21,Put,14.5,,,False
2026-07-01,UUUUT212601500.U^H26,UUUU,2026-08-21,Put,15.0,2.045,1.98,True
2026-07-01,UUUUT212601550.U^H26,UUUU,2026-08-21,Put,15.5,,,False
2026-07-01,UUUUT212601600.U^H26,UUUU,2026-08-21,Put,16.0,2.73,2.63,True
2026-07-01,UUUUT212601650.U^H26,UUUU,2026-08-21,Put,16.5,,,False
2026-07-01,UUUUT212601700.U^H26,UUUU,2026-08-21,Put,17.0,3.525,,True
2026-07-01,UUUUT212601750.U^H26,UUUU,2026-08-21,Put,17.5,,,False
2026-07-01,UUUUT212601800.U^H26,UUUU,2026-08-21,Put,18.0,4.225,4.2,True
2026-07-01,UUUUT212601850.U^H26,UUUU,2026-08-21,Put,18.5,,,False
2026-07-01,UUUUT282601050.U^H26,UUUU,2026-08-28,Put,10.5,,,False
2026-07-01,UUUUT282601100.U^H26,UUUU,2026-08-28,Put,11.0,,,False
2026-07-01,UUUUT282601150.U^H26,UUUU,2026-08-28,Put,11.5,,,False
2026-07-01,UUUUT282601200.U^H26,UUUU,2026-08-28,Put,12.0,,,False
2026-07-01,UUUUT282601250.U^H26,UUUU,2026-08-28,Put,12.5,,,False
2026-07-01,UUUUT282601300.U^H26,UUUU,2026-08-28,Put,13.0,,,False
2026-07-01,UUUUT282601350.U^H26,UUUU,2026-08-28,Put,13.5,,,False
2026-07-01,UUUUT282601400.U^H26,UUUU,2026-08-28,Put,14.0,,,False
2026-07-01,UUUUT282601450.U^H26,UUUU,2026-08-28,Put,14.5,,,False
2026-07-01,UUUUT282601500.U^H26,UUUU,2026-08-28,Put,15.0,,,False
2026-07-01,UUUUT282601550.U^H26,UUUU,2026-08-28,Put,15.5,,,False
2026-07-01,UUUUT282601600.U^H26,UUUU,2026-08-28,Put,16.0,,,False
2026-07-01,UUUUT282601650.U^H26,UUUU,2026-08-28,Put,16.5,,,False
2026-07-01,UUUUT282601700.U^H26,UUUU,2026-08-28,Put,17.0,,,False
2026-07-01,UUUUT282601750.U^H26,UUUU,2026-08-28,Put,17.5,,,False
2026-07-01,UUUUT282601800.U^H26,UUUU,2026-08-28,Put,18.0,,,False
2026-07-01,UUUUT282601850.U^H26,UUUU,2026-08-28,Put,18.5,,,False
2026-07-01,UUUUU042601050.U^I26,UUUU,2026-09-04,Put,10.5,,,False
2026-07-01,UUUUU042601100.U^I26,UUUU,2026-09-04,Put,11.0,,,False
2026-07-01,UUUUU042601150.U^I26,UUUU,2026-09-04,Put,11.5,,,False
2026-07-01,UUUUU042601200.U^I26,UUUU,2026-09-04,Put,12.0,,,False
2026-07-01,UUUUU042601250.U^I26,UUUU,2026-09-04,Put,12.5,,,False
2026-07-01,UUUUU042601300.U^I26,UUUU,2026-09-04,Put,13.0,,,False
2026-07-01,UUUUU042601350.U^I26,UUUU,2026-09-04,Put,13.5,,,False
2026-07-01,UUUUU042601400.U^I26,UUUU,2026-09-04,Put,14.0,,,False
2026-07-01,UUUUU042601450.U^I26,UUUU,2026-09-04,Put,14.5,,,False
2026-07-01,UUUUU042601500.U^I26,UUUU,2026-09-04,Put,15.0,,,False
2026-07-01,UUUUU042601550.U^I26,UUUU,2026-09-04,Put,15.5,,,False
2026-07-01,UUUUU042601600.U^I26,UUUU,2026-09-04,Put,16.0,,,False
2026-07-01,UUUUU042601650.U^I26,UUUU,2026-09-04,Put,16.5,,,False
2026-07-01,UUUUU042601700.U^I26,UUUU,2026-09-04,Put,17.0,,,False
2026-07-01,UUUUU042601750.U^I26,UUUU,2026-09-04,Put,17.5,,,False
2026-07-01,UUUUU042601800.U^I26,UUUU,2026-09-04,Put,18.0,,,False
2026-07-01,UUUUU042601850.U^I26,UUUU,2026-09-04,Put,18.5,,,False
2026-07-02,UUUUG102601100.U^G26,UUUU,2026-07-10,Call,11.0,2.89,,True
2026-07-02,UUUUG102601150.U^G26,UUUU,2026-07-10,Call,11.5,2.295,,True
2026-07-02,UUUUG102601200.U^G26,UUUU,2026-07-10,Call,12.0,1.765,1.91,True
2026-07-02,UUUUG102601250.U^G26,UUUU,2026-07-10,Call,12.5,1.36,1.3,True
2026-07-02,UUUUG102601300.U^G26,UUUU,2026-07-10,Call,13.0,1.04,1.12,True
2026-07-02,UUUUG102601350.U^G26,UUUU,2026-07-10,Call,13.5,0.705,0.72,True
2026-07-02,UUUUG102601400.U^G26,UUUU,2026-07-10,Call,14.0,0.465,0.47,True
2026-07-02,UUUUG102601450.U^G26,UUUU,2026-07-10,Call,14.5,0.29,0.29,True
2026-07-02,UUUUG102601500.U^G26,UUUU,2026-07-10,Call,15.0,0.145,0.17,True
2026-07-02,UUUUG102601550.U^G26,UUUU,2026-07-10,Call,15.5,0.085,0.09,True
2026-07-02,UUUUG102601600.U^G26,UUUU,2026-07-10,Call,16.0,0.045,0.07,True
2026-07-02,UUUUG102601650.U^G26,UUUU,2026-07-10,Call,16.5,0.095,0.04,True
2026-07-02,UUUUG102601700.U^G26,UUUU,2026-07-10,Call,17.0,0.03,0.04,True
2026-07-02,UUUUG102601750.U^G26,UUUU,2026-07-10,Call,17.5,,0.05,True
2026-07-02,UUUUG102601800.U^G26,UUUU,2026-07-10,Call,18.0,0.03,0.02,True
2026-07-02,UUUUG102601850.U^G26,UUUU,2026-07-10,Call,18.5,,0.01,True
2026-07-02,UUUUG172601100.U^G26,UUUU,2026-07-17,Call,11.0,2.875,,True
2026-07-02,UUUUG172601150.U^G26,UUUU,2026-07-17,Call,11.5,2.46,,True
2026-07-02,UUUUG172601200.U^G26,UUUU,2026-07-17,Call,12.0,2.01,2.01,True
2026-07-02,UUUUG172601250.U^G26,UUUU,2026-07-17,Call,12.5,1.645,1.7,True
2026-07-02,UUUUG172601300.U^G26,UUUU,2026-07-17,Call,13.0,1.255,,True
2026-07-02,UUUUG172601350.U^G26,UUUU,2026-07-17,Call,13.5,0.945,0.94,True
2026-07-02,UUUUG172601400.U^G26,UUUU,2026-07-17,Call,14.0,0.685,0.69,True
2026-07-02,UUUUG172601450.U^G26,UUUU,2026-07-17,Call,14.5,0.49,0.5,True
2026-07-02,UUUUG172601500.U^G26,UUUU,2026-07-17,Call,15.0,0.355,0.35,True
2026-07-02,UUUUG172601550.U^G26,UUUU,2026-07-17,Call,15.5,0.235,0.27,True
2026-07-02,UUUUG172601600.U^G26,UUUU,2026-07-17,Call,16.0,0.17,0.17,True
2026-07-02,UUUUG172601650.U^G26,UUUU,2026-07-17,Call,16.5,0.135,0.15,True
2026-07-02,UUUUG172601700.U^G26,UUUU,2026-07-17,Call,17.0,0.085,0.1,True
2026-07-02,UUUUG172601750.U^G26,UUUU,2026-07-17,Call,17.5,0.07,0.11,True
2026-07-02,UUUUG172601800.U^G26,UUUU,2026-07-17,Call,18.0,0.045,0.02,True
2026-07-02,UUUUG172601850.U^G26,UUUU,2026-07-17,Call,18.5,0.08,0.09,True
2026-07-02,UUUUG242601050.U^G26,UUUU,2026-07-24,Call,10.5,,,False
2026-07-02,UUUUG242601100.U^G26,UUUU,2026-07-24,Call,11.0,2.97,,True
2026-07-02,UUUUG242601150.U^G26,UUUU,2026-07-24,Call,11.5,,,False
2026-07-02,UUUUG242601200.U^G26,UUUU,2026-07-24,Call,12.0,2.105,,True
2026-07-02,UUUUG242601250.U^G26,UUUU,2026-07-24,Call,12.5,,,False
2026-07-02,UUUUG242601300.U^G26,UUUU,2026-07-24,Call,13.0,1.445,1.4,True
2026-07-02,UUUUG242601350.U^G26,UUUU,2026-07-24,Call,13.5,1.115,1.31,True
2026-07-02,UUUUG242601400.U^G26,UUUU,2026-07-24,Call,14.0,0.895,0.87,True
2026-07-02,UUUUG242601450.U^G26,UUUU,2026-07-24,Call,14.5,0.715,0.7,True
2026-07-02,UUUUG242601500.U^G26,UUUU,2026-07-24,Call,15.0,0.52,0.5,True
2026-07-02,UUUUG242601550.U^G26,UUUU,2026-07-24,Call,15.5,0.395,0.32,True
2026-07-02,UUUUG242601600.U^G26,UUUU,2026-07-24,Call,16.0,0.25,0.3,True
2026-07-02,UUUUG242601650.U^G26,UUUU,2026-07-24,Call,16.5,0.18,0.39,True
2026-07-02,UUUUG242601700.U^G26,UUUU,2026-07-24,Call,17.0,0.15,0.19,True
2026-07-02,UUUUG242601750.U^G26,UUUU,2026-07-24,Call,17.5,0.15,0.18,True
2026-07-02,UUUUG242601800.U^G26,UUUU,2026-07-24,Call,18.0,0.165,0.11,True
2026-07-02,UUUUG242601850.U^G26,UUUU,2026-07-24,Call,18.5,0.145,0.14,True
2026-07-02,UUUUG312601050.U^G26,UUUU,2026-07-31,Call,10.5,3.45,,True
2026-07-02,UUUUG312601100.U^G26,UUUU,2026-07-31,Call,11.0,3.01,,True
2026-07-02,UUUUG312601150.U^G26,UUUU,2026-07-31,Call,11.5,2.665,2.55,True
2026-07-02,UUUUG312601200.U^G26,UUUU,2026-07-31,Call,12.0,2.295,,True
2026-07-02,UUUUG312601250.U^G26,UUUU,2026-07-31,Call,12.5,1.995,2.35,True
2026-07-02,UUUUG312601300.U^G26,UUUU,2026-07-31,Call,13.0,1.595,1.54,True
2026-07-02,UUUUG312601350.U^G26,UUUU,2026-07-31,Call,13.5,1.325,1.26,True
2026-07-02,UUUUG312601400.U^G26,UUUU,2026-07-31,Call,14.0,1.09,1.03,True
2026-07-02,UUUUG312601450.U^G26,UUUU,2026-07-31,Call,14.5,0.88,0.85,True
2026-07-02,UUUUG312601500.U^G26,UUUU,2026-07-31,Call,15.0,0.69,0.82,True
2026-07-02,UUUUG312601550.U^G26,UUUU,2026-07-31,Call,15.5,0.585,0.67,True
2026-07-02,UUUUG312601600.U^G26,UUUU,2026-07-31,Call,16.0,0.435,0.46,True
2026-07-02,UUUUG312601650.U^G26,UUUU,2026-07-31,Call,16.5,0.35,0.35,True
2026-07-02,UUUUG312601700.U^G26,UUUU,2026-07-31,Call,17.0,0.28,0.3,True
2026-07-02,UUUUG312601750.U^G26,UUUU,2026-07-31,Call,17.5,0.245,0.3,True
2026-07-02,UUUUG312601800.U^G26,UUUU,2026-07-31,Call,18.0,0.195,0.15,True
2026-07-02,UUUUG312601850.U^G26,UUUU,2026-07-31,Call,18.5,0.155,0.3,True
2026-07-02,UUUUH072601050.U^H26,UUUU,2026-08-07,Call,10.5,3.6,,True
2026-07-02,UUUUH072601100.U^H26,UUUU,2026-08-07,Call,11.0,3.1,,True
2026-07-02,UUUUH072601150.U^H26,UUUU,2026-08-07,Call,11.5,2.735,,True
2026-07-02,UUUUH072601200.U^H26,UUUU,2026-08-07,Call,12.0,2.39,,True
2026-07-02,UUUUH072601250.U^H26,UUUU,2026-08-07,Call,12.5,2.035,,True
2026-07-02,UUUUH072601300.U^H26,UUUU,2026-08-07,Call,13.0,1.795,,True
2026-07-02,UUUUH072601350.U^H26,UUUU,2026-08-07,Call,13.5,1.54,1.47,True
2026-07-02,UUUUH072601400.U^H26,UUUU,2026-08-07,Call,14.0,1.315,,True
2026-07-02,UUUUH072601450.U^H26,UUUU,2026-08-07,Call,14.5,1.105,1.04,True
2026-07-02,UUUUH072601500.U^H26,UUUU,2026-08-07,Call,15.0,0.9,0.9,True
2026-07-02,UUUUH072601550.U^H26,UUUU,2026-08-07,Call,15.5,0.8,1.3,True
2026-07-02,UUUUH072601600.U^H26,UUUU,2026-08-07,Call,16.0,0.64,0.6,True
2026-07-02,UUUUH072601650.U^H26,UUUU,2026-08-07,Call,16.5,0.56,0.5,True
2026-07-02,UUUUH072601700.U^H26,UUUU,2026-08-07,Call,17.0,0.415,0.4,True
2026-07-02,UUUUH072601750.U^H26,UUUU,2026-08-07,Call,17.5,0.38,,True
2026-07-02,UUUUH072601800.U^H26,UUUU,2026-08-07,Call,18.0,0.34,0.28,True
2026-07-02,UUUUH072601850.U^H26,UUUU,2026-08-07,Call,18.5,0.245,0.2,True
2026-07-02,UUUUH142601050.U^H26,UUUU,2026-08-14,Call,10.5,3.525,,True
2026-07-02,UUUUH142601100.U^H26,UUUU,2026-08-14,Call,11.0,3.14,,True
2026-07-02,UUUUH142601150.U^H26,UUUU,2026-08-14,Call,11.5,2.77,,True
2026-07-02,UUUUH142601200.U^H26,UUUU,2026-08-14,Call,12.0,2.43,,True
2026-07-02,UUUUH142601250.U^H26,UUUU,2026-08-14,Call,12.5,2.12,,True
2026-07-02,UUUUH142601300.U^H26,UUUU,2026-08-14,Call,13.0,1.835,,True
2026-07-02,UUUUH142601350.U^H26,UUUU,2026-08-14,Call,13.5,1.585,,True
2026-07-02,UUUUH142601400.U^H26,UUUU,2026-08-14,Call,14.0,1.39,1.93,True
2026-07-02,UUUUH142601450.U^H26,UUUU,2026-08-14,Call,14.5,1.16,,True
2026-07-02,UUUUH142601500.U^H26,UUUU,2026-08-14,Call,15.0,0.99,,True
2026-07-02,UUUUH142601550.U^H26,UUUU,2026-08-14,Call,15.5,0.83,,True
2026-07-02,UUUUH142601600.U^H26,UUUU,2026-08-14,Call,16.0,0.725,,True
2026-07-02,UUUUH142601650.U^H26,UUUU,2026-08-14,Call,16.5,0.665,,True
2026-07-02,UUUUH142601700.U^H26,UUUU,2026-08-14,Call,17.0,0.505,,True
2026-07-02,UUUUH142601750.U^H26,UUUU,2026-08-14,Call,17.5,0.355,,True
2026-07-02,UUUUH142601800.U^H26,UUUU,2026-08-14,Call,18.0,0.335,,True
2026-07-02,UUUUH142601850.U^H26,UUUU,2026-08-14,Call,18.5,0.31,,True
2026-07-02,UUUUH212601050.U^H26,UUUU,2026-08-21,Call,10.5,,,False
2026-07-02,UUUUH212601100.U^H26,UUUU,2026-08-21,Call,11.0,3.3,3.35,True
2026-07-02,UUUUH212601150.U^H26,UUUU,2026-08-21,Call,11.5,,,False
2026-07-02,UUUUH212601200.U^H26,UUUU,2026-08-21,Call,12.0,2.66,3.4,True
2026-07-02,UUUUH212601250.U^H26,UUUU,2026-08-21,Call,12.5,,,False
2026-07-02,UUUUH212601300.U^H26,UUUU,2026-08-21,Call,13.0,1.915,1.98,True
2026-07-02,UUUUH212601350.U^H26,UUUU,2026-08-21,Call,13.5,,,False
2026-07-02,UUUUH212601400.U^H26,UUUU,2026-08-21,Call,14.0,1.525,1.52,True
2026-07-02,UUUUH212601450.U^H26,UUUU,2026-08-21,Call,14.5,,,False
2026-07-02,UUUUH212601500.U^H26,UUUU,2026-08-21,Call,15.0,1.115,1.06,True
2026-07-02,UUUUH212601550.U^H26,UUUU,2026-08-21,Call,15.5,,,False
2026-07-02,UUUUH212601600.U^H26,UUUU,2026-08-21,Call,16.0,0.82,0.81,True
2026-07-02,UUUUH212601650.U^H26,UUUU,2026-08-21,Call,16.5,,,False
2026-07-02,UUUUH212601700.U^H26,UUUU,2026-08-21,Call,17.0,0.615,0.61,True
2026-07-02,UUUUH212601750.U^H26,UUUU,2026-08-21,Call,17.5,,,False
2026-07-02,UUUUH212601800.U^H26,UUUU,2026-08-21,Call,18.0,0.44,0.46,True
2026-07-02,UUUUH212601850.U^H26,UUUU,2026-08-21,Call,18.5,,,False
2026-07-02,UUUUH282601050.U^H26,UUUU,2026-08-28,Call,10.5,,,False
2026-07-02,UUUUH282601100.U^H26,UUUU,2026-08-28,Call,11.0,,,False
2026-07-02,UUUUH282601150.U^H26,UUUU,2026-08-28,Call,11.5,,,False
2026-07-02,UUUUH282601200.U^H26,UUUU,2026-08-28,Call,12.0,,,False
2026-07-02,UUUUH282601250.U^H26,UUUU,2026-08-28,Call,12.5,,,False
2026-07-02,UUUUH282601300.U^H26,UUUU,2026-08-28,Call,13.0,,,False
2026-07-02,UUUUH282601350.U^H26,UUUU,2026-08-28,Call,13.5,,,False
2026-07-02,UUUUH282601400.U^H26,UUUU,2026-08-28,Call,14.0,,,False
2026-07-02,UUUUH282601450.U^H26,UUUU,2026-08-28,Call,14.5,,,False
2026-07-02,UUUUH282601500.U^H26,UUUU,2026-08-28,Call,15.0,,,False
2026-07-02,UUUUH282601550.U^H26,UUUU,2026-08-28,Call,15.5,,,False
2026-07-02,UUUUH282601600.U^H26,UUUU,2026-08-28,Call,16.0,,,False
2026-07-02,UUUUH282601650.U^H26,UUUU,2026-08-28,Call,16.5,,,False
2026-07-02,UUUUH282601700.U^H26,UUUU,2026-08-28,Call,17.0,,,False
2026-07-02,UUUUH282601750.U^H26,UUUU,2026-08-28,Call,17.5,,,False
2026-07-02,UUUUH282601800.U^H26,UUUU,2026-08-28,Call,18.0,,,False
2026-07-02,UUUUH282601850.U^H26,UUUU,2026-08-28,Call,18.5,,,False
2026-07-02,UUUUI042601050.U^I26,UUUU,2026-09-04,Call,10.5,,,False
2026-07-02,UUUUI042601100.U^I26,UUUU,2026-09-04,Call,11.0,,,False
2026-07-02,UUUUI042601150.U^I26,UUUU,2026-09-04,Call,11.5,,,False
2026-07-02,UUUUI042601200.U^I26,UUUU,2026-09-04,Call,12.0,,,False
2026-07-02,UUUUI042601250.U^I26,UUUU,2026-09-04,Call,12.5,,,False
2026-07-02,UUUUI042601300.U^I26,UUUU,2026-09-04,Call,13.0,,,False
2026-07-02,UUUUI042601350.U^I26,UUUU,2026-09-04,Call,13.5,,,False
2026-07-02,UUUUI042601400.U^I26,UUUU,2026-09-04,Call,14.0,,,False
2026-07-02,UUUUI042601450.U^I26,UUUU,2026-09-04,Call,14.5,,,False
2026-07-02,UUUUI042601500.U^I26,UUUU,2026-09-04,Call,15.0,,,False
2026-07-02,UUUUI042601550.U^I26,UUUU,2026-09-04,Call,15.5,,,False
2026-07-02,UUUUI042601600.U^I26,UUUU,2026-09-04,Call,16.0,,,False
2026-07-02,UUUUI042601650.U^I26,UUUU,2026-09-04,Call,16.5,,,False
2026-07-02,UUUUI042601700.U^I26,UUUU,2026-09-04,Call,17.0,,,False
2026-07-02,UUUUI042601750.U^I26,UUUU,2026-09-04,Call,17.5,,,False
2026-07-02,UUUUI042601800.U^I26,UUUU,2026-09-04,Call,18.0,,,False
2026-07-02,UUUUI042601850.U^I26,UUUU,2026-09-04,Call,18.5,,,False
2026-07-02,UUUUS102601100.U^G26,UUUU,2026-07-10,Put,11.0,,0.03,True
2026-07-02,UUUUS102601150.U^G26,UUUU,2026-07-10,Put,11.5,,0.05,True
2026-07-02,UUUUS102601200.U^G26,UUUU,2026-07-10,Put,12.0,0.065,0.07,True
2026-07-02,UUUUS102601250.U^G26,UUUU,2026-07-10,Put,12.5,0.115,0.15,True
2026-07-02,UUUUS102601300.U^G26,UUUU,2026-07-10,Put,13.0,0.25,0.26,True
2026-07-02,UUUUS102601350.U^G26,UUUU,2026-07-10,Put,13.5,0.435,0.45,True
2026-07-02,UUUUS102601400.U^G26,UUUU,2026-07-10,Put,14.0,0.665,0.73,True
2026-07-02,UUUUS102601450.U^G26,UUUU,2026-07-10,Put,14.5,1.03,0.93,True
2026-07-02,UUUUS102601500.U^G26,UUUU,2026-07-10,Put,15.0,1.415,1.44,True
2026-07-02,UUUUS102601550.U^G26,UUUU,2026-07-10,Put,15.5,1.9,1.9,True
2026-07-02,UUUUS102601600.U^G26,UUUU,2026-07-10,Put,16.0,2.275,2.26,True
2026-07-02,UUUUS102601650.U^G26,UUUU,2026-07-10,Put,16.5,2.805,2.8,True
2026-07-02,UUUUS102601700.U^G26,UUUU,2026-07-10,Put,17.0,3.325,3.32,True
2026-07-02,UUUUS102601750.U^G26,UUUU,2026-07-10,Put,17.5,3.775,3.75,True
2026-07-02,UUUUS102601800.U^G26,UUUU,2026-07-10,Put,18.0,4.35,4.05,True
2026-07-02,UUUUS102601850.U^G26,UUUU,2026-07-10,Put,18.5,4.8,4.85,True
2026-07-02,UUUUS172601100.U^G26,UUUU,2026-07-17,Put,11.0,0.07,0.04,True
2026-07-02,UUUUS172601150.U^G26,UUUU,2026-07-17,Put,11.5,0.14,0.13,True
2026-07-02,UUUUS172601200.U^G26,UUUU,2026-07-17,Put,12.0,0.175,0.2,True
2026-07-02,UUUUS172601250.U^G26,UUUU,2026-07-17,Put,12.5,0.315,0.32,True
2026-07-02,UUUUS172601300.U^G26,UUUU,2026-07-17,Put,13.0,0.445,0.53,True
2026-07-02,UUUUS172601350.U^G26,UUUU,2026-07-17,Put,13.5,0.645,0.67,True
2026-07-02,UUUUS172601400.U^G26,UUUU,2026-07-17,Put,14.0,0.9,0.94,True
2026-07-02,UUUUS172601450.U^G26,UUUU,2026-07-17,Put,14.5,1.2,1.28,True
2026-07-02,UUUUS172601500.U^G26,UUUU,2026-07-17,Put,15.0,1.655,1.74,True
2026-07-02,UUUUS172601550.U^G26,UUUU,2026-07-17,Put,15.5,1.965,2.02,True
2026-07-02,UUUUS172601600.U^G26,UUUU,2026-07-17,Put,16.0,2.385,2.38,True
2026-07-02,UUUUS172601650.U^G26,UUUU,2026-07-17,Put,16.5,2.905,2.91,True
2026-07-02,UUUUS172601700.U^G26,UUUU,2026-07-17,Put,17.0,3.375,3.37,True
2026-07-02,UUUUS172601750.U^G26,UUUU,2026-07-17,Put,17.5,3.85,3.82,True
2026-07-02,UUUUS172601800.U^G26,UUUU,2026-07-17,Put,18.0,4.325,4.38,True
2026-07-02,UUUUS172601850.U^G26,UUUU,2026-07-17,Put,18.5,4.775,4.77,True
2026-07-02,UUUUS242601050.U^G26,UUUU,2026-07-24,Put,10.5,,,False
2026-07-02,UUUUS242601100.U^G26,UUUU,2026-07-24,Put,11.0,0.15,,True
2026-07-02,UUUUS242601150.U^G26,UUUU,2026-07-24,Put,11.5,,,False
2026-07-02,UUUUS242601200.U^G26,UUUU,2026-07-24,Put,12.0,0.32,0.33,True
2026-07-02,UUUUS242601250.U^G26,UUUU,2026-07-24,Put,12.5,,,False
2026-07-02,UUUUS242601300.U^G26,UUUU,2026-07-24,Put,13.0,0.57,0.5,True
2026-07-02,UUUUS242601350.U^G26,UUUU,2026-07-24,Put,13.5,0.81,0.85,True
2026-07-02,UUUUS242601400.U^G26,UUUU,2026-07-24,Put,14.0,1.075,1.2,True
2026-07-02,UUUUS242601450.U^G26,UUUU,2026-07-24,Put,14.5,1.385,1.43,True
2026-07-02,UUUUS242601500.U^G26,UUUU,2026-07-24,Put,15.0,1.8,1.87,True
2026-07-02,UUUUS242601550.U^G26,UUUU,2026-07-24,Put,15.5,2.23,,True
2026-07-02,UUUUS242601600.U^G26,UUUU,2026-07-24,Put,16.0,2.46,2.53,True
2026-07-02,UUUUS242601650.U^G26,UUUU,2026-07-24,Put,16.5,2.97,2.96,True
2026-07-02,UUUUS242601700.U^G26,UUUU,2026-07-24,Put,17.0,3.425,3.45,True
2026-07-02,UUUUS242601750.U^G26,UUUU,2026-07-24,Put,17.5,3.875,3.89,True
2026-07-02,UUUUS242601800.U^G26,UUUU,2026-07-24,Put,18.0,4.375,4.4,True
2026-07-02,UUUUS242601850.U^G26,UUUU,2026-07-24,Put,18.5,4.825,4.87,True
2026-07-02,UUUUS312601050.U^G26,UUUU,2026-07-31,Put,10.5,0.145,0.15,True
2026-07-02,UUUUS312601100.U^G26,UUUU,2026-07-31,Put,11.0,0.205,0.17,True
2026-07-02,UUUUS312601150.U^G26,UUUU,2026-07-31,Put,11.5,0.295,0.28,True
2026-07-02,UUUUS312601200.U^G26,UUUU,2026-07-31,Put,12.0,0.425,0.46,True
2026-07-02,UUUUS312601250.U^G26,UUUU,2026-07-31,Put,12.5,0.575,0.55,True
2026-07-02,UUUUS312601300.U^G26,UUUU,2026-07-31,Put,13.0,0.765,0.75,True
2026-07-02,UUUUS312601350.U^G26,UUUU,2026-07-31,Put,13.5,0.935,1.02,True
2026-07-02,UUUUS312601400.U^G26,UUUU,2026-07-31,Put,14.0,1.25,1.31,True
2026-07-02,UUUUS312601450.U^G26,UUUU,2026-07-31,Put,14.5,1.56,1.64,True
2026-07-02,UUUUS312601500.U^G26,UUUU,2026-07-31,Put,15.0,1.88,1.96,True
2026-07-02,UUUUS312601550.U^G26,UUUU,2026-07-31,Put,15.5,2.305,,True
2026-07-02,UUUUS312601600.U^G26,UUUU,2026-07-31,Put,16.0,2.755,2.7,True
2026-07-02,UUUUS312601650.U^G26,UUUU,2026-07-31,Put,16.5,3.08,3.08,True
2026-07-02,UUUUS312601700.U^G26,UUUU,2026-07-31,Put,17.0,3.525,3.52,True
2026-07-02,UUUUS312601750.U^G26,UUUU,2026-07-31,Put,17.5,3.875,,True
2026-07-02,UUUUS312601800.U^G26,UUUU,2026-07-31,Put,18.0,4.425,4.47,True
2026-07-02,UUUUS312601850.U^G26,UUUU,2026-07-31,Put,18.5,4.875,4.8,True
2026-07-02,UUUUT072601050.U^H26,UUUU,2026-08-07,Put,10.5,0.225,0.22,True
2026-07-02,UUUUT072601100.U^H26,UUUU,2026-08-07,Put,11.0,0.325,0.3,True
2026-07-02,UUUUT072601150.U^H26,UUUU,2026-08-07,Put,11.5,0.45,0.4,True
2026-07-02,UUUUT072601200.U^H26,UUUU,2026-08-07,Put,12.0,0.625,0.57,True
2026-07-02,UUUUT072601250.U^H26,UUUU,2026-08-07,Put,12.5,0.765,0.79,True
2026-07-02,UUUUT072601300.U^H26,UUUU,2026-08-07,Put,13.0,0.96,0.98,True
2026-07-02,UUUUT072601350.U^H26,UUUU,2026-08-07,Put,13.5,1.2,1.21,True
2026-07-02,UUUUT072601400.U^H26,UUUU,2026-08-07,Put,14.0,1.48,1.48,True
2026-07-02,UUUUT072601450.U^H26,UUUU,2026-08-07,Put,14.5,1.825,,True
2026-07-02,UUUUT072601500.U^H26,UUUU,2026-08-07,Put,15.0,2.145,2.11,True
2026-07-02,UUUUT072601550.U^H26,UUUU,2026-08-07,Put,15.5,2.37,,True
2026-07-02,UUUUT072601600.U^H26,UUUU,2026-08-07,Put,16.0,2.755,,True
2026-07-02,UUUUT072601650.U^H26,UUUU,2026-08-07,Put,16.5,3.2,,True
2026-07-02,UUUUT072601700.U^H26,UUUU,2026-08-07,Put,17.0,3.55,,True
2026-07-02,UUUUT072601750.U^H26,UUUU,2026-08-07,Put,17.5,3.975,,True
2026-07-02,UUUUT072601800.U^H26,UUUU,2026-08-07,Put,18.0,4.575,4.58,True
2026-07-02,UUUUT072601850.U^H26,UUUU,2026-08-07,Put,18.5,4.95,,True
2026-07-02,UUUUT142601050.U^H26,UUUU,2026-08-14,Put,10.5,0.3,,True
2026-07-02,UUUUT142601100.U^H26,UUUU,2026-08-14,Put,11.0,0.41,,True
2026-07-02,UUUUT142601150.U^H26,UUUU,2026-08-14,Put,11.5,0.54,,True
2026-07-02,UUUUT142601200.U^H26,UUUU,2026-08-14,Put,12.0,0.705,,True
2026-07-02,UUUUT142601250.U^H26,UUUU,2026-08-14,Put,12.5,0.895,,True
2026-07-02,UUUUT142601300.U^H26,UUUU,2026-08-14,Put,13.0,1.06,,True
2026-07-02,UUUUT142601350.U^H26,UUUU,2026-08-14,Put,13.5,1.285,1.28,True
2026-07-02,UUUUT142601400.U^H26,UUUU,2026-08-14,Put,14.0,1.625,,True
2026-07-02,UUUUT142601450.U^H26,UUUU,2026-08-14,Put,14.5,1.925,,True
2026-07-02,UUUUT142601500.U^H26,UUUU,2026-08-14,Put,15.0,2.215,,True
2026-07-02,UUUUT142601550.U^H26,UUUU,2026-08-14,Put,15.5,2.6,,True
2026-07-02,UUUUT142601600.U^H26,UUUU,2026-08-14,Put,16.0,2.98,,True
2026-07-02,UUUUT142601650.U^H26,UUUU,2026-08-14,Put,16.5,3.275,,True
2026-07-02,UUUUT142601700.U^H26,UUUU,2026-08-14,Put,17.0,3.725,,True
2026-07-02,UUUUT142601750.U^H26,UUUU,2026-08-14,Put,17.5,4.2,,True
2026-07-02,UUUUT142601800.U^H26,UUUU,2026-08-14,Put,18.0,4.625,,True
2026-07-02,UUUUT142601850.U^H26,UUUU,2026-08-14,Put,18.5,5.075,,True
2026-07-02,UUUUT212601050.U^H26,UUUU,2026-08-21,Put,10.5,,,False
2026-07-02,UUUUT212601100.U^H26,UUUU,2026-08-21,Put,11.0,0.44,0.47,True
2026-07-02,UUUUT212601150.U^H26,UUUU,2026-08-21,Put,11.5,,,False
2026-07-02,UUUUT212601200.U^H26,UUUU,2026-08-21,Put,12.0,0.755,0.75,True
2026-07-02,UUUUT212601250.U^H26,UUUU,2026-08-21,Put,12.5,,,False
2026-07-02,UUUUT212601300.U^H26,UUUU,2026-08-21,Put,13.0,1.1,1.19,True
2026-07-02,UUUUT212601350.U^H26,UUUU,2026-08-21,Put,13.5,,,False
2026-07-02,UUUUT212601400.U^H26,UUUU,2026-08-21,Put,14.0,1.625,1.69,True
2026-07-02,UUUUT212601450.U^H26,UUUU,2026-08-21,Put,14.5,,,False
2026-07-02,UUUUT212601500.U^H26,UUUU,2026-08-21,Put,15.0,2.27,2.15,True
2026-07-02,UUUUT212601550.U^H26,UUUU,2026-08-21,Put,15.5,,,False
2026-07-02,UUUUT212601600.U^H26,UUUU,2026-08-21,Put,16.0,3.02,2.98,True
2026-07-02,UUUUT212601650.U^H26,UUUU,2026-08-21,Put,16.5,,,False
2026-07-02,UUUUT212601700.U^H26,UUUU,2026-08-21,Put,17.0,3.825,3.55,True
2026-07-02,UUUUT212601750.U^H26,UUUU,2026-08-21,Put,17.5,,,False
2026-07-02,UUUUT212601800.U^H26,UUUU,2026-08-21,Put,18.0,4.65,4.64,True
2026-07-02,UUUUT212601850.U^H26,UUUU,2026-08-21,Put,18.5,,,False
2026-07-02,UUUUT282601050.U^H26,UUUU,2026-08-28,Put,10.5,,,False
2026-07-02,UUUUT282601100.U^H26,UUUU,2026-08-28,Put,11.0,,,False
2026-07-02,UUUUT282601150.U^H26,UUUU,2026-08-28,Put,11.5,,,False
2026-07-02,UUUUT282601200.U^H26,UUUU,2026-08-28,Put,12.0,,,False
2026-07-02,UUUUT282601250.U^H26,UUUU,2026-08-28,Put,12.5,,,False
2026-07-02,UUUUT282601300.U^H26,UUUU,2026-08-28,Put,13.0,,,False
2026-07-02,UUUUT282601350.U^H26,UUUU,2026-08-28,Put,13.5,,,False
2026-07-02,UUUUT282601400.U^H26,UUUU,2026-08-28,Put,14.0,,,False
2026-07-02,UUUUT282601450.U^H26,UUUU,2026-08-28,Put,14.5,,,False
2026-07-02,UUUUT282601500.U^H26,UUUU,2026-08-28,Put,15.0,,,False
2026-07-02,UUUUT282601550.U^H26,UUUU,2026-08-28,Put,15.5,,,False
2026-07-02,UUUUT282601600.U^H26,UUUU,2026-08-28,Put,16.0,,,False
2026-07-02,UUUUT282601650.U^H26,UUUU,2026-08-28,Put,16.5,,,False
2026-07-02,UUUUT282601700.U^H26,UUUU,2026-08-28,Put,17.0,,,False
2026-07-02,UUUUT282601750.U^H26,UUUU,2026-08-28,Put,17.5,,,False
2026-07-02,UUUUT282601800.U^H26,UUUU,2026-08-28,Put,18.0,,,False
2026-07-02,UUUUT282601850.U^H26,UUUU,2026-08-28,Put,18.5,,,False
2026-07-02,UUUUU042601050.U^I26,UUUU,2026-09-04,Put,10.5,,,False
2026-07-02,UUUUU042601100.U^I26,UUUU,2026-09-04,Put,11.0,,,False
2026-07-02,UUUUU042601150.U^I26,UUUU,2026-09-04,Put,11.5,,,False
2026-07-02,UUUUU042601200.U^I26,UUUU,2026-09-04,Put,12.0,,,False
2026-07-02,UUUUU042601250.U^I26,UUUU,2026-09-04,Put,12.5,,,False
2026-07-02,UUUUU042601300.U^I26,UUUU,2026-09-04,Put,13.0,,,False
2026-07-02,UUUUU042601350.U^I26,UUUU,2026-09-04,Put,13.5,,,False
2026-07-02,UUUUU042601400.U^I26,UUUU,2026-09-04,Put,14.0,,,False
2026-07-02,UUUUU042601450.U^I26,UUUU,2026-09-04,Put,14.5,,,False
2026-07-02,UUUUU042601500.U^I26,UUUU,2026-09-04,Put,15.0,,,False
2026-07-02,UUUUU042601550.U^I26,UUUU,2026-09-04,Put,15.5,,,False
2026-07-02,UUUUU042601600.U^I26,UUUU,2026-09-04,Put,16.0,,,False
2026-07-02,UUUUU042601650.U^I26,UUUU,2026-09-04,Put,16.5,,,False
2026-07-02,UUUUU042601700.U^I26,UUUU,2026-09-04,Put,17.0,,,False
2026-07-02,UUUUU042601750.U^I26,UUUU,2026-09-04,Put,17.5,,,False
2026-07-02,UUUUU042601800.U^I26,UUUU,2026-09-04,Put,18.0,,,False
2026-07-02,UUUUU042601850.U^I26,UUUU,2026-09-04,Put,18.5,,,False
2026-07-06,UUUUG102601100.U^G26,UUUU,2026-07-10,Call,11.0,2.855,2.9,True
2026-07-06,UUUUG102601150.U^G26,UUUU,2026-07-10,Call,11.5,2.345,2.42,True
2026-07-06,UUUUG102601200.U^G26,UUUU,2026-07-10,Call,12.0,1.915,1.95,True
2026-07-06,UUUUG102601250.U^G26,UUUU,2026-07-10,Call,12.5,1.42,,True
2026-07-06,UUUUG102601300.U^G26,UUUU,2026-07-10,Call,13.0,1.03,1.04,True
2026-07-06,UUUUG102601350.U^G26,UUUU,2026-07-10,Call,13.5,0.7,0.67,True
2026-07-06,UUUUG102601400.U^G26,UUUU,2026-07-10,Call,14.0,0.405,0.41,True
2026-07-06,UUUUG102601450.U^G26,UUUU,2026-07-10,Call,14.5,0.225,0.21,True
2026-07-06,UUUUG102601500.U^G26,UUUU,2026-07-10,Call,15.0,0.115,0.11,True
2026-07-06,UUUUG102601550.U^G26,UUUU,2026-07-10,Call,15.5,0.055,0.05,True
2026-07-06,UUUUG102601600.U^G26,UUUU,2026-07-10,Call,16.0,0.045,0.02,True
2026-07-06,UUUUG102601650.U^G26,UUUU,2026-07-10,Call,16.5,0.015,0.01,True
2026-07-06,UUUUG102601700.U^G26,UUUU,2026-07-10,Call,17.0,,0.01,True
2026-07-06,UUUUG102601750.U^G26,UUUU,2026-07-10,Call,17.5,,0.02,True
2026-07-06,UUUUG102601800.U^G26,UUUU,2026-07-10,Call,18.0,,0.01,True
2026-07-06,UUUUG102601850.U^G26,UUUU,2026-07-10,Call,18.5,,0.06,True
2026-07-06,UUUUG172601100.U^G26,UUUU,2026-07-17,Call,11.0,2.9,2.8,True
2026-07-06,UUUUG172601150.U^G26,UUUU,2026-07-17,Call,11.5,2.465,2.63,True
2026-07-06,UUUUG172601200.U^G26,UUUU,2026-07-17,Call,12.0,1.975,2.1,True
2026-07-06,UUUUG172601250.U^G26,UUUU,2026-07-17,Call,12.5,1.655,1.55,True
2026-07-06,UUUUG172601300.U^G26,UUUU,2026-07-17,Call,13.0,1.32,1.33,True
2026-07-06,UUUUG172601350.U^G26,UUUU,2026-07-17,Call,13.5,0.95,0.92,True
2026-07-06,UUUUG172601400.U^G26,UUUU,2026-07-17,Call,14.0,0.685,0.74,True
2026-07-06,UUUUG172601450.U^G26,UUUU,2026-07-17,Call,14.5,0.475,0.48,True
2026-07-06,UUUUG172601500.U^G26,UUUU,2026-07-17,Call,15.0,0.33,0.34,True
2026-07-06,UUUUG172601550.U^G26,UUUU,2026-07-17,Call,15.5,0.225,0.25,True
2026-07-06,UUUUG172601600.U^G26,UUUU,2026-07-17,Call,16.0,0.14,0.14,True
2026-07-06,UUUUG172601650.U^G26,UUUU,2026-07-17,Call,16.5,0.095,0.11,True
2026-07-06,UUUUG172601700.U^G26,UUUU,2026-07-17,Call,17.0,0.065,0.06,True
2026-07-06,UUUUG172601750.U^G26,UUUU,2026-07-17,Call,17.5,,0.05,True
2026-07-06,UUUUG172601800.U^G26,UUUU,2026-07-17,Call,18.0,0.03,0.04,True
2026-07-06,UUUUG172601850.U^G26,UUUU,2026-07-17,Call,18.5,0.025,0.03,True
2026-07-06,UUUUG242601050.U^G26,UUUU,2026-07-24,Call,10.5,,,False
2026-07-06,UUUUG242601100.U^G26,UUUU,2026-07-24,Call,11.0,3.08,,True
2026-07-06,UUUUG242601150.U^G26,UUUU,2026-07-24,Call,11.5,2.58,,True
2026-07-06,UUUUG242601200.U^G26,UUUU,2026-07-24,Call,12.0,2.215,,True
2026-07-06,UUUUG242601250.U^G26,UUUU,2026-07-24,Call,12.5,1.89,,True
2026-07-06,UUUUG242601300.U^G26,UUUU,2026-07-24,Call,13.0,1.515,1.54,True
2026-07-06,UUUUG242601350.U^G26,UUUU,2026-07-24,Call,13.5,1.16,1.26,True
2026-07-06,UUUUG242601400.U^G26,UUUU,2026-07-24,Call,14.0,0.9,0.9,True
2026-07-06,UUUUG242601450.U^G26,UUUU,2026-07-24,Call,14.5,0.685,,True
2026-07-06,UUUUG242601500.U^G26,UUUU,2026-07-24,Call,15.0,0.52,0.5,True
2026-07-06,UUUUG242601550.U^G26,UUUU,2026-07-24,Call,15.5,0.385,0.38,True
2026-07-06,UUUUG242601600.U^G26,UUUU,2026-07-24,Call,16.0,0.31,0.28,True
2026-07-06,UUUUG242601650.U^G26,UUUU,2026-07-24,Call,16.5,0.25,0.21,True
2026-07-06,UUUUG242601700.U^G26,UUUU,2026-07-24,Call,17.0,0.19,0.17,True
2026-07-06,UUUUG242601750.U^G26,UUUU,2026-07-24,Call,17.5,0.11,0.13,True
2026-07-06,UUUUG242601800.U^G26,UUUU,2026-07-24,Call,18.0,0.105,0.09,True
2026-07-06,UUUUG242601850.U^G26,UUUU,2026-07-24,Call,18.5,0.06,0.07,True
2026-07-06,UUUUG312601050.U^G26,UUUU,2026-07-31,Call,10.5,3.6,,True
2026-07-06,UUUUG312601100.U^G26,UUUU,2026-07-31,Call,11.0,3.12,,True
2026-07-06,UUUUG312601150.U^G26,UUUU,2026-07-31,Call,11.5,2.705,,True
2026-07-06,UUUUG312601200.U^G26,UUUU,2026-07-31,Call,12.0,2.355,,True
2026-07-06,UUUUG312601250.U^G26,UUUU,2026-07-31,Call,12.5,2.035,2.04,True
2026-07-06,UUUUG312601300.U^G26,UUUU,2026-07-31,Call,13.0,1.625,1.55,True
2026-07-06,UUUUG312601350.U^G26,UUUU,2026-07-31,Call,13.5,1.41,1.43,True
2026-07-06,UUUUG312601400.U^G26,UUUU,2026-07-31,Call,14.0,1.1,1.1,True
2026-07-06,UUUUG312601450.U^G26,UUUU,2026-07-31,Call,14.5,0.89,0.85,True
2026-07-06,UUUUG312601500.U^G26,UUUU,2026-07-31,Call,15.0,0.73,0.7,True
2026-07-06,UUUUG312601550.U^G26,UUUU,2026-07-31,Call,15.5,0.56,0.63,True
2026-07-06,UUUUG312601600.U^G26,UUUU,2026-07-31,Call,16.0,0.455,0.44,True
2026-07-06,UUUUG312601650.U^G26,UUUU,2026-07-31,Call,16.5,0.37,0.36,True
2026-07-06,UUUUG312601700.U^G26,UUUU,2026-07-31,Call,17.0,0.28,0.28,True
2026-07-06,UUUUG312601750.U^G26,UUUU,2026-07-31,Call,17.5,0.205,0.25,True
2026-07-06,UUUUG312601800.U^G26,UUUU,2026-07-31,Call,18.0,0.185,0.16,True
2026-07-06,UUUUG312601850.U^G26,UUUU,2026-07-31,Call,18.5,0.115,0.13,True
2026-07-06,UUUUH072601050.U^H26,UUUU,2026-08-07,Call,10.5,3.675,,True
2026-07-06,UUUUH072601100.U^H26,UUUU,2026-08-07,Call,11.0,3.21,,True
2026-07-06,UUUUH072601150.U^H26,UUUU,2026-08-07,Call,11.5,2.825,,True
2026-07-06,UUUUH072601200.U^H26,UUUU,2026-08-07,Call,12.0,2.445,,True
2026-07-06,UUUUH072601250.U^H26,UUUU,2026-08-07,Call,12.5,2.1,,True
2026-07-06,UUUUH072601300.U^H26,UUUU,2026-08-07,Call,13.0,1.795,,True
2026-07-06,UUUUH072601350.U^H26,UUUU,2026-08-07,Call,13.5,1.55,1.58,True
2026-07-06,UUUUH072601400.U^H26,UUUU,2026-08-07,Call,14.0,1.31,1.26,True
2026-07-06,UUUUH072601450.U^H26,UUUU,2026-08-07,Call,14.5,1.06,1.11,True
2026-07-06,UUUUH072601500.U^H26,UUUU,2026-08-07,Call,15.0,0.895,0.91,True
2026-07-06,UUUUH072601550.U^H26,UUUU,2026-08-07,Call,15.5,0.8,0.75,True
2026-07-06,UUUUH072601600.U^H26,UUUU,2026-08-07,Call,16.0,0.59,0.53,True
2026-07-06,UUUUH072601650.U^H26,UUUU,2026-08-07,Call,16.5,0.49,0.51,True
2026-07-06,UUUUH072601700.U^H26,UUUU,2026-08-07,Call,17.0,0.4,0.35,True
2026-07-06,UUUUH072601750.U^H26,UUUU,2026-08-07,Call,17.5,0.37,0.35,True
2026-07-06,UUUUH072601800.U^H26,UUUU,2026-08-07,Call,18.0,0.255,0.26,True
2026-07-06,UUUUH072601850.U^H26,UUUU,2026-08-07,Call,18.5,0.28,0.2,True
2026-07-06,UUUUH142601050.U^H26,UUUU,2026-08-14,Call,10.5,3.775,,True
2026-07-06,UUUUH142601100.U^H26,UUUU,2026-08-14,Call,11.0,3.35,,True
2026-07-06,UUUUH142601150.U^H26,UUUU,2026-08-14,Call,11.5,2.915,,True
2026-07-06,UUUUH142601200.U^H26,UUUU,2026-08-14,Call,12.0,2.54,,True
2026-07-06,UUUUH142601250.U^H26,UUUU,2026-08-14,Call,12.5,2.245,,True
2026-07-06,UUUUH142601300.U^H26,UUUU,2026-08-14,Call,13.0,1.95,,True
2026-07-06,UUUUH142601350.U^H26,UUUU,2026-08-14,Call,13.5,1.68,1.75,True
2026-07-06,UUUUH142601400.U^H26,UUUU,2026-08-14,Call,14.0,1.465,1.36,True
2026-07-06,UUUUH142601450.U^H26,UUUU,2026-08-14,Call,14.5,1.275,,True
2026-07-06,UUUUH142601500.U^H26,UUUU,2026-08-14,Call,15.0,1.085,1.13,True
2026-07-06,UUUUH142601550.U^H26,UUUU,2026-08-14,Call,15.5,0.94,,True
2026-07-06,UUUUH142601600.U^H26,UUUU,2026-08-14,Call,16.0,0.755,0.78,True
2026-07-06,UUUUH142601650.U^H26,UUUU,2026-08-14,Call,16.5,0.7,,True
2026-07-06,UUUUH142601700.U^H26,UUUU,2026-08-14,Call,17.0,0.51,0.54,True
2026-07-06,UUUUH142601750.U^H26,UUUU,2026-08-14,Call,17.5,0.5,,True
2026-07-06,UUUUH142601800.U^H26,UUUU,2026-08-14,Call,18.0,0.365,0.38,True
2026-07-06,UUUUH142601850.U^H26,UUUU,2026-08-14,Call,18.5,0.35,,True
2026-07-06,UUUUH212601050.U^H26,UUUU,2026-08-21,Call,10.5,,,False
2026-07-06,UUUUH212601100.U^H26,UUUU,2026-08-21,Call,11.0,3.3,3.5,True
2026-07-06,UUUUH212601150.U^H26,UUUU,2026-08-21,Call,11.5,,,False
2026-07-06,UUUUH212601200.U^H26,UUUU,2026-08-21,Call,12.0,2.68,2.71,True
2026-07-06,UUUUH212601250.U^H26,UUUU,2026-08-21,Call,12.5,,,False
2026-07-06,UUUUH212601300.U^H26,UUUU,2026-08-21,Call,13.0,2.1,2.11,True
2026-07-06,UUUUH212601350.U^H26,UUUU,2026-08-21,Call,13.5,,,False
2026-07-06,UUUUH212601400.U^H26,UUUU,2026-08-21,Call,14.0,1.53,1.53,True
2026-07-06,UUUUH212601450.U^H26,UUUU,2026-08-21,Call,14.5,,,False
2026-07-06,UUUUH212601500.U^H26,UUUU,2026-08-21,Call,15.0,1.16,1.12,True
2026-07-06,UUUUH212601550.U^H26,UUUU,2026-08-21,Call,15.5,,,False
2026-07-06,UUUUH212601600.U^H26,UUUU,2026-08-21,Call,16.0,0.87,0.81,True
2026-07-06,UUUUH212601650.U^H26,UUUU,2026-08-21,Call,16.5,,,False
2026-07-06,UUUUH212601700.U^H26,UUUU,2026-08-21,Call,17.0,0.635,0.6,True
2026-07-06,UUUUH212601750.U^H26,UUUU,2026-08-21,Call,17.5,,,False
2026-07-06,UUUUH212601800.U^H26,UUUU,2026-08-21,Call,18.0,0.46,0.46,True
2026-07-06,UUUUH212601850.U^H26,UUUU,2026-08-21,Call,18.5,,,False
2026-07-06,UUUUH282601050.U^H26,UUUU,2026-08-28,Call,10.5,,,False
2026-07-06,UUUUH282601100.U^H26,UUUU,2026-08-28,Call,11.0,,,False
2026-07-06,UUUUH282601150.U^H26,UUUU,2026-08-28,Call,11.5,,,False
2026-07-06,UUUUH282601200.U^H26,UUUU,2026-08-28,Call,12.0,,,False
2026-07-06,UUUUH282601250.U^H26,UUUU,2026-08-28,Call,12.5,,,False
2026-07-06,UUUUH282601300.U^H26,UUUU,2026-08-28,Call,13.0,,,False
2026-07-06,UUUUH282601350.U^H26,UUUU,2026-08-28,Call,13.5,,,False
2026-07-06,UUUUH282601400.U^H26,UUUU,2026-08-28,Call,14.0,,,False
2026-07-06,UUUUH282601450.U^H26,UUUU,2026-08-28,Call,14.5,,,False
2026-07-06,UUUUH282601500.U^H26,UUUU,2026-08-28,Call,15.0,,,False
2026-07-06,UUUUH282601550.U^H26,UUUU,2026-08-28,Call,15.5,,,False
2026-07-06,UUUUH282601600.U^H26,UUUU,2026-08-28,Call,16.0,,,False
2026-07-06,UUUUH282601650.U^H26,UUUU,2026-08-28,Call,16.5,,,False
2026-07-06,UUUUH282601700.U^H26,UUUU,2026-08-28,Call,17.0,,,False
2026-07-06,UUUUH282601750.U^H26,UUUU,2026-08-28,Call,17.5,,,False
2026-07-06,UUUUH282601800.U^H26,UUUU,2026-08-28,Call,18.0,,,False
2026-07-06,UUUUH282601850.U^H26,UUUU,2026-08-28,Call,18.5,,,False
2026-07-06,UUUUI042601050.U^I26,UUUU,2026-09-04,Call,10.5,,,False
2026-07-06,UUUUI042601100.U^I26,UUUU,2026-09-04,Call,11.0,,,False
2026-07-06,UUUUI042601150.U^I26,UUUU,2026-09-04,Call,11.5,,,False
2026-07-06,UUUUI042601200.U^I26,UUUU,2026-09-04,Call,12.0,,,False
2026-07-06,UUUUI042601250.U^I26,UUUU,2026-09-04,Call,12.5,,,False
2026-07-06,UUUUI042601300.U^I26,UUUU,2026-09-04,Call,13.0,,,False
2026-07-06,UUUUI042601350.U^I26,UUUU,2026-09-04,Call,13.5,,,False
2026-07-06,UUUUI042601400.U^I26,UUUU,2026-09-04,Call,14.0,,,False
2026-07-06,UUUUI042601450.U^I26,UUUU,2026-09-04,Call,14.5,,,False
2026-07-06,UUUUI042601500.U^I26,UUUU,2026-09-04,Call,15.0,,,False
2026-07-06,UUUUI042601550.U^I26,UUUU,2026-09-04,Call,15.5,,,False
2026-07-06,UUUUI042601600.U^I26,UUUU,2026-09-04,Call,16.0,,,False
2026-07-06,UUUUI042601650.U^I26,UUUU,2026-09-04,Call,16.5,,,False
2026-07-06,UUUUI042601700.U^I26,UUUU,2026-09-04,Call,17.0,,,False
2026-07-06,UUUUI042601750.U^I26,UUUU,2026-09-04,Call,17.5,,,False
2026-07-06,UUUUI042601800.U^I26,UUUU,2026-09-04,Call,18.0,,,False
2026-07-06,UUUUI042601850.U^I26,UUUU,2026-09-04,Call,18.5,,,False
2026-07-06,UUUUS102601100.U^G26,UUUU,2026-07-10,Put,11.0,,0.02,True
2026-07-06,UUUUS102601150.U^G26,UUUU,2026-07-10,Put,11.5,,0.01,True
2026-07-06,UUUUS102601200.U^G26,UUUU,2026-07-10,Put,12.0,0.045,0.04,True
2026-07-06,UUUUS102601250.U^G26,UUUU,2026-07-10,Put,12.5,0.13,0.1,True
2026-07-06,UUUUS102601300.U^G26,UUUU,2026-07-10,Put,13.0,0.215,0.2,True
2026-07-06,UUUUS102601350.U^G26,UUUU,2026-07-10,Put,13.5,0.365,0.38,True
2026-07-06,UUUUS102601400.U^G26,UUUU,2026-07-10,Put,14.0,0.615,0.63,True
2026-07-06,UUUUS102601450.U^G26,UUUU,2026-07-10,Put,14.5,0.975,0.93,True
2026-07-06,UUUUS102601500.U^G26,UUUU,2026-07-10,Put,15.0,1.385,1.4,True
2026-07-06,UUUUS102601550.U^G26,UUUU,2026-07-10,Put,15.5,1.755,1.84,True
2026-07-06,UUUUS102601600.U^G26,UUUU,2026-07-10,Put,16.0,2.26,2.17,True
2026-07-06,UUUUS102601650.U^G26,UUUU,2026-07-10,Put,16.5,2.79,2.8,True
2026-07-06,UUUUS102601700.U^G26,UUUU,2026-07-10,Put,17.0,3.175,3.23,True
2026-07-06,UUUUS102601750.U^G26,UUUU,2026-07-10,Put,17.5,3.675,3.65,True
2026-07-06,UUUUS102601800.U^G26,UUUU,2026-07-10,Put,18.0,4.2,4.12,True
2026-07-06,UUUUS102601850.U^G26,UUUU,2026-07-10,Put,18.5,4.7,4.67,True
2026-07-06,UUUUS172601100.U^G26,UUUU,2026-07-17,Put,11.0,0.07,0.06,True
2026-07-06,UUUUS172601150.U^G26,UUUU,2026-07-17,Put,11.5,0.11,,True
2026-07-06,UUUUS172601200.U^G26,UUUU,2026-07-17,Put,12.0,0.18,0.16,True
2026-07-06,UUUUS172601250.U^G26,UUUU,2026-07-17,Put,12.5,0.285,0.25,True
2026-07-06,UUUUS172601300.U^G26,UUUU,2026-07-17,Put,13.0,0.45,0.45,True
2026-07-06,UUUUS172601350.U^G26,UUUU,2026-07-17,Put,13.5,0.65,0.62,True
2026-07-06,UUUUS172601400.U^G26,UUUU,2026-07-17,Put,14.0,0.895,0.87,True
2026-07-06,UUUUS172601450.U^G26,UUUU,2026-07-17,Put,14.5,1.195,0.85,True
2026-07-06,UUUUS172601500.U^G26,UUUU,2026-07-17,Put,15.0,1.6,1.59,True
2026-07-06,UUUUS172601550.U^G26,UUUU,2026-07-17,Put,15.5,1.845,,True
2026-07-06,UUUUS172601600.U^G26,UUUU,2026-07-17,Put,16.0,2.35,2.36,True
2026-07-06,UUUUS172601650.U^G26,UUUU,2026-07-17,Put,16.5,2.83,2.83,True
2026-07-06,UUUUS172601700.U^G26,UUUU,2026-07-17,Put,17.0,3.275,3.27,True
2026-07-06,UUUUS172601750.U^G26,UUUU,2026-07-17,Put,17.5,3.775,3.57,True
2026-07-06,UUUUS172601800.U^G26,UUUU,2026-07-17,Put,18.0,4.2,4.24,True
2026-07-06,UUUUS172601850.U^G26,UUUU,2026-07-17,Put,18.5,4.7,4.71,True
2026-07-06,UUUUS242601050.U^G26,UUUU,2026-07-24,Put,10.5,,,False
2026-07-06,UUUUS242601100.U^G26,UUUU,2026-07-24,Put,11.0,0.185,0.12,True
2026-07-06,UUUUS242601150.U^G26,UUUU,2026-07-24,Put,11.5,0.255,0.18,True
2026-07-06,UUUUS242601200.U^G26,UUUU,2026-07-24,Put,12.0,0.335,0.31,True
2026-07-06,UUUUS242601250.U^G26,UUUU,2026-07-24,Put,12.5,0.505,0.4,True
2026-07-06,UUUUS242601300.U^G26,UUUU,2026-07-24,Put,13.0,0.645,0.6,True
2026-07-06,UUUUS242601350.U^G26,UUUU,2026-07-24,Put,13.5,0.895,0.81,True
2026-07-06,UUUUS242601400.U^G26,UUUU,2026-07-24,Put,14.0,1.16,,True
2026-07-06,UUUUS242601450.U^G26,UUUU,2026-07-24,Put,14.5,1.465,1.35,True
2026-07-06,UUUUS242601500.U^G26,UUUU,2026-07-24,Put,15.0,1.795,1.69,True
2026-07-06,UUUUS242601550.U^G26,UUUU,2026-07-24,Put,15.5,2.135,2.13,True
2026-07-06,UUUUS242601600.U^G26,UUUU,2026-07-24,Put,16.0,2.42,2.48,True
2026-07-06,UUUUS242601650.U^G26,UUUU,2026-07-24,Put,16.5,2.97,2.95,True
2026-07-06,UUUUS242601700.U^G26,UUUU,2026-07-24,Put,17.0,3.25,3.37,True
2026-07-06,UUUUS242601750.U^G26,UUUU,2026-07-24,Put,17.5,3.8,3.77,True
2026-07-06,UUUUS242601800.U^G26,UUUU,2026-07-24,Put,18.0,4.275,4.06,True
2026-07-06,UUUUS242601850.U^G26,UUUU,2026-07-24,Put,18.5,4.775,4.7,True
2026-07-06,UUUUS312601050.U^G26,UUUU,2026-07-31,Put,10.5,0.095,,True
2026-07-06,UUUUS312601100.U^G26,UUUU,2026-07-31,Put,11.0,0.225,0.2,True
2026-07-06,UUUUS312601150.U^G26,UUUU,2026-07-31,Put,11.5,0.33,0.28,True
2026-07-06,UUUUS312601200.U^G26,UUUU,2026-07-31,Put,12.0,0.48,0.4,True
2026-07-06,UUUUS312601250.U^G26,UUUU,2026-07-31,Put,12.5,0.595,0.54,True
2026-07-06,UUUUS312601300.U^G26,UUUU,2026-07-31,Put,13.0,0.78,0.71,True
2026-07-06,UUUUS312601350.U^G26,UUUU,2026-07-31,Put,13.5,1.065,1.0,True
2026-07-06,UUUUS312601400.U^G26,UUUU,2026-07-31,Put,14.0,1.255,1.23,True
2026-07-06,UUUUS312601450.U^G26,UUUU,2026-07-31,Put,14.5,1.615,1.47,True
2026-07-06,UUUUS312601500.U^G26,UUUU,2026-07-31,Put,15.0,1.97,1.85,True
2026-07-06,UUUUS312601550.U^G26,UUUU,2026-07-31,Put,15.5,2.305,2.02,True
2026-07-06,UUUUS312601600.U^G26,UUUU,2026-07-31,Put,16.0,2.645,2.42,True
2026-07-06,UUUUS312601650.U^G26,UUUU,2026-07-31,Put,16.5,2.925,2.99,True
2026-07-06,UUUUS312601700.U^G26,UUUU,2026-07-31,Put,17.0,3.425,3.44,True
2026-07-06,UUUUS312601750.U^G26,UUUU,2026-07-31,Put,17.5,3.9,3.95,True
2026-07-06,UUUUS312601800.U^G26,UUUU,2026-07-31,Put,18.0,4.35,4.34,True
2026-07-06,UUUUS312601850.U^G26,UUUU,2026-07-31,Put,18.5,4.8,4.87,True
2026-07-06,UUUUT072601050.U^H26,UUUU,2026-08-07,Put,10.5,0.23,0.2,True
2026-07-06,UUUUT072601100.U^H26,UUUU,2026-08-07,Put,11.0,0.255,0.3,True
2026-07-06,UUUUT072601150.U^H26,UUUU,2026-08-07,Put,11.5,0.43,,True
2026-07-06,UUUUT072601200.U^H26,UUUU,2026-08-07,Put,12.0,0.56,0.57,True
2026-07-06,UUUUT072601250.U^H26,UUUU,2026-08-07,Put,12.5,0.745,0.69,True
2026-07-06,UUUUT072601300.U^H26,UUUU,2026-08-07,Put,13.0,0.945,0.9,True
2026-07-06,UUUUT072601350.U^H26,UUUU,2026-08-07,Put,13.5,1.16,1.16,True
2026-07-06,UUUUT072601400.U^H26,UUUU,2026-08-07,Put,14.0,1.455,,True
2026-07-06,UUUUT072601450.U^H26,UUUU,2026-08-07,Put,14.5,1.735,1.67,True
2026-07-06,UUUUT072601500.U^H26,UUUU,2026-08-07,Put,15.0,2.07,,True
2026-07-06,UUUUT072601550.U^H26,UUUU,2026-08-07,Put,15.5,2.46,,True
2026-07-06,UUUUT072601600.U^H26,UUUU,2026-08-07,Put,16.0,2.83,2.69,True
2026-07-06,UUUUT072601650.U^H26,UUUU,2026-08-07,Put,16.5,3.175,3.03,True
2026-07-06,UUUUT072601700.U^H26,UUUU,2026-08-07,Put,17.0,3.5,3.5,True
2026-07-06,UUUUT072601750.U^H26,UUUU,2026-08-07,Put,17.5,3.85,,True
2026-07-06,UUUUT072601800.U^H26,UUUU,2026-08-07,Put,18.0,4.3,4.4,True
2026-07-06,UUUUT072601850.U^H26,UUUU,2026-08-07,Put,18.5,4.725,,True
2026-07-06,UUUUT142601050.U^H26,UUUU,2026-08-14,Put,10.5,0.31,,True
2026-07-06,UUUUT142601100.U^H26,UUUU,2026-08-14,Put,11.0,0.445,0.31,True
2026-07-06,UUUUT142601150.U^H26,UUUU,2026-08-14,Put,11.5,0.51,0.52,True
2026-07-06,UUUUT142601200.U^H26,UUUU,2026-08-14,Put,12.0,0.665,,True
2026-07-06,UUUUT142601250.U^H26,UUUU,2026-08-14,Put,12.5,0.915,0.84,True
2026-07-06,UUUUT142601300.U^H26,UUUU,2026-08-14,Put,13.0,1.105,1.02,True
2026-07-06,UUUUT142601350.U^H26,UUUU,2026-08-14,Put,13.5,1.365,1.25,True
2026-07-06,UUUUT142601400.U^H26,UUUU,2026-08-14,Put,14.0,1.55,1.5,True
2026-07-06,UUUUT142601450.U^H26,UUUU,2026-08-14,Put,14.5,1.94,,True
2026-07-06,UUUUT142601500.U^H26,UUUU,2026-08-14,Put,15.0,2.19,2.24,True
2026-07-06,UUUUT142601550.U^H26,UUUU,2026-08-14,Put,15.5,2.545,2.42,True
2026-07-06,UUUUT142601600.U^H26,UUUU,2026-08-14,Put,16.0,2.985,,True
2026-07-06,UUUUT142601650.U^H26,UUUU,2026-08-14,Put,16.5,3.25,,True
2026-07-06,UUUUT142601700.U^H26,UUUU,2026-08-14,Put,17.0,3.55,,True
2026-07-06,UUUUT142601750.U^H26,UUUU,2026-08-14,Put,17.5,4.05,3.84,True
2026-07-06,UUUUT142601800.U^H26,UUUU,2026-08-14,Put,18.0,4.525,4.42,True
2026-07-06,UUUUT142601850.U^H26,UUUU,2026-08-14,Put,18.5,4.875,,True
2026-07-06,UUUUT212601050.U^H26,UUUU,2026-08-21,Put,10.5,,,False
2026-07-06,UUUUT212601100.U^H26,UUUU,2026-08-21,Put,11.0,0.535,0.46,True
2026-07-06,UUUUT212601150.U^H26,UUUU,2026-08-21,Put,11.5,,,False
2026-07-06,UUUUT212601200.U^H26,UUUU,2026-08-21,Put,12.0,0.83,0.74,True
2026-07-06,UUUUT212601250.U^H26,UUUU,2026-08-21,Put,12.5,,,False
2026-07-06,UUUUT212601300.U^H26,UUUU,2026-08-21,Put,13.0,1.155,1.18,True
2026-07-06,UUUUT212601350.U^H26,UUUU,2026-08-21,Put,13.5,,,False
2026-07-06,UUUUT212601400.U^H26,UUUU,2026-08-21,Put,14.0,1.75,1.68,True
2026-07-06,UUUUT212601450.U^H26,UUUU,2026-08-21,Put,14.5,,,False
2026-07-06,UUUUT212601500.U^H26,UUUU,2026-08-21,Put,15.0,2.39,2.19,True
2026-07-06,UUUUT212601550.U^H26,UUUU,2026-08-21,Put,15.5,,,False
2026-07-06,UUUUT212601600.U^H26,UUUU,2026-08-21,Put,16.0,3.035,2.95,True
2026-07-06,UUUUT212601650.U^H26,UUUU,2026-08-21,Put,16.5,,,False
2026-07-06,UUUUT212601700.U^H26,UUUU,2026-08-21,Put,17.0,3.775,3.75,True
2026-07-06,UUUUT212601750.U^H26,UUUU,2026-08-21,Put,17.5,,,False
2026-07-06,UUUUT212601800.U^H26,UUUU,2026-08-21,Put,18.0,4.75,4.53,True
2026-07-06,UUUUT212601850.U^H26,UUUU,2026-08-21,Put,18.5,,,False
2026-07-06,UUUUT282601050.U^H26,UUUU,2026-08-28,Put,10.5,,,False
2026-07-06,UUUUT282601100.U^H26,UUUU,2026-08-28,Put,11.0,,,False
2026-07-06,UUUUT282601150.U^H26,UUUU,2026-08-28,Put,11.5,,,False
2026-07-06,UUUUT282601200.U^H26,UUUU,2026-08-28,Put,12.0,,,False
2026-07-06,UUUUT282601250.U^H26,UUUU,2026-08-28,Put,12.5,,,False
2026-07-06,UUUUT282601300.U^H26,UUUU,2026-08-28,Put,13.0,,,False
2026-07-06,UUUUT282601350.U^H26,UUUU,2026-08-28,Put,13.5,,,False
2026-07-06,UUUUT282601400.U^H26,UUUU,2026-08-28,Put,14.0,,,False
2026-07-06,UUUUT282601450.U^H26,UUUU,2026-08-28,Put,14.5,,,False
2026-07-06,UUUUT282601500.U^H26,UUUU,2026-08-28,Put,15.0,,,False
2026-07-06,UUUUT282601550.U^H26,UUUU,2026-08-28,Put,15.5,,,False
2026-07-06,UUUUT282601600.U^H26,UUUU,2026-08-28,Put,16.0,,,False
2026-07-06,UUUUT282601650.U^H26,UUUU,2026-08-28,Put,16.5,,,False
2026-07-06,UUUUT282601700.U^H26,UUUU,2026-08-28,Put,17.0,,,False
2026-07-06,UUUUT282601750.U^H26,UUUU,2026-08-28,Put,17.5,,,False
2026-07-06,UUUUT282601800.U^H26,UUUU,2026-08-28,Put,18.0,,,False
2026-07-06,UUUUT282601850.U^H26,UUUU,2026-08-28,Put,18.5,,,False
2026-07-06,UUUUU042601050.U^I26,UUUU,2026-09-04,Put,10.5,,,False
2026-07-06,UUUUU042601100.U^I26,UUUU,2026-09-04,Put,11.0,,,False
2026-07-06,UUUUU042601150.U^I26,UUUU,2026-09-04,Put,11.5,,,False
2026-07-06,UUUUU042601200.U^I26,UUUU,2026-09-04,Put,12.0,,,False
2026-07-06,UUUUU042601250.U^I26,UUUU,2026-09-04,Put,12.5,,,False
2026-07-06,UUUUU042601300.U^I26,UUUU,2026-09-04,Put,13.0,,,False
2026-07-06,UUUUU042601350.U^I26,UUUU,2026-09-04,Put,13.5,,,False
2026-07-06,UUUUU042601400.U^I26,UUUU,2026-09-04,Put,14.0,,,False
2026-07-06,UUUUU042601450.U^I26,UUUU,2026-09-04,Put,14.5,,,False
2026-07-06,UUUUU042601500.U^I26,UUUU,2026-09-04,Put,15.0,,,False
2026-07-06,UUUUU042601550.U^I26,UUUU,2026-09-04,Put,15.5,,,False
2026-07-06,UUUUU042601600.U^I26,UUUU,2026-09-04,Put,16.0,,,False
2026-07-06,UUUUU042601650.U^I26,UUUU,2026-09-04,Put,16.5,,,False
2026-07-06,UUUUU042601700.U^I26,UUUU,2026-09-04,Put,17.0,,,False
2026-07-06,UUUUU042601750.U^I26,UUUU,2026-09-04,Put,17.5,,,False
2026-07-06,UUUUU042601800.U^I26,UUUU,2026-09-04,Put,18.0,,,False
2026-07-06,UUUUU042601850.U^I26,UUUU,2026-09-04,Put,18.5,,,False
2026-07-07,UUUUG102601100.U^G26,UUUU,2026-07-10,Call,11.0,1.95,1.91,True
2026-07-07,UUUUG102601150.U^G26,UUUU,2026-07-10,Call,11.5,1.425,1.56,True
2026-07-07,UUUUG102601200.U^G26,UUUU,2026-07-10,Call,12.0,1.015,0.99,True
2026-07-07,UUUUG102601250.U^G26,UUUU,2026-07-10,Call,12.5,0.61,0.62,True
2026-07-07,UUUUG102601300.U^G26,UUUU,2026-07-10,Call,13.0,0.325,0.36,True
2026-07-07,UUUUG102601350.U^G26,UUUU,2026-07-10,Call,13.5,0.17,0.15,True
2026-07-07,UUUUG102601400.U^G26,UUUU,2026-07-10,Call,14.0,0.085,0.07,True
2026-07-07,UUUUG102601450.U^G26,UUUU,2026-07-10,Call,14.5,0.04,0.04,True
2026-07-07,UUUUG102601500.U^G26,UUUU,2026-07-10,Call,15.0,0.025,0.03,True
2026-07-07,UUUUG102601550.U^G26,UUUU,2026-07-10,Call,15.5,0.015,0.02,True
2026-07-07,UUUUG102601600.U^G26,UUUU,2026-07-10,Call,16.0,0.015,0.01,True
2026-07-07,UUUUG102601650.U^G26,UUUU,2026-07-10,Call,16.5,0.075,0.02,True
2026-07-07,UUUUG102601700.U^G26,UUUU,2026-07-10,Call,17.0,,0.01,True
2026-07-07,UUUUG102601750.U^G26,UUUU,2026-07-10,Call,17.5,,0.01,True
2026-07-07,UUUUG102601800.U^G26,UUUU,2026-07-10,Call,18.0,,,True
2026-07-07,UUUUG102601850.U^G26,UUUU,2026-07-10,Call,18.5,,,True
2026-07-07,UUUUG172601100.U^G26,UUUU,2026-07-17,Call,11.0,1.965,,True
2026-07-07,UUUUG172601150.U^G26,UUUU,2026-07-17,Call,11.5,1.59,1.65,True
2026-07-07,UUUUG172601200.U^G26,UUUU,2026-07-17,Call,12.0,1.12,1.23,True
2026-07-07,UUUUG172601250.U^G26,UUUU,2026-07-17,Call,12.5,0.98,0.88,True
2026-07-07,UUUUG172601300.U^G26,UUUU,2026-07-17,Call,13.0,0.645,0.6,True
2026-07-07,UUUUG172601350.U^G26,UUUU,2026-07-17,Call,13.5,0.43,0.44,True
2026-07-07,UUUUG172601400.U^G26,UUUU,2026-07-17,Call,14.0,0.275,0.29,True
2026-07-07,UUUUG172601450.U^G26,UUUU,2026-07-17,Call,14.5,0.165,0.19,True
2026-07-07,UUUUG172601500.U^G26,UUUU,2026-07-17,Call,15.0,0.13,0.12,True
2026-07-07,UUUUG172601550.U^G26,UUUU,2026-07-17,Call,15.5,0.075,0.09,True
2026-07-07,UUUUG172601600.U^G26,UUUU,2026-07-17,Call,16.0,0.06,0.06,True
2026-07-07,UUUUG172601650.U^G26,UUUU,2026-07-17,Call,16.5,,0.05,True
2026-07-07,UUUUG172601700.U^G26,UUUU,2026-07-17,Call,17.0,0.035,0.04,True
2026-07-07,UUUUG172601750.U^G26,UUUU,2026-07-17,Call,17.5,,0.05,True
2026-07-07,UUUUG172601800.U^G26,UUUU,2026-07-17,Call,18.0,0.02,0.01,True
2026-07-07,UUUUG172601850.U^G26,UUUU,2026-07-17,Call,18.5,0.03,0.03,True
2026-07-07,UUUUG242601050.U^G26,UUUU,2026-07-24,Call,10.5,,,False
2026-07-07,UUUUG242601100.U^G26,UUUU,2026-07-24,Call,11.0,2.075,,True
2026-07-07,UUUUG242601150.U^G26,UUUU,2026-07-24,Call,11.5,1.725,,True
2026-07-07,UUUUG242601200.U^G26,UUUU,2026-07-24,Call,12.0,1.43,1.47,True
2026-07-07,UUUUG242601250.U^G26,UUUU,2026-07-24,Call,12.5,1.07,1.17,True
2026-07-07,UUUUG242601300.U^G26,UUUU,2026-07-24,Call,13.0,0.81,0.86,True
2026-07-07,UUUUG242601350.U^G26,UUUU,2026-07-24,Call,13.5,0.7,0.66,True
2026-07-07,UUUUG242601400.U^G26,UUUU,2026-07-24,Call,14.0,0.475,0.48,True
2026-07-07,UUUUG242601450.U^G26,UUUU,2026-07-24,Call,14.5,0.4,0.34,True
2026-07-07,UUUUG242601500.U^G26,UUUU,2026-07-24,Call,15.0,0.185,0.23,True
2026-07-07,UUUUG242601550.U^G26,UUUU,2026-07-24,Call,15.5,0.165,0.2,True
2026-07-07,UUUUG242601600.U^G26,UUUU,2026-07-24,Call,16.0,0.13,0.13,True
2026-07-07,UUUUG242601650.U^G26,UUUU,2026-07-24,Call,16.5,0.1,0.11,True
2026-07-07,UUUUG242601700.U^G26,UUUU,2026-07-24,Call,17.0,0.065,0.07,True
2026-07-07,UUUUG242601750.U^G26,UUUU,2026-07-24,Call,17.5,,0.09,True
2026-07-07,UUUUG242601800.U^G26,UUUU,2026-07-24,Call,18.0,,0.05,True
2026-07-07,UUUUG242601850.U^G26,UUUU,2026-07-24,Call,18.5,,,True
2026-07-07,UUUUG312601050.U^G26,UUUU,2026-07-31,Call,10.5,2.59,,True
2026-07-07,UUUUG312601100.U^G26,UUUU,2026-07-31,Call,11.0,2.205,2.14,True
2026-07-07,UUUUG312601150.U^G26,UUUU,2026-07-31,Call,11.5,1.885,,True
2026-07-07,UUUUG312601200.U^G26,UUUU,2026-07-31,Call,12.0,1.515,1.59,True
2026-07-07,UUUUG312601250.U^G26,UUUU,2026-07-31,Call,12.5,1.28,1.3,True
2026-07-07,UUUUG312601300.U^G26,UUUU,2026-07-31,Call,13.0,1.055,1.03,True
2026-07-07,UUUUG312601350.U^G26,UUUU,2026-07-31,Call,13.5,0.82,0.85,True
2026-07-07,UUUUG312601400.U^G26,UUUU,2026-07-31,Call,14.0,0.655,0.68,True
2026-07-07,UUUUG312601450.U^G26,UUUU,2026-07-31,Call,14.5,0.455,,True
2026-07-07,UUUUG312601500.U^G26,UUUU,2026-07-31,Call,15.0,0.395,0.37,True
2026-07-07,UUUUG312601550.U^G26,UUUU,2026-07-31,Call,15.5,0.31,0.33,True
2026-07-07,UUUUG312601600.U^G26,UUUU,2026-07-31,Call,16.0,0.245,0.22,True
2026-07-07,UUUUG312601650.U^G26,UUUU,2026-07-31,Call,16.5,0.14,0.18,True
2026-07-07,UUUUG312601700.U^G26,UUUU,2026-07-31,Call,17.0,0.155,0.12,True
2026-07-07,UUUUG312601750.U^G26,UUUU,2026-07-31,Call,17.5,0.11,0.11,True
2026-07-07,UUUUG312601800.U^G26,UUUU,2026-07-31,Call,18.0,0.09,0.09,True
2026-07-07,UUUUG312601850.U^G26,UUUU,2026-07-31,Call,18.5,,0.1,True
2026-07-07,UUUUH072601050.U^H26,UUUU,2026-08-07,Call,10.5,2.725,,True
2026-07-07,UUUUH072601100.U^H26,UUUU,2026-08-07,Call,11.0,2.38,,True
2026-07-07,UUUUH072601150.U^H26,UUUU,2026-08-07,Call,11.5,2.02,,True
2026-07-07,UUUUH072601200.U^H26,UUUU,2026-08-07,Call,12.0,1.655,1.76,True
2026-07-07,UUUUH072601250.U^H26,UUUU,2026-08-07,Call,12.5,1.455,,True
2026-07-07,UUUUH072601300.U^H26,UUUU,2026-08-07,Call,13.0,1.21,1.22,True
2026-07-07,UUUUH072601350.U^H26,UUUU,2026-08-07,Call,13.5,0.995,1.04,True
2026-07-07,UUUUH072601400.U^H26,UUUU,2026-08-07,Call,14.0,0.835,0.81,True
2026-07-07,UUUUH072601450.U^H26,UUUU,2026-08-07,Call,14.5,0.685,0.74,True
2026-07-07,UUUUH072601500.U^H26,UUUU,2026-08-07,Call,15.0,0.535,0.55,True
2026-07-07,UUUUH072601550.U^H26,UUUU,2026-08-07,Call,15.5,0.4,,True
2026-07-07,UUUUH072601600.U^H26,UUUU,2026-08-07,Call,16.0,0.405,0.35,True
2026-07-07,UUUUH072601650.U^H26,UUUU,2026-08-07,Call,16.5,0.245,0.3,True
2026-07-07,UUUUH072601700.U^H26,UUUU,2026-08-07,Call,17.0,0.17,0.24,True
2026-07-07,UUUUH072601750.U^H26,UUUU,2026-08-07,Call,17.5,0.195,0.16,True
2026-07-07,UUUUH072601800.U^H26,UUUU,2026-08-07,Call,18.0,0.145,0.15,True
2026-07-07,UUUUH072601850.U^H26,UUUU,2026-08-07,Call,18.5,0.17,0.16,True
2026-07-07,UUUUH142601050.U^H26,UUUU,2026-08-14,Call,10.5,2.87,,True
2026-07-07,UUUUH142601100.U^H26,UUUU,2026-08-14,Call,11.0,2.455,,True
2026-07-07,UUUUH142601150.U^H26,UUUU,2026-08-14,Call,11.5,2.16,2.08,True
2026-07-07,UUUUH142601200.U^H26,UUUU,2026-08-14,Call,12.0,1.79,1.93,True
2026-07-07,UUUUH142601250.U^H26,UUUU,2026-08-14,Call,12.5,1.605,,True
2026-07-07,UUUUH142601300.U^H26,UUUU,2026-08-14,Call,13.0,1.37,1.35,True
2026-07-07,UUUUH142601350.U^H26,UUUU,2026-08-14,Call,13.5,1.17,,True
2026-07-07,UUUUH142601400.U^H26,UUUU,2026-08-14,Call,14.0,0.965,0.96,True
2026-07-07,UUUUH142601450.U^H26,UUUU,2026-08-14,Call,14.5,0.8,,True
2026-07-07,UUUUH142601500.U^H26,UUUU,2026-08-14,Call,15.0,0.685,0.68,True
2026-07-07,UUUUH142601550.U^H26,UUUU,2026-08-14,Call,15.5,0.515,,True
2026-07-07,UUUUH142601600.U^H26,UUUU,2026-08-14,Call,16.0,0.42,0.57,True
2026-07-07,UUUUH142601650.U^H26,UUUU,2026-08-14,Call,16.5,0.365,,True
2026-07-07,UUUUH142601700.U^H26,UUUU,2026-08-14,Call,17.0,0.27,0.27,True
2026-07-07,UUUUH142601750.U^H26,UUUU,2026-08-14,Call,17.5,0.275,,True
2026-07-07,UUUUH142601800.U^H26,UUUU,2026-08-14,Call,18.0,0.19,0.22,True
2026-07-07,UUUUH142601850.U^H26,UUUU,2026-08-14,Call,18.5,0.21,,True
2026-07-07,UUUUH212601050.U^H26,UUUU,2026-08-21,Call,10.5,,,False
2026-07-07,UUUUH212601100.U^H26,UUUU,2026-08-21,Call,11.0,2.555,,True
2026-07-07,UUUUH212601150.U^H26,UUUU,2026-08-21,Call,11.5,,,False
2026-07-07,UUUUH212601200.U^H26,UUUU,2026-08-21,Call,12.0,1.925,2.0,True
2026-07-07,UUUUH212601250.U^H26,UUUU,2026-08-21,Call,12.5,,,False
2026-07-07,UUUUH212601300.U^H26,UUUU,2026-08-21,Call,13.0,1.435,1.43,True
2026-07-07,UUUUH212601350.U^H26,UUUU,2026-08-21,Call,13.5,,,False
2026-07-07,UUUUH212601400.U^H26,UUUU,2026-08-21,Call,14.0,1.04,1.06,True
2026-07-07,UUUUH212601450.U^H26,UUUU,2026-08-21,Call,14.5,,,False
2026-07-07,UUUUH212601500.U^H26,UUUU,2026-08-21,Call,15.0,0.745,0.75,True
2026-07-07,UUUUH212601550.U^H26,UUUU,2026-08-21,Call,15.5,,,False
2026-07-07,UUUUH212601600.U^H26,UUUU,2026-08-21,Call,16.0,0.53,0.54,True
2026-07-07,UUUUH212601650.U^H26,UUUU,2026-08-21,Call,16.5,,,False
2026-07-07,UUUUH212601700.U^H26,UUUU,2026-08-21,Call,17.0,0.32,0.4,True
2026-07-07,UUUUH212601750.U^H26,UUUU,2026-08-21,Call,17.5,,,False
2026-07-07,UUUUH212601800.U^H26,UUUU,2026-08-21,Call,18.0,0.28,0.29,True
2026-07-07,UUUUH212601850.U^H26,UUUU,2026-08-21,Call,18.5,,,False
2026-07-07,UUUUH282601050.U^H26,UUUU,2026-08-28,Call,10.5,,,False
2026-07-07,UUUUH282601100.U^H26,UUUU,2026-08-28,Call,11.0,,,False
2026-07-07,UUUUH282601150.U^H26,UUUU,2026-08-28,Call,11.5,,,False
2026-07-07,UUUUH282601200.U^H26,UUUU,2026-08-28,Call,12.0,,,False
2026-07-07,UUUUH282601250.U^H26,UUUU,2026-08-28,Call,12.5,,,False
2026-07-07,UUUUH282601300.U^H26,UUUU,2026-08-28,Call,13.0,,,False
2026-07-07,UUUUH282601350.U^H26,UUUU,2026-08-28,Call,13.5,,,False
2026-07-07,UUUUH282601400.U^H26,UUUU,2026-08-28,Call,14.0,,,False
2026-07-07,UUUUH282601450.U^H26,UUUU,2026-08-28,Call,14.5,,,False
2026-07-07,UUUUH282601500.U^H26,UUUU,2026-08-28,Call,15.0,,,False
2026-07-07,UUUUH282601550.U^H26,UUUU,2026-08-28,Call,15.5,,,False
2026-07-07,UUUUH282601600.U^H26,UUUU,2026-08-28,Call,16.0,,,False
2026-07-07,UUUUH282601650.U^H26,UUUU,2026-08-28,Call,16.5,,,False
2026-07-07,UUUUH282601700.U^H26,UUUU,2026-08-28,Call,17.0,,,False
2026-07-07,UUUUH282601750.U^H26,UUUU,2026-08-28,Call,17.5,,,False
2026-07-07,UUUUH282601800.U^H26,UUUU,2026-08-28,Call,18.0,,,False
2026-07-07,UUUUH282601850.U^H26,UUUU,2026-08-28,Call,18.5,,,False
2026-07-07,UUUUI042601050.U^I26,UUUU,2026-09-04,Call,10.5,,,False
2026-07-07,UUUUI042601100.U^I26,UUUU,2026-09-04,Call,11.0,,,False
2026-07-07,UUUUI042601150.U^I26,UUUU,2026-09-04,Call,11.5,,,False
2026-07-07,UUUUI042601200.U^I26,UUUU,2026-09-04,Call,12.0,,,False
2026-07-07,UUUUI042601250.U^I26,UUUU,2026-09-04,Call,12.5,,,False
2026-07-07,UUUUI042601300.U^I26,UUUU,2026-09-04,Call,13.0,,,False
2026-07-07,UUUUI042601350.U^I26,UUUU,2026-09-04,Call,13.5,,,False
2026-07-07,UUUUI042601400.U^I26,UUUU,2026-09-04,Call,14.0,,,False
2026-07-07,UUUUI042601450.U^I26,UUUU,2026-09-04,Call,14.5,,,False
2026-07-07,UUUUI042601500.U^I26,UUUU,2026-09-04,Call,15.0,,,False
2026-07-07,UUUUI042601550.U^I26,UUUU,2026-09-04,Call,15.5,,,False
2026-07-07,UUUUI042601600.U^I26,UUUU,2026-09-04,Call,16.0,,,False
2026-07-07,UUUUI042601650.U^I26,UUUU,2026-09-04,Call,16.5,,,False
2026-07-07,UUUUI042601700.U^I26,UUUU,2026-09-04,Call,17.0,,,False
2026-07-07,UUUUI042601750.U^I26,UUUU,2026-09-04,Call,17.5,,,False
2026-07-07,UUUUI042601800.U^I26,UUUU,2026-09-04,Call,18.0,,,False
2026-07-07,UUUUI042601850.U^I26,UUUU,2026-09-04,Call,18.5,,,False
2026-07-07,UUUUS102601100.U^G26,UUUU,2026-07-10,Put,11.0,,0.02,True
2026-07-07,UUUUS102601150.U^G26,UUUU,2026-07-10,Put,11.5,,0.04,True
2026-07-07,UUUUS102601200.U^G26,UUUU,2026-07-10,Put,12.0,0.08,0.12,True
2026-07-07,UUUUS102601250.U^G26,UUUU,2026-07-10,Put,12.5,0.26,0.27,True
2026-07-07,UUUUS102601300.U^G26,UUUU,2026-07-10,Put,13.0,0.495,0.52,True
2026-07-07,UUUUS102601350.U^G26,UUUU,2026-07-10,Put,13.5,0.815,0.83,True
2026-07-07,UUUUS102601400.U^G26,UUUU,2026-07-10,Put,14.0,1.19,1.25,True
2026-07-07,UUUUS102601450.U^G26,UUUU,2026-07-10,Put,14.5,1.705,1.69,True
2026-07-07,UUUUS102601500.U^G26,UUUU,2026-07-10,Put,15.0,2.055,2.14,True
2026-07-07,UUUUS102601550.U^G26,UUUU,2026-07-10,Put,15.5,2.6,2.18,True
2026-07-07,UUUUS102601600.U^G26,UUUU,2026-07-10,Put,16.0,3.15,3.29,True
2026-07-07,UUUUS102601650.U^G26,UUUU,2026-07-10,Put,16.5,3.675,3.9,True
2026-07-07,UUUUS102601700.U^G26,UUUU,2026-07-10,Put,17.0,4.175,4.15,True
2026-07-07,UUUUS102601750.U^G26,UUUU,2026-07-10,Put,17.5,4.65,4.72,True
2026-07-07,UUUUS102601800.U^G26,UUUU,2026-07-10,Put,18.0,5.175,5.12,True
2026-07-07,UUUUS102601850.U^G26,UUUU,2026-07-10,Put,18.5,5.65,5.59,True
2026-07-07,UUUUS172601100.U^G26,UUUU,2026-07-17,Put,11.0,0.115,0.12,True
2026-07-07,UUUUS172601150.U^G26,UUUU,2026-07-17,Put,11.5,0.15,0.2,True
2026-07-07,UUUUS172601200.U^G26,UUUU,2026-07-17,Put,12.0,0.31,0.32,True
2026-07-07,UUUUS172601250.U^G26,UUUU,2026-07-17,Put,12.5,0.505,0.49,True
2026-07-07,UUUUS172601300.U^G26,UUUU,2026-07-17,Put,13.0,0.74,0.76,True
2026-07-07,UUUUS172601350.U^G26,UUUU,2026-07-17,Put,13.5,1.04,1.06,True
2026-07-07,UUUUS172601400.U^G26,UUUU,2026-07-17,Put,14.0,1.42,1.42,True
2026-07-07,UUUUS172601450.U^G26,UUUU,2026-07-17,Put,14.5,1.795,1.79,True
2026-07-07,UUUUS172601500.U^G26,UUUU,2026-07-17,Put,15.0,2.21,2.17,True
2026-07-07,UUUUS172601550.U^G26,UUUU,2026-07-17,Put,15.5,2.68,2.68,True
2026-07-07,UUUUS172601600.U^G26,UUUU,2026-07-17,Put,16.0,3.175,3.15,True
2026-07-07,UUUUS172601650.U^G26,UUUU,2026-07-17,Put,16.5,3.675,3.67,True
2026-07-07,UUUUS172601700.U^G26,UUUU,2026-07-17,Put,17.0,4.175,4.18,True
2026-07-07,UUUUS172601750.U^G26,UUUU,2026-07-17,Put,17.5,4.575,,True
2026-07-07,UUUUS172601800.U^G26,UUUU,2026-07-17,Put,18.0,5.125,5.07,True
2026-07-07,UUUUS172601850.U^G26,UUUU,2026-07-17,Put,18.5,5.6,5.57,True
2026-07-07,UUUUS242601050.U^G26,UUUU,2026-07-24,Put,10.5,,,False
2026-07-07,UUUUS242601100.U^G26,UUUU,2026-07-24,Put,11.0,0.205,,True
2026-07-07,UUUUS242601150.U^G26,UUUU,2026-07-24,Put,11.5,0.305,0.4,True
2026-07-07,UUUUS242601200.U^G26,UUUU,2026-07-24,Put,12.0,0.5,0.43,True
2026-07-07,UUUUS242601250.U^G26,UUUU,2026-07-24,Put,12.5,0.65,0.64,True
2026-07-07,UUUUS242601300.U^G26,UUUU,2026-07-24,Put,13.0,0.895,0.86,True
2026-07-07,UUUUS242601350.U^G26,UUUU,2026-07-24,Put,13.5,1.16,1.35,True
2026-07-07,UUUUS242601400.U^G26,UUUU,2026-07-24,Put,14.0,1.51,1.48,True
2026-07-07,UUUUS242601450.U^G26,UUUU,2026-07-24,Put,14.5,2.015,1.95,True
2026-07-07,UUUUS242601500.U^G26,UUUU,2026-07-24,Put,15.0,2.37,2.32,True
2026-07-07,UUUUS242601550.U^G26,UUUU,2026-07-24,Put,15.5,2.82,2.95,True
2026-07-07,UUUUS242601600.U^G26,UUUU,2026-07-24,Put,16.0,3.225,3.35,True
2026-07-07,UUUUS242601650.U^G26,UUUU,2026-07-24,Put,16.5,3.725,3.73,True
2026-07-07,UUUUS242601700.U^G26,UUUU,2026-07-24,Put,17.0,4.25,4.19,True
2026-07-07,UUUUS242601750.U^G26,UUUU,2026-07-24,Put,17.5,4.7,4.84,True
2026-07-07,UUUUS242601800.U^G26,UUUU,2026-07-24,Put,18.0,5.125,5.13,True
2026-07-07,UUUUS242601850.U^G26,UUUU,2026-07-24,Put,18.5,5.7,,True
2026-07-07,UUUUS312601050.U^G26,UUUU,2026-07-31,Put,10.5,0.23,0.22,True
2026-07-07,UUUUS312601100.U^G26,UUUU,2026-07-31,Put,11.0,0.345,0.31,True
2026-07-07,UUUUS312601150.U^G26,UUUU,2026-07-31,Put,11.5,0.43,0.48,True
2026-07-07,UUUUS312601200.U^G26,UUUU,2026-07-31,Put,12.0,0.61,0.64,True
2026-07-07,UUUUS312601250.U^G26,UUUU,2026-07-31,Put,12.5,0.82,0.89,True
2026-07-07,UUUUS312601300.U^G26,UUUU,2026-07-31,Put,13.0,1.07,1.24,True
2026-07-07,UUUUS312601350.U^G26,UUUU,2026-07-31,Put,13.5,1.38,1.39,True
2026-07-07,UUUUS312601400.U^G26,UUUU,2026-07-31,Put,14.0,1.67,1.75,True
2026-07-07,UUUUS312601450.U^G26,UUUU,2026-07-31,Put,14.5,2.185,2.29,True
2026-07-07,UUUUS312601500.U^G26,UUUU,2026-07-31,Put,15.0,2.405,,True
2026-07-07,UUUUS312601550.U^G26,UUUU,2026-07-31,Put,15.5,2.91,2.85,True
2026-07-07,UUUUS312601600.U^G26,UUUU,2026-07-31,Put,16.0,3.325,3.32,True
2026-07-07,UUUUS312601650.U^G26,UUUU,2026-07-31,Put,16.5,3.8,3.8,True
2026-07-07,UUUUS312601700.U^G26,UUUU,2026-07-31,Put,17.0,4.25,4.25,True
2026-07-07,UUUUS312601750.U^G26,UUUU,2026-07-31,Put,17.5,4.7,4.9,True
2026-07-07,UUUUS312601800.U^G26,UUUU,2026-07-31,Put,18.0,5.15,5.18,True
2026-07-07,UUUUS312601850.U^G26,UUUU,2026-07-31,Put,18.5,5.625,,True
2026-07-07,UUUUT072601050.U^H26,UUUU,2026-08-07,Put,10.5,0.255,0.28,True
2026-07-07,UUUUT072601100.U^H26,UUUU,2026-08-07,Put,11.0,0.435,0.44,True
2026-07-07,UUUUT072601150.U^H26,UUUU,2026-08-07,Put,11.5,0.585,0.6,True
2026-07-07,UUUUT072601200.U^H26,UUUU,2026-08-07,Put,12.0,0.795,0.73,True
2026-07-07,UUUUT072601250.U^H26,UUUU,2026-08-07,Put,12.5,1.04,0.94,True
2026-07-07,UUUUT072601300.U^H26,UUUU,2026-08-07,Put,13.0,1.275,1.32,True
2026-07-07,UUUUT072601350.U^H26,UUUU,2026-08-07,Put,13.5,1.525,1.63,True
2026-07-07,UUUUT072601400.U^H26,UUUU,2026-08-07,Put,14.0,1.83,1.58,True
2026-07-07,UUUUT072601450.U^H26,UUUU,2026-08-07,Put,14.5,2.165,2.31,True
2026-07-07,UUUUT072601500.U^H26,UUUU,2026-08-07,Put,15.0,2.605,2.69,True
2026-07-07,UUUUT072601550.U^H26,UUUU,2026-08-07,Put,15.5,2.985,,True
2026-07-07,UUUUT072601600.U^H26,UUUU,2026-08-07,Put,16.0,3.3,3.41,True
2026-07-07,UUUUT072601650.U^H26,UUUU,2026-08-07,Put,16.5,3.9,3.85,True
2026-07-07,UUUUT072601700.U^H26,UUUU,2026-08-07,Put,17.0,4.325,4.34,True
2026-07-07,UUUUT072601750.U^H26,UUUU,2026-08-07,Put,17.5,4.7,,True
2026-07-07,UUUUT072601800.U^H26,UUUU,2026-08-07,Put,18.0,5.225,5.19,True
2026-07-07,UUUUT072601850.U^H26,UUUU,2026-08-07,Put,18.5,5.75,,True
2026-07-07,UUUUT142601050.U^H26,UUUU,2026-08-14,Put,10.5,0.39,0.41,True
2026-07-07,UUUUT142601100.U^H26,UUUU,2026-08-14,Put,11.0,0.555,0.58,True
2026-07-07,UUUUT142601150.U^H26,UUUU,2026-08-14,Put,11.5,0.69,0.78,True
2026-07-07,UUUUT142601200.U^H26,UUUU,2026-08-14,Put,12.0,0.86,0.92,True
2026-07-07,UUUUT142601250.U^H26,UUUU,2026-08-14,Put,12.5,1.155,1.11,True
2026-07-07,UUUUT142601300.U^H26,UUUU,2026-08-14,Put,13.0,1.41,1.49,True
2026-07-07,UUUUT142601350.U^H26,UUUU,2026-08-14,Put,13.5,1.705,1.57,True
2026-07-07,UUUUT142601400.U^H26,UUUU,2026-08-14,Put,14.0,2.015,,True
2026-07-07,UUUUT142601450.U^H26,UUUU,2026-08-14,Put,14.5,2.37,2.45,True
2026-07-07,UUUUT142601500.U^H26,UUUU,2026-08-14,Put,15.0,2.68,,True
2026-07-07,UUUUT142601550.U^H26,UUUU,2026-08-14,Put,15.5,3.025,,True
2026-07-07,UUUUT142601600.U^H26,UUUU,2026-08-14,Put,16.0,3.525,,True
2026-07-07,UUUUT142601650.U^H26,UUUU,2026-08-14,Put,16.5,4.0,3.95,True
2026-07-07,UUUUT142601700.U^H26,UUUU,2026-08-14,Put,17.0,4.45,4.33,True
2026-07-07,UUUUT142601750.U^H26,UUUU,2026-08-14,Put,17.5,4.75,,True
2026-07-07,UUUUT142601800.U^H26,UUUU,2026-08-14,Put,18.0,5.375,5.28,True
2026-07-07,UUUUT142601850.U^H26,UUUU,2026-08-14,Put,18.5,5.825,,True
2026-07-07,UUUUT212601050.U^H26,UUUU,2026-08-21,Put,10.5,,,False
2026-07-07,UUUUT212601100.U^H26,UUUU,2026-08-21,Put,11.0,0.585,0.62,True
2026-07-07,UUUUT212601150.U^H26,UUUU,2026-08-21,Put,11.5,,,False
2026-07-07,UUUUT212601200.U^H26,UUUU,2026-08-21,Put,12.0,0.99,0.99,True
2026-07-07,UUUUT212601250.U^H26,UUUU,2026-08-21,Put,12.5,,,False
2026-07-07,UUUUT212601300.U^H26,UUUU,2026-08-21,Put,13.0,1.48,1.51,True
2026-07-07,UUUUT212601350.U^H26,UUUU,2026-08-21,Put,13.5,,,False
2026-07-07,UUUUT212601400.U^H26,UUUU,2026-08-21,Put,14.0,2.11,2.1,True
2026-07-07,UUUUT212601450.U^H26,UUUU,2026-08-21,Put,14.5,,,False
2026-07-07,UUUUT212601500.U^H26,UUUU,2026-08-21,Put,15.0,2.93,2.96,True
2026-07-07,UUUUT212601550.U^H26,UUUU,2026-08-21,Put,15.5,,,False
2026-07-07,UUUUT212601600.U^H26,UUUU,2026-08-21,Put,16.0,3.6,3.58,True
2026-07-07,UUUUT212601650.U^H26,UUUU,2026-08-21,Put,16.5,,,False
2026-07-07,UUUUT212601700.U^H26,UUUU,2026-08-21,Put,17.0,4.45,4.45,True
2026-07-07,UUUUT212601750.U^H26,UUUU,2026-08-21,Put,17.5,,,False
2026-07-07,UUUUT212601800.U^H26,UUUU,2026-08-21,Put,18.0,5.35,5.27,True
2026-07-07,UUUUT212601850.U^H26,UUUU,2026-08-21,Put,18.5,,,False
2026-07-07,UUUUT282601050.U^H26,UUUU,2026-08-28,Put,10.5,,,False
2026-07-07,UUUUT282601100.U^H26,UUUU,2026-08-28,Put,11.0,,,False
2026-07-07,UUUUT282601150.U^H26,UUUU,2026-08-28,Put,11.5,,,False
2026-07-07,UUUUT282601200.U^H26,UUUU,2026-08-28,Put,12.0,,,False
2026-07-07,UUUUT282601250.U^H26,UUUU,2026-08-28,Put,12.5,,,False
2026-07-07,UUUUT282601300.U^H26,UUUU,2026-08-28,Put,13.0,,,False
2026-07-07,UUUUT282601350.U^H26,UUUU,2026-08-28,Put,13.5,,,False
2026-07-07,UUUUT282601400.U^H26,UUUU,2026-08-28,Put,14.0,,,False
2026-07-07,UUUUT282601450.U^H26,UUUU,2026-08-28,Put,14.5,,,False
2026-07-07,UUUUT282601500.U^H26,UUUU,2026-08-28,Put,15.0,,,False
2026-07-07,UUUUT282601550.U^H26,UUUU,2026-08-28,Put,15.5,,,False
2026-07-07,UUUUT282601600.U^H26,UUUU,2026-08-28,Put,16.0,,,False
2026-07-07,UUUUT282601650.U^H26,UUUU,2026-08-28,Put,16.5,,,False
2026-07-07,UUUUT282601700.U^H26,UUUU,2026-08-28,Put,17.0,,,False
2026-07-07,UUUUT282601750.U^H26,UUUU,2026-08-28,Put,17.5,,,False
2026-07-07,UUUUT282601800.U^H26,UUUU,2026-08-28,Put,18.0,,,False
2026-07-07,UUUUT282601850.U^H26,UUUU,2026-08-28,Put,18.5,,,False
2026-07-07,UUUUU042601050.U^I26,UUUU,2026-09-04,Put,10.5,,,False
2026-07-07,UUUUU042601100.U^I26,UUUU,2026-09-04,Put,11.0,,,False
2026-07-07,UUUUU042601150.U^I26,UUUU,2026-09-04,Put,11.5,,,False
2026-07-07,UUUUU042601200.U^I26,UUUU,2026-09-04,Put,12.0,,,False
2026-07-07,UUUUU042601250.U^I26,UUUU,2026-09-04,Put,12.5,,,False
2026-07-07,UUUUU042601300.U^I26,UUUU,2026-09-04,Put,13.0,,,False
2026-07-07,UUUUU042601350.U^I26,UUUU,2026-09-04,Put,13.5,,,False
2026-07-07,UUUUU042601400.U^I26,UUUU,2026-09-04,Put,14.0,,,False
2026-07-07,UUUUU042601450.U^I26,UUUU,2026-09-04,Put,14.5,,,False
2026-07-07,UUUUU042601500.U^I26,UUUU,2026-09-04,Put,15.0,,,False
2026-07-07,UUUUU042601550.U^I26,UUUU,2026-09-04,Put,15.5,,,False
2026-07-07,UUUUU042601600.U^I26,UUUU,2026-09-04,Put,16.0,,,False
2026-07-07,UUUUU042601650.U^I26,UUUU,2026-09-04,Put,16.5,,,False
2026-07-07,UUUUU042601700.U^I26,UUUU,2026-09-04,Put,17.0,,,False
2026-07-07,UUUUU042601750.U^I26,UUUU,2026-09-04,Put,17.5,,,False
2026-07-07,UUUUU042601800.U^I26,UUUU,2026-09-04,Put,18.0,,,False
2026-07-07,UUUUU042601850.U^I26,UUUU,2026-09-04,Put,18.5,,,False
2026-07-08,UUUUG102601100.U^G26,UUUU,2026-07-10,Call,11.0,2.01,1.95,True
2026-07-08,UUUUG102601150.U^G26,UUUU,2026-07-10,Call,11.5,1.62,1.4,True
2026-07-08,UUUUG102601200.U^G26,UUUU,2026-07-10,Call,12.0,1.115,0.94,True
2026-07-08,UUUUG102601250.U^G26,UUUU,2026-07-10,Call,12.5,0.745,0.72,True
2026-07-08,UUUUG102601300.U^G26,UUUU,2026-07-10,Call,13.0,0.41,0.4,True
2026-07-08,UUUUG102601350.U^G26,UUUU,2026-07-10,Call,13.5,0.16,0.18,True
2026-07-08,UUUUG102601400.U^G26,UUUU,2026-07-10,Call,14.0,0.06,0.06,True
2026-07-08,UUUUG102601450.U^G26,UUUU,2026-07-10,Call,14.5,0.025,0.06,True
2026-07-08,UUUUG102601500.U^G26,UUUU,2026-07-10,Call,15.0,0.03,0.01,True
2026-07-08,UUUUG102601550.U^G26,UUUU,2026-07-10,Call,15.5,0.015,0.01,True
2026-07-08,UUUUG102601600.U^G26,UUUU,2026-07-10,Call,16.0,,0.01,True
2026-07-08,UUUUG102601650.U^G26,UUUU,2026-07-10,Call,16.5,,0.01,True
2026-07-08,UUUUG102601700.U^G26,UUUU,2026-07-10,Call,17.0,,0.01,True
2026-07-08,UUUUG102601750.U^G26,UUUU,2026-07-10,Call,17.5,,,True
2026-07-08,UUUUG102601800.U^G26,UUUU,2026-07-10,Call,18.0,,0.04,True
2026-07-08,UUUUG102601850.U^G26,UUUU,2026-07-10,Call,18.5,,0.01,True
2026-07-08,UUUUG172601100.U^G26,UUUU,2026-07-17,Call,11.0,2.195,2.12,True
2026-07-08,UUUUG172601150.U^G26,UUUU,2026-07-17,Call,11.5,1.735,1.61,True
2026-07-08,UUUUG172601200.U^G26,UUUU,2026-07-17,Call,12.0,1.35,1.33,True
2026-07-08,UUUUG172601250.U^G26,UUUU,2026-07-17,Call,12.5,1.045,0.97,True
2026-07-08,UUUUG172601300.U^G26,UUUU,2026-07-17,Call,13.0,0.72,0.7,True
2026-07-08,UUUUG172601350.U^G26,UUUU,2026-07-17,Call,13.5,0.46,0.47,True
2026-07-08,UUUUG172601400.U^G26,UUUU,2026-07-17,Call,14.0,0.29,0.3,True
2026-07-08,UUUUG172601450.U^G26,UUUU,2026-07-17,Call,14.5,0.175,0.17,True
2026-07-08,UUUUG172601500.U^G26,UUUU,2026-07-17,Call,15.0,0.11,0.1,True
2026-07-08,UUUUG172601550.U^G26,UUUU,2026-07-17,Call,15.5,0.06,0.06,True
2026-07-08,UUUUG172601600.U^G26,UUUU,2026-07-17,Call,16.0,0.04,0.05,True
2026-07-08,UUUUG172601650.U^G26,UUUU,2026-07-17,Call,16.5,0.06,0.03,True
2026-07-08,UUUUG172601700.U^G26,UUUU,2026-07-17,Call,17.0,0.03,0.03,True
2026-07-08,UUUUG172601750.U^G26,UUUU,2026-07-17,Call,17.5,,0.04,True
2026-07-08,UUUUG172601800.U^G26,UUUU,2026-07-17,Call,18.0,0.025,0.03,True
2026-07-08,UUUUG172601850.U^G26,UUUU,2026-07-17,Call,18.5,0.025,,True
2026-07-08,UUUUG242601050.U^G26,UUUU,2026-07-24,Call,10.5,,,False
2026-07-08,UUUUG242601100.U^G26,UUUU,2026-07-24,Call,11.0,2.165,,True
2026-07-08,UUUUG242601150.U^G26,UUUU,2026-07-24,Call,11.5,1.755,,True
2026-07-08,UUUUG242601200.U^G26,UUUU,2026-07-24,Call,12.0,1.585,1.39,True
2026-07-08,UUUUG242601250.U^G26,UUUU,2026-07-24,Call,12.5,1.26,1.2,True
2026-07-08,UUUUG242601300.U^G26,UUUU,2026-07-24,Call,13.0,0.9,0.89,True
2026-07-08,UUUUG242601350.U^G26,UUUU,2026-07-24,Call,13.5,0.675,0.65,True
2026-07-08,UUUUG242601400.U^G26,UUUU,2026-07-24,Call,14.0,0.51,0.48,True
2026-07-08,UUUUG242601450.U^G26,UUUU,2026-07-24,Call,14.5,0.345,0.3,True
2026-07-08,UUUUG242601500.U^G26,UUUU,2026-07-24,Call,15.0,0.245,0.25,True
2026-07-08,UUUUG242601550.U^G26,UUUU,2026-07-24,Call,15.5,0.175,0.16,True
2026-07-08,UUUUG242601600.U^G26,UUUU,2026-07-24,Call,16.0,0.13,0.12,True
2026-07-08,UUUUG242601650.U^G26,UUUU,2026-07-24,Call,16.5,0.11,0.09,True
2026-07-08,UUUUG242601700.U^G26,UUUU,2026-07-24,Call,17.0,,0.08,True
2026-07-08,UUUUG242601750.U^G26,UUUU,2026-07-24,Call,17.5,0.075,,True
2026-07-08,UUUUG242601800.U^G26,UUUU,2026-07-24,Call,18.0,0.07,0.04,True
2026-07-08,UUUUG242601850.U^G26,UUUU,2026-07-24,Call,18.5,,0.17,True
2026-07-08,UUUUG312601050.U^G26,UUUU,2026-07-31,Call,10.5,2.775,2.63,True
2026-07-08,UUUUG312601100.U^G26,UUUU,2026-07-31,Call,11.0,2.265,,True
2026-07-08,UUUUG312601150.U^G26,UUUU,2026-07-31,Call,11.5,1.965,,True
2026-07-08,UUUUG312601200.U^G26,UUUU,2026-07-31,Call,12.0,1.71,1.64,True
2026-07-08,UUUUG312601250.U^G26,UUUU,2026-07-31,Call,12.5,1.375,1.26,True
2026-07-08,UUUUG312601300.U^G26,UUUU,2026-07-31,Call,13.0,1.105,0.97,True
2026-07-08,UUUUG312601350.U^G26,UUUU,2026-07-31,Call,13.5,0.915,0.85,True
2026-07-08,UUUUG312601400.U^G26,UUUU,2026-07-31,Call,14.0,0.735,0.61,True
2026-07-08,UUUUG312601450.U^G26,UUUU,2026-07-31,Call,14.5,0.51,0.5,True
2026-07-08,UUUUG312601500.U^G26,UUUU,2026-07-31,Call,15.0,0.45,0.39,True
2026-07-08,UUUUG312601550.U^G26,UUUU,2026-07-31,Call,15.5,0.315,0.3,True
2026-07-08,UUUUG312601600.U^G26,UUUU,2026-07-31,Call,16.0,0.255,0.2,True
2026-07-08,UUUUG312601650.U^G26,UUUU,2026-07-31,Call,16.5,0.195,0.16,True
2026-07-08,UUUUG312601700.U^G26,UUUU,2026-07-31,Call,17.0,0.165,0.12,True
2026-07-08,UUUUG312601750.U^G26,UUUU,2026-07-31,Call,17.5,0.135,,True
2026-07-08,UUUUG312601800.U^G26,UUUU,2026-07-31,Call,18.0,0.085,0.08,True
2026-07-08,UUUUG312601850.U^G26,UUUU,2026-07-31,Call,18.5,,0.07,True
2026-07-08,UUUUH072601050.U^H26,UUUU,2026-08-07,Call,10.5,2.79,,True
2026-07-08,UUUUH072601100.U^H26,UUUU,2026-08-07,Call,11.0,2.56,2.44,True
2026-07-08,UUUUH072601150.U^H26,UUUU,2026-08-07,Call,11.5,2.115,,True
2026-07-08,UUUUH072601200.U^H26,UUUU,2026-08-07,Call,12.0,1.86,,True
2026-07-08,UUUUH072601250.U^H26,UUUU,2026-08-07,Call,12.5,1.53,,True
2026-07-08,UUUUH072601300.U^H26,UUUU,2026-08-07,Call,13.0,1.255,1.16,True
2026-07-08,UUUUH072601350.U^H26,UUUU,2026-08-07,Call,13.5,1.045,0.92,True
2026-07-08,UUUUH072601400.U^H26,UUUU,2026-08-07,Call,14.0,0.845,0.72,True
2026-07-08,UUUUH072601450.U^H26,UUUU,2026-08-07,Call,14.5,0.685,0.67,True
2026-07-08,UUUUH072601500.U^H26,UUUU,2026-08-07,Call,15.0,0.535,0.55,True
2026-07-08,UUUUH072601550.U^H26,UUUU,2026-08-07,Call,15.5,0.445,0.44,True
2026-07-08,UUUUH072601600.U^H26,UUUU,2026-08-07,Call,16.0,0.35,0.35,True
2026-07-08,UUUUH072601650.U^H26,UUUU,2026-08-07,Call,16.5,0.27,0.27,True
2026-07-08,UUUUH072601700.U^H26,UUUU,2026-08-07,Call,17.0,0.215,0.22,True
2026-07-08,UUUUH072601750.U^H26,UUUU,2026-08-07,Call,17.5,0.2,0.12,True
2026-07-08,UUUUH072601800.U^H26,UUUU,2026-08-07,Call,18.0,0.115,0.14,True
2026-07-08,UUUUH072601850.U^H26,UUUU,2026-08-07,Call,18.5,0.14,0.17,True
2026-07-08,UUUUH142601050.U^H26,UUUU,2026-08-14,Call,10.5,2.845,,True
2026-07-08,UUUUH142601100.U^H26,UUUU,2026-08-14,Call,11.0,2.555,,True
2026-07-08,UUUUH142601150.U^H26,UUUU,2026-08-14,Call,11.5,2.225,,True
2026-07-08,UUUUH142601200.U^H26,UUUU,2026-08-14,Call,12.0,2.015,,True
2026-07-08,UUUUH142601250.U^H26,UUUU,2026-08-14,Call,12.5,1.71,,True
2026-07-08,UUUUH142601300.U^H26,UUUU,2026-08-14,Call,13.0,1.42,1.28,True
2026-07-08,UUUUH142601350.U^H26,UUUU,2026-08-14,Call,13.5,1.2,1.19,True
2026-07-08,UUUUH142601400.U^H26,UUUU,2026-08-14,Call,14.0,1.015,1.02,True
2026-07-08,UUUUH142601450.U^H26,UUUU,2026-08-14,Call,14.5,0.855,0.74,True
2026-07-08,UUUUH142601500.U^H26,UUUU,2026-08-14,Call,15.0,0.695,0.69,True
2026-07-08,UUUUH142601550.U^H26,UUUU,2026-08-14,Call,15.5,0.59,0.6,True
2026-07-08,UUUUH142601600.U^H26,UUUU,2026-08-14,Call,16.0,0.465,0.5,True
2026-07-08,UUUUH142601650.U^H26,UUUU,2026-08-14,Call,16.5,0.405,0.39,True
2026-07-08,UUUUH142601700.U^H26,UUUU,2026-08-14,Call,17.0,0.345,,True
2026-07-08,UUUUH142601750.U^H26,UUUU,2026-08-14,Call,17.5,0.225,0.25,True
2026-07-08,UUUUH142601800.U^H26,UUUU,2026-08-14,Call,18.0,0.27,,True
2026-07-08,UUUUH142601850.U^H26,UUUU,2026-08-14,Call,18.5,0.235,,True
2026-07-08,UUUUH212601050.U^H26,UUUU,2026-08-21,Call,10.5,,,False
2026-07-08,UUUUH212601100.U^H26,UUUU,2026-08-21,Call,11.0,2.715,2.48,True
2026-07-08,UUUUH212601150.U^H26,UUUU,2026-08-21,Call,11.5,,,False
2026-07-08,UUUUH212601200.U^H26,UUUU,2026-08-21,Call,12.0,2.105,1.99,True
2026-07-08,UUUUH212601250.U^H26,UUUU,2026-08-21,Call,12.5,,,False
2026-07-08,UUUUH212601300.U^H26,UUUU,2026-08-21,Call,13.0,1.525,1.47,True
2026-07-08,UUUUH212601350.U^H26,UUUU,2026-08-21,Call,13.5,,,False
2026-07-08,UUUUH212601400.U^H26,UUUU,2026-08-21,Call,14.0,1.095,1.1,True
2026-07-08,UUUUH212601450.U^H26,UUUU,2026-08-21,Call,14.5,,,False
2026-07-08,UUUUH212601500.U^H26,UUUU,2026-08-21,Call,15.0,0.78,0.79,True
2026-07-08,UUUUH212601550.U^H26,UUUU,2026-08-21,Call,15.5,,,False
2026-07-08,UUUUH212601600.U^H26,UUUU,2026-08-21,Call,16.0,0.55,0.55,True
2026-07-08,UUUUH212601650.U^H26,UUUU,2026-08-21,Call,16.5,,,False
2026-07-08,UUUUH212601700.U^H26,UUUU,2026-08-21,Call,17.0,0.385,0.38,True
2026-07-08,UUUUH212601750.U^H26,UUUU,2026-08-21,Call,17.5,,,False
2026-07-08,UUUUH212601800.U^H26,UUUU,2026-08-21,Call,18.0,0.275,0.28,True
2026-07-08,UUUUH212601850.U^H26,UUUU,2026-08-21,Call,18.5,,,False
2026-07-08,UUUUH282601050.U^H26,UUUU,2026-08-28,Call,10.5,,,False
2026-07-08,UUUUH282601100.U^H26,UUUU,2026-08-28,Call,11.0,,,False
2026-07-08,UUUUH282601150.U^H26,UUUU,2026-08-28,Call,11.5,,,False
2026-07-08,UUUUH282601200.U^H26,UUUU,2026-08-28,Call,12.0,,,False
2026-07-08,UUUUH282601250.U^H26,UUUU,2026-08-28,Call,12.5,,,False
2026-07-08,UUUUH282601300.U^H26,UUUU,2026-08-28,Call,13.0,,,False
2026-07-08,UUUUH282601350.U^H26,UUUU,2026-08-28,Call,13.5,,,False
2026-07-08,UUUUH282601400.U^H26,UUUU,2026-08-28,Call,14.0,,,False
2026-07-08,UUUUH282601450.U^H26,UUUU,2026-08-28,Call,14.5,,,False
2026-07-08,UUUUH282601500.U^H26,UUUU,2026-08-28,Call,15.0,,,False
2026-07-08,UUUUH282601550.U^H26,UUUU,2026-08-28,Call,15.5,,,False
2026-07-08,UUUUH282601600.U^H26,UUUU,2026-08-28,Call,16.0,,,False
2026-07-08,UUUUH282601650.U^H26,UUUU,2026-08-28,Call,16.5,,,False
2026-07-08,UUUUH282601700.U^H26,UUUU,2026-08-28,Call,17.0,,,False
2026-07-08,UUUUH282601750.U^H26,UUUU,2026-08-28,Call,17.5,,,False
2026-07-08,UUUUH282601800.U^H26,UUUU,2026-08-28,Call,18.0,,,False
2026-07-08,UUUUH282601850.U^H26,UUUU,2026-08-28,Call,18.5,,,False
2026-07-08,UUUUI042601050.U^I26,UUUU,2026-09-04,Call,10.5,,,False
2026-07-08,UUUUI042601100.U^I26,UUUU,2026-09-04,Call,11.0,,,False
2026-07-08,UUUUI042601150.U^I26,UUUU,2026-09-04,Call,11.5,,,False
2026-07-08,UUUUI042601200.U^I26,UUUU,2026-09-04,Call,12.0,,,False
2026-07-08,UUUUI042601250.U^I26,UUUU,2026-09-04,Call,12.5,,,False
2026-07-08,UUUUI042601300.U^I26,UUUU,2026-09-04,Call,13.0,,,False
2026-07-08,UUUUI042601350.U^I26,UUUU,2026-09-04,Call,13.5,,,False
2026-07-08,UUUUI042601400.U^I26,UUUU,2026-09-04,Call,14.0,,,False
2026-07-08,UUUUI042601450.U^I26,UUUU,2026-09-04,Call,14.5,,,False
2026-07-08,UUUUI042601500.U^I26,UUUU,2026-09-04,Call,15.0,,,False
2026-07-08,UUUUI042601550.U^I26,UUUU,2026-09-04,Call,15.5,,,False
2026-07-08,UUUUI042601600.U^I26,UUUU,2026-09-04,Call,16.0,,,False
2026-07-08,UUUUI042601650.U^I26,UUUU,2026-09-04,Call,16.5,,,False
2026-07-08,UUUUI042601700.U^I26,UUUU,2026-09-04,Call,17.0,,,False
2026-07-08,UUUUI042601750.U^I26,UUUU,2026-09-04,Call,17.5,,,False
2026-07-08,UUUUI042601800.U^I26,UUUU,2026-09-04,Call,18.0,,,False
2026-07-08,UUUUI042601850.U^I26,UUUU,2026-09-04,Call,18.5,,,False
2026-07-08,UUUUS102601100.U^G26,UUUU,2026-07-10,Put,11.0,,,True
2026-07-08,UUUUS102601150.U^G26,UUUU,2026-07-10,Put,11.5,,0.04,True
2026-07-08,UUUUS102601200.U^G26,UUUU,2026-07-10,Put,12.0,0.045,0.05,True
2026-07-08,UUUUS102601250.U^G26,UUUU,2026-07-10,Put,12.5,0.115,0.1,True
2026-07-08,UUUUS102601300.U^G26,UUUU,2026-07-10,Put,13.0,0.29,0.29,True
2026-07-08,UUUUS102601350.U^G26,UUUU,2026-07-10,Put,13.5,0.585,0.66,True
2026-07-08,UUUUS102601400.U^G26,UUUU,2026-07-10,Put,14.0,1.04,1.01,True
2026-07-08,UUUUS102601450.U^G26,UUUU,2026-07-10,Put,14.5,1.49,1.49,True
2026-07-08,UUUUS102601500.U^G26,UUUU,2026-07-10,Put,15.0,2.025,2.0,True
2026-07-08,UUUUS102601550.U^G26,UUUU,2026-07-10,Put,15.5,2.49,2.67,True
2026-07-08,UUUUS102601600.U^G26,UUUU,2026-07-10,Put,16.0,2.93,2.98,True
2026-07-08,UUUUS102601650.U^G26,UUUU,2026-07-10,Put,16.5,3.475,3.6,True
2026-07-08,UUUUS102601700.U^G26,UUUU,2026-07-10,Put,17.0,3.9,3.88,True
2026-07-08,UUUUS102601750.U^G26,UUUU,2026-07-10,Put,17.5,4.475,4.5,True
2026-07-08,UUUUS102601800.U^G26,UUUU,2026-07-10,Put,18.0,4.95,5.02,True
2026-07-08,UUUUS102601850.U^G26,UUUU,2026-07-10,Put,18.5,5.4,5.47,True
2026-07-08,UUUUS172601100.U^G26,UUUU,2026-07-17,Put,11.0,0.075,0.08,True
2026-07-08,UUUUS172601150.U^G26,UUUU,2026-07-17,Put,11.5,0.15,0.16,True
2026-07-08,UUUUS172601200.U^G26,UUUU,2026-07-17,Put,12.0,0.27,0.22,True
2026-07-08,UUUUS172601250.U^G26,UUUU,2026-07-17,Put,12.5,0.405,0.4,True
2026-07-08,UUUUS172601300.U^G26,UUUU,2026-07-17,Put,13.0,0.59,0.58,True
2026-07-08,UUUUS172601350.U^G26,UUUU,2026-07-17,Put,13.5,0.88,0.92,True
2026-07-08,UUUUS172601400.U^G26,UUUU,2026-07-17,Put,14.0,1.17,1.21,True
2026-07-08,UUUUS172601450.U^G26,UUUU,2026-07-17,Put,14.5,1.635,1.61,True
2026-07-08,UUUUS172601500.U^G26,UUUU,2026-07-17,Put,15.0,2.01,2.03,True
2026-07-08,UUUUS172601550.U^G26,UUUU,2026-07-17,Put,15.5,2.565,2.74,True
2026-07-08,UUUUS172601600.U^G26,UUUU,2026-07-17,Put,16.0,2.925,2.95,True
2026-07-08,UUUUS172601650.U^G26,UUUU,2026-07-17,Put,16.5,3.5,3.65,True
2026-07-08,UUUUS172601700.U^G26,UUUU,2026-07-17,Put,17.0,3.9,3.93,True
2026-07-08,UUUUS172601750.U^G26,UUUU,2026-07-17,Put,17.5,4.425,4.77,True
2026-07-08,UUUUS172601800.U^G26,UUUU,2026-07-17,Put,18.0,4.85,4.86,True
2026-07-08,UUUUS172601850.U^G26,UUUU,2026-07-17,Put,18.5,5.475,,True
2026-07-08,UUUUS242601050.U^G26,UUUU,2026-07-24,Put,10.5,,,False
2026-07-08,UUUUS242601100.U^G26,UUUU,2026-07-24,Put,11.0,0.165,,True
2026-07-08,UUUUS242601150.U^G26,UUUU,2026-07-24,Put,11.5,0.255,,True
2026-07-08,UUUUS242601200.U^G26,UUUU,2026-07-24,Put,12.0,0.39,0.45,True
2026-07-08,UUUUS242601250.U^G26,UUUU,2026-07-24,Put,12.5,0.56,0.69,True
2026-07-08,UUUUS242601300.U^G26,UUUU,2026-07-24,Put,13.0,0.775,0.95,True
2026-07-08,UUUUS242601350.U^G26,UUUU,2026-07-24,Put,13.5,1.035,1.26,True
2026-07-08,UUUUS242601400.U^G26,UUUU,2026-07-24,Put,14.0,1.355,1.4,True
2026-07-08,UUUUS242601450.U^G26,UUUU,2026-07-24,Put,14.5,1.805,1.86,True
2026-07-08,UUUUS242601500.U^G26,UUUU,2026-07-24,Put,15.0,2.135,2.2,True
2026-07-08,UUUUS242601550.U^G26,UUUU,2026-07-24,Put,15.5,2.7,,True
2026-07-08,UUUUS242601600.U^G26,UUUU,2026-07-24,Put,16.0,3.025,,True
2026-07-08,UUUUS242601650.U^G26,UUUU,2026-07-24,Put,16.5,3.525,3.59,True
2026-07-08,UUUUS242601700.U^G26,UUUU,2026-07-24,Put,17.0,3.925,4.0,True
2026-07-08,UUUUS242601750.U^G26,UUUU,2026-07-24,Put,17.5,4.55,,True
2026-07-08,UUUUS242601800.U^G26,UUUU,2026-07-24,Put,18.0,4.925,,True
2026-07-08,UUUUS242601850.U^G26,UUUU,2026-07-24,Put,18.5,5.6,,True
2026-07-08,UUUUS312601050.U^G26,UUUU,2026-07-31,Put,10.5,0.205,0.23,True
2026-07-08,UUUUS312601100.U^G26,UUUU,2026-07-31,Put,11.0,0.3,0.29,True
2026-07-08,UUUUS312601150.U^G26,UUUU,2026-07-31,Put,11.5,0.425,0.47,True
2026-07-08,UUUUS312601200.U^G26,UUUU,2026-07-31,Put,12.0,0.565,0.53,True
2026-07-08,UUUUS312601250.U^G26,UUUU,2026-07-31,Put,12.5,0.76,0.76,True
2026-07-08,UUUUS312601300.U^G26,UUUU,2026-07-31,Put,13.0,0.965,1.05,True
2026-07-08,UUUUS312601350.U^G26,UUUU,2026-07-31,Put,13.5,1.27,1.32,True
2026-07-08,UUUUS312601400.U^G26,UUUU,2026-07-31,Put,14.0,1.585,2.05,True
2026-07-08,UUUUS312601450.U^G26,UUUU,2026-07-31,Put,14.5,1.93,,True
2026-07-08,UUUUS312601500.U^G26,UUUU,2026-07-31,Put,15.0,2.3,2.5,True
2026-07-08,UUUUS312601550.U^G26,UUUU,2026-07-31,Put,15.5,2.815,,True
2026-07-08,UUUUS312601600.U^G26,UUUU,2026-07-31,Put,16.0,3.005,3.3,True
2026-07-08,UUUUS312601650.U^G26,UUUU,2026-07-31,Put,16.5,3.625,3.62,True
2026-07-08,UUUUS312601700.U^G26,UUUU,2026-07-31,Put,17.0,3.975,4.0,True
2026-07-08,UUUUS312601750.U^G26,UUUU,2026-07-31,Put,17.5,4.575,4.68,True
2026-07-08,UUUUS312601800.U^G26,UUUU,2026-07-31,Put,18.0,4.95,5.1,True
2026-07-08,UUUUS312601850.U^G26,UUUU,2026-07-31,Put,18.5,5.6,,True
2026-07-08,UUUUT072601050.U^H26,UUUU,2026-08-07,Put,10.5,0.27,,True
2026-07-08,UUUUT072601100.U^H26,UUUU,2026-08-07,Put,11.0,0.365,0.38,True
2026-07-08,UUUUT072601150.U^H26,UUUU,2026-08-07,Put,11.5,0.495,,True
2026-07-08,UUUUT072601200.U^H26,UUUU,2026-08-07,Put,12.0,0.66,0.75,True
2026-07-08,UUUUT072601250.U^H26,UUUU,2026-08-07,Put,12.5,0.855,0.94,True
2026-07-08,UUUUT072601300.U^H26,UUUU,2026-08-07,Put,13.0,1.08,1.14,True
2026-07-08,UUUUT072601350.U^H26,UUUU,2026-08-07,Put,13.5,1.38,,True
2026-07-08,UUUUT072601400.U^H26,UUUU,2026-08-07,Put,14.0,1.675,1.92,True
2026-07-08,UUUUT072601450.U^H26,UUUU,2026-08-07,Put,14.5,2.015,2.11,True
2026-07-08,UUUUT072601500.U^H26,UUUU,2026-08-07,Put,15.0,2.465,,True
2026-07-08,UUUUT072601550.U^H26,UUUU,2026-08-07,Put,15.5,2.81,,True
2026-07-08,UUUUT072601600.U^H26,UUUU,2026-08-07,Put,16.0,3.225,3.4,True
2026-07-08,UUUUT072601650.U^H26,UUUU,2026-08-07,Put,16.5,3.75,3.74,True
2026-07-08,UUUUT072601700.U^H26,UUUU,2026-08-07,Put,17.0,4.075,4.05,True
2026-07-08,UUUUT072601750.U^H26,UUUU,2026-08-07,Put,17.5,4.65,4.73,True
2026-07-08,UUUUT072601800.U^H26,UUUU,2026-08-07,Put,18.0,5.15,,True
2026-07-08,UUUUT072601850.U^H26,UUUU,2026-08-07,Put,18.5,5.6,,True
2026-07-08,UUUUT142601050.U^H26,UUUU,2026-08-14,Put,10.5,0.39,,True
2026-07-08,UUUUT142601100.U^H26,UUUU,2026-08-14,Put,11.0,0.495,0.48,True
2026-07-08,UUUUT142601150.U^H26,UUUU,2026-08-14,Put,11.5,0.675,0.71,True
2026-07-08,UUUUT142601200.U^H26,UUUU,2026-08-14,Put,12.0,0.83,0.86,True
2026-07-08,UUUUT142601250.U^H26,UUUU,2026-08-14,Put,12.5,1.075,1.13,True
2026-07-08,UUUUT142601300.U^H26,UUUU,2026-08-14,Put,13.0,1.295,1.32,True
2026-07-08,UUUUT142601350.U^H26,UUUU,2026-08-14,Put,13.5,1.595,,True
2026-07-08,UUUUT142601400.U^H26,UUUU,2026-08-14,Put,14.0,1.905,1.98,True
2026-07-08,UUUUT142601450.U^H26,UUUU,2026-08-14,Put,14.5,2.23,2.25,True
2026-07-08,UUUUT142601500.U^H26,UUUU,2026-08-14,Put,15.0,2.565,,True
2026-07-08,UUUUT142601550.U^H26,UUUU,2026-08-14,Put,15.5,2.955,3.12,True
2026-07-08,UUUUT142601600.U^H26,UUUU,2026-08-14,Put,16.0,3.475,,True
2026-07-08,UUUUT142601650.U^H26,UUUU,2026-08-14,Put,16.5,3.85,3.89,True
2026-07-08,UUUUT142601700.U^H26,UUUU,2026-08-14,Put,17.0,4.25,,True
2026-07-08,UUUUT142601750.U^H26,UUUU,2026-08-14,Put,17.5,4.675,,True
2026-07-08,UUUUT142601800.U^H26,UUUU,2026-08-14,Put,18.0,5.175,,True
2026-07-08,UUUUT142601850.U^H26,UUUU,2026-08-14,Put,18.5,5.525,,True
2026-07-08,UUUUT212601050.U^H26,UUUU,2026-08-21,Put,10.5,,,False
2026-07-08,UUUUT212601100.U^H26,UUUU,2026-08-21,Put,11.0,0.525,0.58,True
2026-07-08,UUUUT212601150.U^H26,UUUU,2026-08-21,Put,11.5,,,False
2026-07-08,UUUUT212601200.U^H26,UUUU,2026-08-21,Put,12.0,0.865,0.9,True
2026-07-08,UUUUT212601250.U^H26,UUUU,2026-08-21,Put,12.5,,,False
2026-07-08,UUUUT212601300.U^H26,UUUU,2026-08-21,Put,13.0,1.335,1.33,True
2026-07-08,UUUUT212601350.U^H26,UUUU,2026-08-21,Put,13.5,,,False
2026-07-08,UUUUT212601400.U^H26,UUUU,2026-08-21,Put,14.0,1.925,1.98,True
2026-07-08,UUUUT212601450.U^H26,UUUU,2026-08-21,Put,14.5,,,False
2026-07-08,UUUUT212601500.U^H26,UUUU,2026-08-21,Put,15.0,2.6,2.81,True
2026-07-08,UUUUT212601550.U^H26,UUUU,2026-08-21,Put,15.5,,,False
2026-07-08,UUUUT212601600.U^H26,UUUU,2026-08-21,Put,16.0,3.4,3.6,True
2026-07-08,UUUUT212601650.U^H26,UUUU,2026-08-21,Put,16.5,,,False
2026-07-08,UUUUT212601700.U^H26,UUUU,2026-08-21,Put,17.0,4.275,4.47,True
2026-07-08,UUUUT212601750.U^H26,UUUU,2026-08-21,Put,17.5,,,False
2026-07-08,UUUUT212601800.U^H26,UUUU,2026-08-21,Put,18.0,5.175,5.3,True
2026-07-08,UUUUT212601850.U^H26,UUUU,2026-08-21,Put,18.5,,,False
2026-07-08,UUUUT282601050.U^H26,UUUU,2026-08-28,Put,10.5,,,False
2026-07-08,UUUUT282601100.U^H26,UUUU,2026-08-28,Put,11.0,,,False
2026-07-08,UUUUT282601150.U^H26,UUUU,2026-08-28,Put,11.5,,,False
2026-07-08,UUUUT282601200.U^H26,UUUU,2026-08-28,Put,12.0,,,False
2026-07-08,UUUUT282601250.U^H26,UUUU,2026-08-28,Put,12.5,,,False
2026-07-08,UUUUT282601300.U^H26,UUUU,2026-08-28,Put,13.0,,,False
2026-07-08,UUUUT282601350.U^H26,UUUU,2026-08-28,Put,13.5,,,False
2026-07-08,UUUUT282601400.U^H26,UUUU,2026-08-28,Put,14.0,,,False
2026-07-08,UUUUT282601450.U^H26,UUUU,2026-08-28,Put,14.5,,,False
2026-07-08,UUUUT282601500.U^H26,UUUU,2026-08-28,Put,15.0,,,False
2026-07-08,UUUUT282601550.U^H26,UUUU,2026-08-28,Put,15.5,,,False
2026-07-08,UUUUT282601600.U^H26,UUUU,2026-08-28,Put,16.0,,,False
2026-07-08,UUUUT282601650.U^H26,UUUU,2026-08-28,Put,16.5,,,False
2026-07-08,UUUUT282601700.U^H26,UUUU,2026-08-28,Put,17.0,,,False
2026-07-08,UUUUT282601750.U^H26,UUUU,2026-08-28,Put,17.5,,,False
2026-07-08,UUUUT282601800.U^H26,UUUU,2026-08-28,Put,18.0,,,False
2026-07-08,UUUUT282601850.U^H26,UUUU,2026-08-28,Put,18.5,,,False
2026-07-08,UUUUU042601050.U^I26,UUUU,2026-09-04,Put,10.5,,,False
2026-07-08,UUUUU042601100.U^I26,UUUU,2026-09-04,Put,11.0,,,False
2026-07-08,UUUUU042601150.U^I26,UUUU,2026-09-04,Put,11.5,,,False
2026-07-08,UUUUU042601200.U^I26,UUUU,2026-09-04,Put,12.0,,,False
2026-07-08,UUUUU042601250.U^I26,UUUU,2026-09-04,Put,12.5,,,False
2026-07-08,UUUUU042601300.U^I26,UUUU,2026-09-04,Put,13.0,,,False
2026-07-08,UUUUU042601350.U^I26,UUUU,2026-09-04,Put,13.5,,,False
2026-07-08,UUUUU042601400.U^I26,UUUU,2026-09-04,Put,14.0,,,False
2026-07-08,UUUUU042601450.U^I26,UUUU,2026-09-04,Put,14.5,,,False
2026-07-08,UUUUU042601500.U^I26,UUUU,2026-09-04,Put,15.0,,,False
2026-07-08,UUUUU042601550.U^I26,UUUU,2026-09-04,Put,15.5,,,False
2026-07-08,UUUUU042601600.U^I26,UUUU,2026-09-04,Put,16.0,,,False
2026-07-08,UUUUU042601650.U^I26,UUUU,2026-09-04,Put,16.5,,,False
2026-07-08,UUUUU042601700.U^I26,UUUU,2026-09-04,Put,17.0,,,False
2026-07-08,UUUUU042601750.U^I26,UUUU,2026-09-04,Put,17.5,,,False
2026-07-08,UUUUU042601800.U^I26,UUUU,2026-09-04,Put,18.0,,,False
2026-07-08,UUUUU042601850.U^I26,UUUU,2026-09-04,Put,18.5,,,False
2026-07-09,UUUUG102601100.U^G26,UUUU,2026-07-10,Call,11.0,2.5,2.49,True
2026-07-09,UUUUG102601150.U^G26,UUUU,2026-07-10,Call,11.5,1.975,1.96,True
2026-07-09,UUUUG102601200.U^G26,UUUU,2026-07-10,Call,12.0,1.51,1.6,True
2026-07-09,UUUUG102601250.U^G26,UUUU,2026-07-10,Call,12.5,1.005,0.92,True
2026-07-09,UUUUG102601300.U^G26,UUUU,2026-07-10,Call,13.0,0.58,0.53,True
2026-07-09,UUUUG102601350.U^G26,UUUU,2026-07-10,Call,13.5,0.24,0.17,True
2026-07-09,UUUUG102601400.U^G26,UUUU,2026-07-10,Call,14.0,0.06,0.06,True
2026-07-09,UUUUG102601450.U^G26,UUUU,2026-07-10,Call,14.5,0.025,0.02,True
2026-07-09,UUUUG102601500.U^G26,UUUU,2026-07-10,Call,15.0,,0.12,True
2026-07-09,UUUUG102601550.U^G26,UUUU,2026-07-10,Call,15.5,,0.02,True
2026-07-09,UUUUG102601600.U^G26,UUUU,2026-07-10,Call,16.0,,0.01,True
2026-07-09,UUUUG102601650.U^G26,UUUU,2026-07-10,Call,16.5,,0.02,True
2026-07-09,UUUUG102601700.U^G26,UUUU,2026-07-10,Call,17.0,,0.01,True
2026-07-09,UUUUG102601750.U^G26,UUUU,2026-07-10,Call,17.5,,0.03,True
2026-07-09,UUUUG102601800.U^G26,UUUU,2026-07-10,Call,18.0,,0.01,True
2026-07-09,UUUUG102601850.U^G26,UUUU,2026-07-10,Call,18.5,,,True
2026-07-09,UUUUG172601100.U^G26,UUUU,2026-07-17,Call,11.0,2.57,2.62,True
2026-07-09,UUUUG172601150.U^G26,UUUU,2026-07-17,Call,11.5,2.065,,True
2026-07-09,UUUUG172601200.U^G26,UUUU,2026-07-17,Call,12.0,1.62,1.67,True
2026-07-09,UUUUG172601250.U^G26,UUUU,2026-07-17,Call,12.5,1.165,1.25,True
2026-07-09,UUUUG172601300.U^G26,UUUU,2026-07-17,Call,13.0,0.895,0.9,True
2026-07-09,UUUUG172601350.U^G26,UUUU,2026-07-17,Call,13.5,0.555,0.58,True
2026-07-09,UUUUG172601400.U^G26,UUUU,2026-07-17,Call,14.0,0.33,0.36,True
2026-07-09,UUUUG172601450.U^G26,UUUU,2026-07-17,Call,14.5,0.195,0.23,True
2026-07-09,UUUUG172601500.U^G26,UUUU,2026-07-17,Call,15.0,0.13,0.1,True
2026-07-09,UUUUG172601550.U^G26,UUUU,2026-07-17,Call,15.5,0.065,0.06,True
2026-07-09,UUUUG172601600.U^G26,UUUU,2026-07-17,Call,16.0,0.03,0.05,True
2026-07-09,UUUUG172601650.U^G26,UUUU,2026-07-17,Call,16.5,,0.02,True
2026-07-09,UUUUG172601700.U^G26,UUUU,2026-07-17,Call,17.0,0.015,0.02,True
2026-07-09,UUUUG172601750.U^G26,UUUU,2026-07-17,Call,17.5,,,True
2026-07-09,UUUUG172601800.U^G26,UUUU,2026-07-17,Call,18.0,0.02,0.02,True
2026-07-09,UUUUG172601850.U^G26,UUUU,2026-07-17,Call,18.5,,0.02,True
2026-07-09,UUUUG242601050.U^G26,UUUU,2026-07-24,Call,10.5,,,False
2026-07-09,UUUUG242601100.U^G26,UUUU,2026-07-24,Call,11.0,2.54,,True
2026-07-09,UUUUG242601150.U^G26,UUUU,2026-07-24,Call,11.5,2.095,,True
2026-07-09,UUUUG242601200.U^G26,UUUU,2026-07-24,Call,12.0,1.745,,True
2026-07-09,UUUUG242601250.U^G26,UUUU,2026-07-24,Call,12.5,1.45,1.53,True
2026-07-09,UUUUG242601300.U^G26,UUUU,2026-07-24,Call,13.0,1.115,1.13,True
2026-07-09,UUUUG242601350.U^G26,UUUU,2026-07-24,Call,13.5,0.85,0.87,True
2026-07-09,UUUUG242601400.U^G26,UUUU,2026-07-24,Call,14.0,0.61,0.6,True
2026-07-09,UUUUG242601450.U^G26,UUUU,2026-07-24,Call,14.5,0.455,0.43,True
2026-07-09,UUUUG242601500.U^G26,UUUU,2026-07-24,Call,15.0,0.31,0.33,True
2026-07-09,UUUUG242601550.U^G26,UUUU,2026-07-24,Call,15.5,0.21,0.23,True
2026-07-09,UUUUG242601600.U^G26,UUUU,2026-07-24,Call,16.0,0.14,0.15,True
2026-07-09,UUUUG242601650.U^G26,UUUU,2026-07-24,Call,16.5,0.1,0.11,True
2026-07-09,UUUUG242601700.U^G26,UUUU,2026-07-24,Call,17.0,0.075,0.07,True
2026-07-09,UUUUG242601750.U^G26,UUUU,2026-07-24,Call,17.5,,,True
2026-07-09,UUUUG242601800.U^G26,UUUU,2026-07-24,Call,18.0,0.055,0.05,True
2026-07-09,UUUUG242601850.U^G26,UUUU,2026-07-24,Call,18.5,,,True
2026-07-09,UUUUG312601050.U^G26,UUUU,2026-07-31,Call,10.5,3.005,,True
2026-07-09,UUUUG312601100.U^G26,UUUU,2026-07-31,Call,11.0,2.785,,True
2026-07-09,UUUUG312601150.U^G26,UUUU,2026-07-31,Call,11.5,2.35,,True
2026-07-09,UUUUG312601200.U^G26,UUUU,2026-07-31,Call,12.0,1.87,1.9,True
2026-07-09,UUUUG312601250.U^G26,UUUU,2026-07-31,Call,12.5,1.62,1.58,True
2026-07-09,UUUUG312601300.U^G26,UUUU,2026-07-31,Call,13.0,1.265,1.39,True
2026-07-09,UUUUG312601350.U^G26,UUUU,2026-07-31,Call,13.5,0.99,1.08,True
2026-07-09,UUUUG312601400.U^G26,UUUU,2026-07-31,Call,14.0,0.765,0.9,True
2026-07-09,UUUUG312601450.U^G26,UUUU,2026-07-31,Call,14.5,0.6,0.63,True
2026-07-09,UUUUG312601500.U^G26,UUUU,2026-07-31,Call,15.0,0.465,0.51,True
2026-07-09,UUUUG312601550.U^G26,UUUU,2026-07-31,Call,15.5,0.345,0.38,True
2026-07-09,UUUUG312601600.U^G26,UUUU,2026-07-31,Call,16.0,0.26,0.28,True
2026-07-09,UUUUG312601650.U^G26,UUUU,2026-07-31,Call,16.5,0.21,0.21,True
2026-07-09,UUUUG312601700.U^G26,UUUU,2026-07-31,Call,17.0,0.135,0.15,True
2026-07-09,UUUUG312601750.U^G26,UUUU,2026-07-31,Call,17.5,0.11,,True
2026-07-09,UUUUG312601800.U^G26,UUUU,2026-07-31,Call,18.0,0.095,0.1,True
2026-07-09,UUUUG312601850.U^G26,UUUU,2026-07-31,Call,18.5,0.065,,True
2026-07-09,UUUUH072601050.U^H26,UUUU,2026-08-07,Call,10.5,3.2,,True
2026-07-09,UUUUH072601100.U^H26,UUUU,2026-08-07,Call,11.0,2.89,,True
2026-07-09,UUUUH072601150.U^H26,UUUU,2026-08-07,Call,11.5,2.37,,True
2026-07-09,UUUUH072601200.U^H26,UUUU,2026-08-07,Call,12.0,2.03,,True
2026-07-09,UUUUH072601250.U^H26,UUUU,2026-08-07,Call,12.5,1.8,,True
2026-07-09,UUUUH072601300.U^H26,UUUU,2026-08-07,Call,13.0,1.515,1.5,True
2026-07-09,UUUUH072601350.U^H26,UUUU,2026-08-07,Call,13.5,1.195,1.18,True
2026-07-09,UUUUH072601400.U^H26,UUUU,2026-08-07,Call,14.0,0.97,1.04,True
2026-07-09,UUUUH072601450.U^H26,UUUU,2026-08-07,Call,14.5,0.81,0.75,True
2026-07-09,UUUUH072601500.U^H26,UUUU,2026-08-07,Call,15.0,0.65,0.68,True
2026-07-09,UUUUH072601550.U^H26,UUUU,2026-08-07,Call,15.5,0.575,0.56,True
2026-07-09,UUUUH072601600.U^H26,UUUU,2026-08-07,Call,16.0,0.405,0.4,True
2026-07-09,UUUUH072601650.U^H26,UUUU,2026-08-07,Call,16.5,0.36,,True
2026-07-09,UUUUH072601700.U^H26,UUUU,2026-08-07,Call,17.0,0.26,0.26,True
2026-07-09,UUUUH072601750.U^H26,UUUU,2026-08-07,Call,17.5,0.215,,True
2026-07-09,UUUUH072601800.U^H26,UUUU,2026-08-07,Call,18.0,0.17,0.18,True
2026-07-09,UUUUH072601850.U^H26,UUUU,2026-08-07,Call,18.5,0.115,0.12,True
2026-07-09,UUUUH142601050.U^H26,UUUU,2026-08-14,Call,10.5,3.35,,True
2026-07-09,UUUUH142601100.U^H26,UUUU,2026-08-14,Call,11.0,2.89,,True
2026-07-09,UUUUH142601150.U^H26,UUUU,2026-08-14,Call,11.5,2.505,,True
2026-07-09,UUUUH142601200.U^H26,UUUU,2026-08-14,Call,12.0,2.16,2.0,True
2026-07-09,UUUUH142601250.U^H26,UUUU,2026-08-14,Call,12.5,1.925,,True
2026-07-09,UUUUH142601300.U^H26,UUUU,2026-08-14,Call,13.0,1.655,,True
2026-07-09,UUUUH142601350.U^H26,UUUU,2026-08-14,Call,13.5,1.415,1.36,True
2026-07-09,UUUUH142601400.U^H26,UUUU,2026-08-14,Call,14.0,1.18,1.2,True
2026-07-09,UUUUH142601450.U^H26,UUUU,2026-08-14,Call,14.5,1.015,,True
2026-07-09,UUUUH142601500.U^H26,UUUU,2026-08-14,Call,15.0,0.81,0.8,True
2026-07-09,UUUUH142601550.U^H26,UUUU,2026-08-14,Call,15.5,0.65,0.68,True
2026-07-09,UUUUH142601600.U^H26,UUUU,2026-08-14,Call,16.0,0.61,0.55,True
2026-07-09,UUUUH142601650.U^H26,UUUU,2026-08-14,Call,16.5,0.455,0.47,True
2026-07-09,UUUUH142601700.U^H26,UUUU,2026-08-14,Call,17.0,0.31,0.36,True
2026-07-09,UUUUH142601750.U^H26,UUUU,2026-08-14,Call,17.5,0.295,0.28,True
2026-07-09,UUUUH142601800.U^H26,UUUU,2026-08-14,Call,18.0,0.24,,True
2026-07-09,UUUUH142601850.U^H26,UUUU,2026-08-14,Call,18.5,0.25,,True
2026-07-09,UUUUH212601050.U^H26,UUUU,2026-08-21,Call,10.5,,,False
2026-07-09,UUUUH212601100.U^H26,UUUU,2026-08-21,Call,11.0,2.975,3.03,True
2026-07-09,UUUUH212601150.U^H26,UUUU,2026-08-21,Call,11.5,,,False
2026-07-09,UUUUH212601200.U^H26,UUUU,2026-08-21,Call,12.0,2.4,2.35,True
2026-07-09,UUUUH212601250.U^H26,UUUU,2026-08-21,Call,12.5,,,False
2026-07-09,UUUUH212601300.U^H26,UUUU,2026-08-21,Call,13.0,1.75,1.77,True
2026-07-09,UUUUH212601350.U^H26,UUUU,2026-08-21,Call,13.5,,,False
2026-07-09,UUUUH212601400.U^H26,UUUU,2026-08-21,Call,14.0,1.235,1.29,True
2026-07-09,UUUUH212601450.U^H26,UUUU,2026-08-21,Call,14.5,,,False
2026-07-09,UUUUH212601500.U^H26,UUUU,2026-08-21,Call,15.0,0.88,0.89,True
2026-07-09,UUUUH212601550.U^H26,UUUU,2026-08-21,Call,15.5,,,False
2026-07-09,UUUUH212601600.U^H26,UUUU,2026-08-21,Call,16.0,0.63,0.65,True
2026-07-09,UUUUH212601650.U^H26,UUUU,2026-08-21,Call,16.5,,,False
2026-07-09,UUUUH212601700.U^H26,UUUU,2026-08-21,Call,17.0,0.435,0.45,True
2026-07-09,UUUUH212601750.U^H26,UUUU,2026-08-21,Call,17.5,,,False
2026-07-09,UUUUH212601800.U^H26,UUUU,2026-08-21,Call,18.0,0.315,0.32,True
2026-07-09,UUUUH212601850.U^H26,UUUU,2026-08-21,Call,18.5,,,False
2026-07-09,UUUUH282601050.U^H26,UUUU,2026-08-28,Call,10.5,3.45,,True
2026-07-09,UUUUH282601100.U^H26,UUUU,2026-08-28,Call,11.0,3.09,2.96,True
2026-07-09,UUUUH282601150.U^H26,UUUU,2026-08-28,Call,11.5,2.745,,True
2026-07-09,UUUUH282601200.U^H26,UUUU,2026-08-28,Call,12.0,2.465,,True
2026-07-09,UUUUH282601250.U^H26,UUUU,2026-08-28,Call,12.5,2.18,,True
2026-07-09,UUUUH282601300.U^H26,UUUU,2026-08-28,Call,13.0,1.9,,True
2026-07-09,UUUUH282601350.U^H26,UUUU,2026-08-28,Call,13.5,1.565,1.6,True
2026-07-09,UUUUH282601400.U^H26,UUUU,2026-08-28,Call,14.0,1.365,1.37,True
2026-07-09,UUUUH282601450.U^H26,UUUU,2026-08-28,Call,14.5,1.245,,True
2026-07-09,UUUUH282601500.U^H26,UUUU,2026-08-28,Call,15.0,1.07,1.08,True
2026-07-09,UUUUH282601550.U^H26,UUUU,2026-08-28,Call,15.5,0.915,,True
2026-07-09,UUUUH282601600.U^H26,UUUU,2026-08-28,Call,16.0,0.775,,True
2026-07-09,UUUUH282601650.U^H26,UUUU,2026-08-28,Call,16.5,0.68,,True
2026-07-09,UUUUH282601700.U^H26,UUUU,2026-08-28,Call,17.0,0.58,,True
2026-07-09,UUUUH282601750.U^H26,UUUU,2026-08-28,Call,17.5,0.5,,True
2026-07-09,UUUUH282601800.U^H26,UUUU,2026-08-28,Call,18.0,0.41,,True
2026-07-09,UUUUH282601850.U^H26,UUUU,2026-08-28,Call,18.5,,,False
2026-07-09,UUUUI042601050.U^I26,UUUU,2026-09-04,Call,10.5,,,False
2026-07-09,UUUUI042601100.U^I26,UUUU,2026-09-04,Call,11.0,,,False
2026-07-09,UUUUI042601150.U^I26,UUUU,2026-09-04,Call,11.5,,,False
2026-07-09,UUUUI042601200.U^I26,UUUU,2026-09-04,Call,12.0,,,False
2026-07-09,UUUUI042601250.U^I26,UUUU,2026-09-04,Call,12.5,,,False
2026-07-09,UUUUI042601300.U^I26,UUUU,2026-09-04,Call,13.0,,,False
2026-07-09,UUUUI042601350.U^I26,UUUU,2026-09-04,Call,13.5,,,False
2026-07-09,UUUUI042601400.U^I26,UUUU,2026-09-04,Call,14.0,,,False
2026-07-09,UUUUI042601450.U^I26,UUUU,2026-09-04,Call,14.5,,,False
2026-07-09,UUUUI042601500.U^I26,UUUU,2026-09-04,Call,15.0,,,False
2026-07-09,UUUUI042601550.U^I26,UUUU,2026-09-04,Call,15.5,,,False
2026-07-09,UUUUI042601600.U^I26,UUUU,2026-09-04,Call,16.0,,,False
2026-07-09,UUUUI042601650.U^I26,UUUU,2026-09-04,Call,16.5,,,False
2026-07-09,UUUUI042601700.U^I26,UUUU,2026-09-04,Call,17.0,,,False
2026-07-09,UUUUI042601750.U^I26,UUUU,2026-09-04,Call,17.5,,,False
2026-07-09,UUUUI042601800.U^I26,UUUU,2026-09-04,Call,18.0,,,False
2026-07-09,UUUUI042601850.U^I26,UUUU,2026-09-04,Call,18.5,,,False
2026-07-09,UUUUS102601100.U^G26,UUUU,2026-07-10,Put,11.0,,0.06,True
2026-07-09,UUUUS102601150.U^G26,UUUU,2026-07-10,Put,11.5,,0.01,True
2026-07-09,UUUUS102601200.U^G26,UUUU,2026-07-10,Put,12.0,0.03,0.01,True
2026-07-09,UUUUS102601250.U^G26,UUUU,2026-07-10,Put,12.5,0.035,0.03,True
2026-07-09,UUUUS102601300.U^G26,UUUU,2026-07-10,Put,13.0,0.105,0.08,True
2026-07-09,UUUUS102601350.U^G26,UUUU,2026-07-10,Put,13.5,0.265,0.21,True
2026-07-09,UUUUS102601400.U^G26,UUUU,2026-07-10,Put,14.0,0.61,0.55,True
2026-07-09,UUUUS102601450.U^G26,UUUU,2026-07-10,Put,14.5,1.02,1.04,True
2026-07-09,UUUUS102601500.U^G26,UUUU,2026-07-10,Put,15.0,1.54,1.47,True
2026-07-09,UUUUS102601550.U^G26,UUUU,2026-07-10,Put,15.5,2.06,2.05,True
2026-07-09,UUUUS102601600.U^G26,UUUU,2026-07-10,Put,16.0,2.58,2.53,True
2026-07-09,UUUUS102601650.U^G26,UUUU,2026-07-10,Put,16.5,3.25,2.95,True
2026-07-09,UUUUS102601700.U^G26,UUUU,2026-07-10,Put,17.0,3.65,3.5,True
2026-07-09,UUUUS102601750.U^G26,UUUU,2026-07-10,Put,17.5,4.025,,True
2026-07-09,UUUUS102601800.U^G26,UUUU,2026-07-10,Put,18.0,4.525,4.53,True
2026-07-09,UUUUS102601850.U^G26,UUUU,2026-07-10,Put,18.5,5.0,,True
2026-07-09,UUUUS172601100.U^G26,UUUU,2026-07-17,Put,11.0,,0.04,True
2026-07-09,UUUUS172601150.U^G26,UUUU,2026-07-17,Put,11.5,0.075,0.07,True
2026-07-09,UUUUS172601200.U^G26,UUUU,2026-07-17,Put,12.0,0.13,0.14,True
2026-07-09,UUUUS172601250.U^G26,UUUU,2026-07-17,Put,12.5,0.22,0.21,True
2026-07-09,UUUUS172601300.U^G26,UUUU,2026-07-17,Put,13.0,0.36,0.38,True
2026-07-09,UUUUS172601350.U^G26,UUUU,2026-07-17,Put,13.5,0.605,0.6,True
2026-07-09,UUUUS172601400.U^G26,UUUU,2026-07-17,Put,14.0,0.9,0.89,True
2026-07-09,UUUUS172601450.U^G26,UUUU,2026-07-17,Put,14.5,1.23,1.19,True
2026-07-09,UUUUS172601500.U^G26,UUUU,2026-07-17,Put,15.0,1.62,1.61,True
2026-07-09,UUUUS172601550.U^G26,UUUU,2026-07-17,Put,15.5,2.04,2.04,True
2026-07-09,UUUUS172601600.U^G26,UUUU,2026-07-17,Put,16.0,2.57,2.58,True
2026-07-09,UUUUS172601650.U^G26,UUUU,2026-07-17,Put,16.5,3.075,3.08,True
2026-07-09,UUUUS172601700.U^G26,UUUU,2026-07-17,Put,17.0,3.525,3.47,True
2026-07-09,UUUUS172601750.U^G26,UUUU,2026-07-17,Put,17.5,4.025,4.2,True
2026-07-09,UUUUS172601800.U^G26,UUUU,2026-07-17,Put,18.0,4.475,4.47,True
2026-07-09,UUUUS172601850.U^G26,UUUU,2026-07-17,Put,18.5,5.15,4.92,True
2026-07-09,UUUUS242601050.U^G26,UUUU,2026-07-24,Put,10.5,,,False
2026-07-09,UUUUS242601100.U^G26,UUUU,2026-07-24,Put,11.0,0.12,,True
2026-07-09,UUUUS242601150.U^G26,UUUU,2026-07-24,Put,11.5,0.2,,True
2026-07-09,UUUUS242601200.U^G26,UUUU,2026-07-24,Put,12.0,0.3,0.32,True
2026-07-09,UUUUS242601250.U^G26,UUUU,2026-07-24,Put,12.5,0.475,0.49,True
2026-07-09,UUUUS242601300.U^G26,UUUU,2026-07-24,Put,13.0,0.62,0.58,True
2026-07-09,UUUUS242601350.U^G26,UUUU,2026-07-24,Put,13.5,0.83,0.79,True
2026-07-09,UUUUS242601400.U^G26,UUUU,2026-07-24,Put,14.0,1.09,1.06,True
2026-07-09,UUUUS242601450.U^G26,UUUU,2026-07-24,Put,14.5,1.435,1.43,True
2026-07-09,UUUUS242601500.U^G26,UUUU,2026-07-24,Put,15.0,1.85,1.8,True
2026-07-09,UUUUS242601550.U^G26,UUUU,2026-07-24,Put,15.5,2.21,2.15,True
2026-07-09,UUUUS242601600.U^G26,UUUU,2026-07-24,Put,16.0,2.65,2.69,True
2026-07-09,UUUUS242601650.U^G26,UUUU,2026-07-24,Put,16.5,3.175,3.18,True
2026-07-09,UUUUS242601700.U^G26,UUUU,2026-07-24,Put,17.0,3.625,3.52,True
2026-07-09,UUUUS242601750.U^G26,UUUU,2026-07-24,Put,17.5,4.0,,True
2026-07-09,UUUUS242601800.U^G26,UUUU,2026-07-24,Put,18.0,4.55,,True
2026-07-09,UUUUS242601850.U^G26,UUUU,2026-07-24,Put,18.5,5.175,,True
2026-07-09,UUUUS312601050.U^G26,UUUU,2026-07-31,Put,10.5,0.16,,True
2026-07-09,UUUUS312601100.U^G26,UUUU,2026-07-31,Put,11.0,0.195,0.2,True
2026-07-09,UUUUS312601150.U^G26,UUUU,2026-07-31,Put,11.5,0.28,,True
2026-07-09,UUUUS312601200.U^G26,UUUU,2026-07-31,Put,12.0,0.415,0.39,True
2026-07-09,UUUUS312601250.U^G26,UUUU,2026-07-31,Put,12.5,0.595,0.54,True
2026-07-09,UUUUS312601300.U^G26,UUUU,2026-07-31,Put,13.0,0.705,0.91,True
2026-07-09,UUUUS312601350.U^G26,UUUU,2026-07-31,Put,13.5,1.035,0.98,True
2026-07-09,UUUUS312601400.U^G26,UUUU,2026-07-31,Put,14.0,1.3,1.28,True
2026-07-09,UUUUS312601450.U^G26,UUUU,2026-07-31,Put,14.5,1.585,1.56,True
2026-07-09,UUUUS312601500.U^G26,UUUU,2026-07-31,Put,15.0,2.005,2.0,True
2026-07-09,UUUUS312601550.U^G26,UUUU,2026-07-31,Put,15.5,2.42,,True
2026-07-09,UUUUS312601600.U^G26,UUUU,2026-07-31,Put,16.0,2.82,2.77,True
2026-07-09,UUUUS312601650.U^G26,UUUU,2026-07-31,Put,16.5,3.3,3.22,True
2026-07-09,UUUUS312601700.U^G26,UUUU,2026-07-31,Put,17.0,3.725,3.6,True
2026-07-09,UUUUS312601750.U^G26,UUUU,2026-07-31,Put,17.5,4.15,4.1,True
2026-07-09,UUUUS312601800.U^G26,UUUU,2026-07-31,Put,18.0,4.55,,True
2026-07-09,UUUUS312601850.U^G26,UUUU,2026-07-31,Put,18.5,5.2,,True
2026-07-09,UUUUT072601050.U^H26,UUUU,2026-08-07,Put,10.5,0.19,,True
2026-07-09,UUUUT072601100.U^H26,UUUU,2026-08-07,Put,11.0,0.33,0.28,True
2026-07-09,UUUUT072601150.U^H26,UUUU,2026-08-07,Put,11.5,0.42,0.39,True
2026-07-09,UUUUT072601200.U^H26,UUUU,2026-08-07,Put,12.0,0.59,0.61,True
2026-07-09,UUUUT072601250.U^H26,UUUU,2026-08-07,Put,12.5,0.77,,True
2026-07-09,UUUUT072601300.U^H26,UUUU,2026-08-07,Put,13.0,0.94,,True
2026-07-09,UUUUT072601350.U^H26,UUUU,2026-08-07,Put,13.5,1.24,1.19,True
2026-07-09,UUUUT072601400.U^H26,UUUU,2026-08-07,Put,14.0,1.495,,True
2026-07-09,UUUUT072601450.U^H26,UUUU,2026-08-07,Put,14.5,1.8,1.76,True
2026-07-09,UUUUT072601500.U^H26,UUUU,2026-08-07,Put,15.0,2.185,,True
2026-07-09,UUUUT072601550.U^H26,UUUU,2026-08-07,Put,15.5,2.535,,True
2026-07-09,UUUUT072601600.U^H26,UUUU,2026-08-07,Put,16.0,2.97,2.87,True
2026-07-09,UUUUT072601650.U^H26,UUUU,2026-08-07,Put,16.5,3.35,3.35,True
2026-07-09,UUUUT072601700.U^H26,UUUU,2026-08-07,Put,17.0,3.775,3.7,True
2026-07-09,UUUUT072601750.U^H26,UUUU,2026-08-07,Put,17.5,4.075,,True
2026-07-09,UUUUT072601800.U^H26,UUUU,2026-08-07,Put,18.0,4.6,4.53,True
2026-07-09,UUUUT072601850.U^H26,UUUU,2026-08-07,Put,18.5,5.075,,True
2026-07-09,UUUUT142601050.U^H26,UUUU,2026-08-14,Put,10.5,0.3,,True
2026-07-09,UUUUT142601100.U^H26,UUUU,2026-08-14,Put,11.0,0.4,,True
2026-07-09,UUUUT142601150.U^H26,UUUU,2026-08-14,Put,11.5,0.51,0.44,True
2026-07-09,UUUUT142601200.U^H26,UUUU,2026-08-14,Put,12.0,0.705,,True
2026-07-09,UUUUT142601250.U^H26,UUUU,2026-08-14,Put,12.5,0.905,0.85,True
2026-07-09,UUUUT142601300.U^H26,UUUU,2026-08-14,Put,13.0,1.135,1.15,True
2026-07-09,UUUUT142601350.U^H26,UUUU,2026-08-14,Put,13.5,1.365,1.38,True
2026-07-09,UUUUT142601400.U^H26,UUUU,2026-08-14,Put,14.0,1.67,1.63,True
2026-07-09,UUUUT142601450.U^H26,UUUU,2026-08-14,Put,14.5,1.96,1.92,True
2026-07-09,UUUUT142601500.U^H26,UUUU,2026-08-14,Put,15.0,2.325,2.25,True
2026-07-09,UUUUT142601550.U^H26,UUUU,2026-08-14,Put,15.5,2.655,,True
2026-07-09,UUUUT142601600.U^H26,UUUU,2026-08-14,Put,16.0,3.06,3.04,True
2026-07-09,UUUUT142601650.U^H26,UUUU,2026-08-14,Put,16.5,3.475,3.5,True
2026-07-09,UUUUT142601700.U^H26,UUUU,2026-08-14,Put,17.0,3.875,,True
2026-07-09,UUUUT142601750.U^H26,UUUU,2026-08-14,Put,17.5,4.325,4.27,True
2026-07-09,UUUUT142601800.U^H26,UUUU,2026-08-14,Put,18.0,4.825,4.7,True
2026-07-09,UUUUT142601850.U^H26,UUUU,2026-08-14,Put,18.5,5.175,,True
2026-07-09,UUUUT212601050.U^H26,UUUU,2026-08-21,Put,10.5,,,False
2026-07-09,UUUUT212601100.U^H26,UUUU,2026-08-21,Put,11.0,0.47,0.44,True
2026-07-09,UUUUT212601150.U^H26,UUUU,2026-08-21,Put,11.5,,,False
2026-07-09,UUUUT212601200.U^H26,UUUU,2026-08-21,Put,12.0,0.74,0.76,True
2026-07-09,UUUUT212601250.U^H26,UUUU,2026-08-21,Put,12.5,,,False
2026-07-09,UUUUT212601300.U^H26,UUUU,2026-08-21,Put,13.0,1.16,1.14,True
2026-07-09,UUUUT212601350.U^H26,UUUU,2026-08-21,Put,13.5,,,False
2026-07-09,UUUUT212601400.U^H26,UUUU,2026-08-21,Put,14.0,1.705,1.7,True
2026-07-09,UUUUT212601450.U^H26,UUUU,2026-08-21,Put,14.5,,,False
2026-07-09,UUUUT212601500.U^H26,UUUU,2026-08-21,Put,15.0,2.4,2.36,True
2026-07-09,UUUUT212601550.U^H26,UUUU,2026-08-21,Put,15.5,,,False
2026-07-09,UUUUT212601600.U^H26,UUUU,2026-08-21,Put,16.0,3.15,3.16,True
2026-07-09,UUUUT212601650.U^H26,UUUU,2026-08-21,Put,16.5,,,False
2026-07-09,UUUUT212601700.U^H26,UUUU,2026-08-21,Put,17.0,3.95,3.85,True
2026-07-09,UUUUT212601750.U^H26,UUUU,2026-08-21,Put,17.5,,,False
2026-07-09,UUUUT212601800.U^H26,UUUU,2026-08-21,Put,18.0,4.775,4.67,True
2026-07-09,UUUUT212601850.U^H26,UUUU,2026-08-21,Put,18.5,,,False
2026-07-09,UUUUT282601050.U^H26,UUUU,2026-08-28,Put,10.5,0.395,,True
2026-07-09,UUUUT282601100.U^H26,UUUU,2026-08-28,Put,11.0,0.555,,True
2026-07-09,UUUUT282601150.U^H26,UUUU,2026-08-28,Put,11.5,0.68,,True
2026-07-09,UUUUT282601200.U^H26,UUUU,2026-08-28,Put,12.0,0.855,,True
2026-07-09,UUUUT282601250.U^H26,UUUU,2026-08-28,Put,12.5,1.055,,True
2026-07-09,UUUUT282601300.U^H26,UUUU,2026-08-28,Put,13.0,1.25,,True
2026-07-09,UUUUT282601350.U^H26,UUUU,2026-08-28,Put,13.5,1.535,,True
2026-07-09,UUUUT282601400.U^H26,UUUU,2026-08-28,Put,14.0,1.835,1.79,True
2026-07-09,UUUUT282601450.U^H26,UUUU,2026-08-28,Put,14.5,2.14,,True
2026-07-09,UUUUT282601500.U^H26,UUUU,2026-08-28,Put,15.0,2.45,,True
2026-07-09,UUUUT282601550.U^H26,UUUU,2026-08-28,Put,15.5,2.82,,True
2026-07-09,UUUUT282601600.U^H26,UUUU,2026-08-28,Put,16.0,3.225,,True
2026-07-09,UUUUT282601650.U^H26,UUUU,2026-08-28,Put,16.5,3.575,,True
2026-07-09,UUUUT282601700.U^H26,UUUU,2026-08-28,Put,17.0,3.95,,True
2026-07-09,UUUUT282601750.U^H26,UUUU,2026-08-28,Put,17.5,4.4,,True
2026-07-09,UUUUT282601800.U^H26,UUUU,2026-08-28,Put,18.0,4.8,,True
2026-07-09,UUUUT282601850.U^H26,UUUU,2026-08-28,Put,18.5,,,False
2026-07-09,UUUUU042601050.U^I26,UUUU,2026-09-04,Put,10.5,,,False
2026-07-09,UUUUU042601100.U^I26,UUUU,2026-09-04,Put,11.0,,,False
2026-07-09,UUUUU042601150.U^I26,UUUU,2026-09-04,Put,11.5,,,False
2026-07-09,UUUUU042601200.U^I26,UUUU,2026-09-04,Put,12.0,,,False
2026-07-09,UUUUU042601250.U^I26,UUUU,2026-09-04,Put,12.5,,,False
2026-07-09,UUUUU042601300.U^I26,UUUU,2026-09-04,Put,13.0,,,False
2026-07-09,UUUUU042601350.U^I26,UUUU,2026-09-04,Put,13.5,,,False
2026-07-09,UUUUU042601400.U^I26,UUUU,2026-09-04,Put,14.0,,,False
2026-07-09,UUUUU042601450.U^I26,UUUU,2026-09-04,Put,14.5,,,False
2026-07-09,UUUUU042601500.U^I26,UUUU,2026-09-04,Put,15.0,,,False
2026-07-09,UUUUU042601550.U^I26,UUUU,2026-09-04,Put,15.5,,,False
2026-07-09,UUUUU042601600.U^I26,UUUU,2026-09-04,Put,16.0,,,False
2026-07-09,UUUUU042601650.U^I26,UUUU,2026-09-04,Put,16.5,,,False
2026-07-09,UUUUU042601700.U^I26,UUUU,2026-09-04,Put,17.0,,,False
2026-07-09,UUUUU042601750.U^I26,UUUU,2026-09-04,Put,17.5,,,False
2026-07-09,UUUUU042601800.U^I26,UUUU,2026-09-04,Put,18.0,,,False
2026-07-09,UUUUU042601850.U^I26,UUUU,2026-09-04,Put,18.5,,,False
2026-07-10,UUUUG102601100.U^G26,UUUU,2026-07-10,Call,11.0,2.65,2.75,True
2026-07-10,UUUUG102601150.U^G26,UUUU,2026-07-10,Call,11.5,2.11,2.42,True
2026-07-10,UUUUG102601200.U^G26,UUUU,2026-07-10,Call,12.0,1.745,,True
2026-07-10,UUUUG102601250.U^G26,UUUU,2026-07-10,Call,12.5,1.055,1.19,True
2026-07-10,UUUUG102601300.U^G26,UUUU,2026-07-10,Call,13.0,0.545,0.69,True
2026-07-10,UUUUG102601350.U^G26,UUUU,2026-07-10,Call,13.5,0.115,0.12,True
2026-07-10,UUUUG102601400.U^G26,UUUU,2026-07-10,Call,14.0,,0.01,True
2026-07-10,UUUUG102601450.U^G26,UUUU,2026-07-10,Call,14.5,,0.02,True
2026-07-10,UUUUG102601500.U^G26,UUUU,2026-07-10,Call,15.0,,0.01,True
2026-07-10,UUUUG102601550.U^G26,UUUU,2026-07-10,Call,15.5,,0.01,True
2026-07-10,UUUUG102601600.U^G26,UUUU,2026-07-10,Call,16.0,,0.01,True
2026-07-10,UUUUG102601650.U^G26,UUUU,2026-07-10,Call,16.5,,0.01,True
2026-07-10,UUUUG102601700.U^G26,UUUU,2026-07-10,Call,17.0,,0.03,True
2026-07-10,UUUUG102601750.U^G26,UUUU,2026-07-10,Call,17.5,,0.01,True
2026-07-10,UUUUG102601800.U^G26,UUUU,2026-07-10,Call,18.0,,0.01,True
2026-07-10,UUUUG102601850.U^G26,UUUU,2026-07-10,Call,18.5,,0.01,True
2026-07-10,UUUUG172601100.U^G26,UUUU,2026-07-17,Call,11.0,2.625,2.92,True
2026-07-10,UUUUG172601150.U^G26,UUUU,2026-07-17,Call,11.5,2.175,,True
2026-07-10,UUUUG172601200.U^G26,UUUU,2026-07-17,Call,12.0,1.77,1.95,True
2026-07-10,UUUUG172601250.U^G26,UUUU,2026-07-17,Call,12.5,1.295,1.4,True
2026-07-10,UUUUG172601300.U^G26,UUUU,2026-07-17,Call,13.0,0.89,0.67,True
2026-07-10,UUUUG172601350.U^G26,UUUU,2026-07-17,Call,13.5,0.525,0.53,True
2026-07-10,UUUUG172601400.U^G26,UUUU,2026-07-17,Call,14.0,0.32,0.32,True
2026-07-10,UUUUG172601450.U^G26,UUUU,2026-07-17,Call,14.5,0.18,0.18,True
2026-07-10,UUUUG172601500.U^G26,UUUU,2026-07-17,Call,15.0,0.105,0.11,True
2026-07-10,UUUUG172601550.U^G26,UUUU,2026-07-17,Call,15.5,0.06,0.05,True
2026-07-10,UUUUG172601600.U^G26,UUUU,2026-07-17,Call,16.0,0.045,0.03,True
2026-07-10,UUUUG172601650.U^G26,UUUU,2026-07-17,Call,16.5,,0.01,True
2026-07-10,UUUUG172601700.U^G26,UUUU,2026-07-17,Call,17.0,0.02,0.01,True
2026-07-10,UUUUG172601750.U^G26,UUUU,2026-07-17,Call,17.5,,0.03,True
2026-07-10,UUUUG172601800.U^G26,UUUU,2026-07-17,Call,18.0,0.02,0.02,True
2026-07-10,UUUUG172601850.U^G26,UUUU,2026-07-17,Call,18.5,0.05,,True
2026-07-10,UUUUG242601050.U^G26,UUUU,2026-07-24,Call,10.5,3.35,,True
2026-07-10,UUUUG242601100.U^G26,UUUU,2026-07-24,Call,11.0,2.715,,True
2026-07-10,UUUUG242601150.U^G26,UUUU,2026-07-24,Call,11.5,2.315,,True
2026-07-10,UUUUG242601200.U^G26,UUUU,2026-07-24,Call,12.0,1.865,,True
2026-07-10,UUUUG242601250.U^G26,UUUU,2026-07-24,Call,12.5,1.43,1.51,True
2026-07-10,UUUUG242601300.U^G26,UUUU,2026-07-24,Call,13.0,1.16,1.17,True
2026-07-10,UUUUG242601350.U^G26,UUUU,2026-07-24,Call,13.5,0.83,0.8,True
2026-07-10,UUUUG242601400.U^G26,UUUU,2026-07-24,Call,14.0,0.58,0.58,True
2026-07-10,UUUUG242601450.U^G26,UUUU,2026-07-24,Call,14.5,0.425,0.46,True
2026-07-10,UUUUG242601500.U^G26,UUUU,2026-07-24,Call,15.0,0.275,0.32,True
2026-07-10,UUUUG242601550.U^G26,UUUU,2026-07-24,Call,15.5,0.19,0.21,True
2026-07-10,UUUUG242601600.U^G26,UUUU,2026-07-24,Call,16.0,0.13,0.12,True
2026-07-10,UUUUG242601650.U^G26,UUUU,2026-07-24,Call,16.5,0.11,0.09,True
2026-07-10,UUUUG242601700.U^G26,UUUU,2026-07-24,Call,17.0,0.08,0.07,True
2026-07-10,UUUUG242601750.U^G26,UUUU,2026-07-24,Call,17.5,,0.06,True
2026-07-10,UUUUG242601800.U^G26,UUUU,2026-07-24,Call,18.0,,0.04,True
2026-07-10,UUUUG242601850.U^G26,UUUU,2026-07-24,Call,18.5,,0.04,True
2026-07-10,UUUUG312601050.U^G26,UUUU,2026-07-31,Call,10.5,3.375,,True
2026-07-10,UUUUG312601100.U^G26,UUUU,2026-07-31,Call,11.0,2.785,3.16,True
2026-07-10,UUUUG312601150.U^G26,UUUU,2026-07-31,Call,11.5,2.41,,True
2026-07-10,UUUUG312601200.U^G26,UUUU,2026-07-31,Call,12.0,2.055,,True
2026-07-10,UUUUG312601250.U^G26,UUUU,2026-07-31,Call,12.5,1.66,1.65,True
2026-07-10,UUUUG312601300.U^G26,UUUU,2026-07-31,Call,13.0,1.35,1.34,True
2026-07-10,UUUUG312601350.U^G26,UUUU,2026-07-31,Call,13.5,0.99,1.0,True
2026-07-10,UUUUG312601400.U^G26,UUUU,2026-07-31,Call,14.0,0.81,0.88,True
2026-07-10,UUUUG312601450.U^G26,UUUU,2026-07-31,Call,14.5,0.62,0.7,True
2026-07-10,UUUUG312601500.U^G26,UUUU,2026-07-31,Call,15.0,0.485,0.48,True
2026-07-10,UUUUG312601550.U^G26,UUUU,2026-07-31,Call,15.5,0.355,0.35,True
2026-07-10,UUUUG312601600.U^G26,UUUU,2026-07-31,Call,16.0,0.27,0.32,True
2026-07-10,UUUUG312601650.U^G26,UUUU,2026-07-31,Call,16.5,0.185,0.21,True
2026-07-10,UUUUG312601700.U^G26,UUUU,2026-07-31,Call,17.0,0.145,0.15,True
2026-07-10,UUUUG312601750.U^G26,UUUU,2026-07-31,Call,17.5,0.125,,True
2026-07-10,UUUUG312601800.U^G26,UUUU,2026-07-31,Call,18.0,,0.1,True
2026-07-10,UUUUG312601850.U^G26,UUUU,2026-07-31,Call,18.5,0.08,,True
2026-07-10,UUUUH072601050.U^H26,UUUU,2026-08-07,Call,10.5,3.35,,True
2026-07-10,UUUUH072601100.U^H26,UUUU,2026-08-07,Call,11.0,2.905,,True
2026-07-10,UUUUH072601150.U^H26,UUUU,2026-08-07,Call,11.5,2.48,,True
2026-07-10,UUUUH072601200.U^H26,UUUU,2026-08-07,Call,12.0,2.14,,True
2026-07-10,UUUUH072601250.U^H26,UUUU,2026-08-07,Call,12.5,1.82,,True
2026-07-10,UUUUH072601300.U^H26,UUUU,2026-08-07,Call,13.0,1.465,1.45,True
2026-07-10,UUUUH072601350.U^H26,UUUU,2026-08-07,Call,13.5,1.2,1.26,True
2026-07-10,UUUUH072601400.U^H26,UUUU,2026-08-07,Call,14.0,0.975,1.03,True
2026-07-10,UUUUH072601450.U^H26,UUUU,2026-08-07,Call,14.5,0.785,0.85,True
2026-07-10,UUUUH072601500.U^H26,UUUU,2026-08-07,Call,15.0,0.645,0.65,True
2026-07-10,UUUUH072601550.U^H26,UUUU,2026-08-07,Call,15.5,0.5,0.54,True
2026-07-10,UUUUH072601600.U^H26,UUUU,2026-08-07,Call,16.0,0.4,0.42,True
2026-07-10,UUUUH072601650.U^H26,UUUU,2026-08-07,Call,16.5,0.31,,True
2026-07-10,UUUUH072601700.U^H26,UUUU,2026-08-07,Call,17.0,0.25,0.25,True
2026-07-10,UUUUH072601750.U^H26,UUUU,2026-08-07,Call,17.5,0.275,,True
2026-07-10,UUUUH072601800.U^H26,UUUU,2026-08-07,Call,18.0,0.105,0.15,True
2026-07-10,UUUUH072601850.U^H26,UUUU,2026-08-07,Call,18.5,0.12,0.12,True
2026-07-10,UUUUH142601050.U^H26,UUUU,2026-08-14,Call,10.5,3.4,,True
2026-07-10,UUUUH142601100.U^H26,UUUU,2026-08-14,Call,11.0,2.98,,True
2026-07-10,UUUUH142601150.U^H26,UUUU,2026-08-14,Call,11.5,2.65,,True
2026-07-10,UUUUH142601200.U^H26,UUUU,2026-08-14,Call,12.0,2.28,,True
2026-07-10,UUUUH142601250.U^H26,UUUU,2026-08-14,Call,12.5,1.985,,True
2026-07-10,UUUUH142601300.U^H26,UUUU,2026-08-14,Call,13.0,1.665,,True
2026-07-10,UUUUH142601350.U^H26,UUUU,2026-08-14,Call,13.5,1.4,1.44,True
2026-07-10,UUUUH142601400.U^H26,UUUU,2026-08-14,Call,14.0,1.125,1.21,True
2026-07-10,UUUUH142601450.U^H26,UUUU,2026-08-14,Call,14.5,0.99,0.96,True
2026-07-10,UUUUH142601500.U^H26,UUUU,2026-08-14,Call,15.0,0.83,0.87,True
2026-07-10,UUUUH142601550.U^H26,UUUU,2026-08-14,Call,15.5,0.66,0.78,True
2026-07-10,UUUUH142601600.U^H26,UUUU,2026-08-14,Call,16.0,0.555,0.56,True
2026-07-10,UUUUH142601650.U^H26,UUUU,2026-08-14,Call,16.5,0.505,0.46,True
2026-07-10,UUUUH142601700.U^H26,UUUU,2026-08-14,Call,17.0,0.345,0.38,True
2026-07-10,UUUUH142601750.U^H26,UUUU,2026-08-14,Call,17.5,0.345,,True
2026-07-10,UUUUH142601800.U^H26,UUUU,2026-08-14,Call,18.0,0.185,0.25,True
2026-07-10,UUUUH142601850.U^H26,UUUU,2026-08-14,Call,18.5,0.26,0.26,True
2026-07-10,UUUUH212601050.U^H26,UUUU,2026-08-21,Call,10.5,,,False
2026-07-10,UUUUH212601100.U^H26,UUUU,2026-08-21,Call,11.0,3.105,,True
2026-07-10,UUUUH212601150.U^H26,UUUU,2026-08-21,Call,11.5,,,False
2026-07-10,UUUUH212601200.U^H26,UUUU,2026-08-21,Call,12.0,2.455,2.35,True
2026-07-10,UUUUH212601250.U^H26,UUUU,2026-08-21,Call,12.5,,,False
2026-07-10,UUUUH212601300.U^H26,UUUU,2026-08-21,Call,13.0,1.725,1.78,True
2026-07-10,UUUUH212601350.U^H26,UUUU,2026-08-21,Call,13.5,,,False
2026-07-10,UUUUH212601400.U^H26,UUUU,2026-08-21,Call,14.0,1.25,1.26,True
2026-07-10,UUUUH212601450.U^H26,UUUU,2026-08-21,Call,14.5,,,False
2026-07-10,UUUUH212601500.U^H26,UUUU,2026-08-21,Call,15.0,0.885,0.93,True
2026-07-10,UUUUH212601550.U^H26,UUUU,2026-08-21,Call,15.5,,,False
2026-07-10,UUUUH212601600.U^H26,UUUU,2026-08-21,Call,16.0,0.62,0.63,True
2026-07-10,UUUUH212601650.U^H26,UUUU,2026-08-21,Call,16.5,,,False
2026-07-10,UUUUH212601700.U^H26,UUUU,2026-08-21,Call,17.0,0.43,0.45,True
2026-07-10,UUUUH212601750.U^H26,UUUU,2026-08-21,Call,17.5,,,False
2026-07-10,UUUUH212601800.U^H26,UUUU,2026-08-21,Call,18.0,0.31,0.31,True
2026-07-10,UUUUH212601850.U^H26,UUUU,2026-08-21,Call,18.5,,,False
2026-07-10,UUUUH282601050.U^H26,UUUU,2026-08-28,Call,10.5,3.525,,True
2026-07-10,UUUUH282601100.U^H26,UUUU,2026-08-28,Call,11.0,3.23,3.61,True
2026-07-10,UUUUH282601150.U^H26,UUUU,2026-08-28,Call,11.5,2.86,,True
2026-07-10,UUUUH282601200.U^H26,UUUU,2026-08-28,Call,12.0,2.465,,True
2026-07-10,UUUUH282601250.U^H26,UUUU,2026-08-28,Call,12.5,2.205,2.16,True
2026-07-10,UUUUH282601300.U^H26,UUUU,2026-08-28,Call,13.0,1.94,,True
2026-07-10,UUUUH282601350.U^H26,UUUU,2026-08-28,Call,13.5,1.7,,True
2026-07-10,UUUUH282601400.U^H26,UUUU,2026-08-28,Call,14.0,1.37,1.46,True
2026-07-10,UUUUH282601450.U^H26,UUUU,2026-08-28,Call,14.5,1.25,,True
2026-07-10,UUUUH282601500.U^H26,UUUU,2026-08-28,Call,15.0,1.06,1.26,True
2026-07-10,UUUUH282601550.U^H26,UUUU,2026-08-28,Call,15.5,0.92,0.92,True
2026-07-10,UUUUH282601600.U^H26,UUUU,2026-08-28,Call,16.0,0.77,0.73,True
2026-07-10,UUUUH282601650.U^H26,UUUU,2026-08-28,Call,16.5,0.72,,True
2026-07-10,UUUUH282601700.U^H26,UUUU,2026-08-28,Call,17.0,0.59,0.63,True
2026-07-10,UUUUH282601750.U^H26,UUUU,2026-08-28,Call,17.5,0.475,,True
2026-07-10,UUUUH282601800.U^H26,UUUU,2026-08-28,Call,18.0,0.365,0.43,True
2026-07-10,UUUUH282601850.U^H26,UUUU,2026-08-28,Call,18.5,0.405,,True
2026-07-10,UUUUI042601050.U^I26,UUUU,2026-09-04,Call,10.5,,,False
2026-07-10,UUUUI042601100.U^I26,UUUU,2026-09-04,Call,11.0,,,False
2026-07-10,UUUUI042601150.U^I26,UUUU,2026-09-04,Call,11.5,,,False
2026-07-10,UUUUI042601200.U^I26,UUUU,2026-09-04,Call,12.0,,,False
2026-07-10,UUUUI042601250.U^I26,UUUU,2026-09-04,Call,12.5,,,False
2026-07-10,UUUUI042601300.U^I26,UUUU,2026-09-04,Call,13.0,,,False
2026-07-10,UUUUI042601350.U^I26,UUUU,2026-09-04,Call,13.5,,,False
2026-07-10,UUUUI042601400.U^I26,UUUU,2026-09-04,Call,14.0,,,False
2026-07-10,UUUUI042601450.U^I26,UUUU,2026-09-04,Call,14.5,,,False
2026-07-10,UUUUI042601500.U^I26,UUUU,2026-09-04,Call,15.0,,,False
2026-07-10,UUUUI042601550.U^I26,UUUU,2026-09-04,Call,15.5,,,False
2026-07-10,UUUUI042601600.U^I26,UUUU,2026-09-04,Call,16.0,,,False
2026-07-10,UUUUI042601650.U^I26,UUUU,2026-09-04,Call,16.5,,,False
2026-07-10,UUUUI042601700.U^I26,UUUU,2026-09-04,Call,17.0,,,False
2026-07-10,UUUUI042601750.U^I26,UUUU,2026-09-04,Call,17.5,,,False
2026-07-10,UUUUI042601800.U^I26,UUUU,2026-09-04,Call,18.0,,,False
2026-07-10,UUUUI042601850.U^I26,UUUU,2026-09-04,Call,18.5,,,False
2026-07-10,UUUUS102601100.U^G26,UUUU,2026-07-10,Put,11.0,,,True
2026-07-10,UUUUS102601150.U^G26,UUUU,2026-07-10,Put,11.5,,,True
2026-07-10,UUUUS102601200.U^G26,UUUU,2026-07-10,Put,12.0,,0.02,True
2026-07-10,UUUUS102601250.U^G26,UUUU,2026-07-10,Put,12.5,,0.01,True
2026-07-10,UUUUS102601300.U^G26,UUUU,2026-07-10,Put,13.0,,0.01,True
2026-07-10,UUUUS102601350.U^G26,UUUU,2026-07-10,Put,13.5,,0.03,True
2026-07-10,UUUUS102601400.U^G26,UUUU,2026-07-10,Put,14.0,0.365,0.44,True
2026-07-10,UUUUS102601450.U^G26,UUUU,2026-07-10,Put,14.5,0.835,0.82,True
2026-07-10,UUUUS102601500.U^G26,UUUU,2026-07-10,Put,15.0,1.335,1.28,True
2026-07-10,UUUUS102601550.U^G26,UUUU,2026-07-10,Put,15.5,1.85,1.29,True
2026-07-10,UUUUS102601600.U^G26,UUUU,2026-07-10,Put,16.0,2.365,2.36,True
2026-07-10,UUUUS102601650.U^G26,UUUU,2026-07-10,Put,16.5,2.81,,True
2026-07-10,UUUUS102601700.U^G26,UUUU,2026-07-10,Put,17.0,3.45,3.14,True
2026-07-10,UUUUS102601750.U^G26,UUUU,2026-07-10,Put,17.5,3.85,,True
2026-07-10,UUUUS102601800.U^G26,UUUU,2026-07-10,Put,18.0,4.4,,True
2026-07-10,UUUUS102601850.U^G26,UUUU,2026-07-10,Put,18.5,4.625,,True
2026-07-10,UUUUS172601100.U^G26,UUUU,2026-07-17,Put,11.0,,0.02,True
2026-07-10,UUUUS172601150.U^G26,UUUU,2026-07-17,Put,11.5,,0.05,True
2026-07-10,UUUUS172601200.U^G26,UUUU,2026-07-17,Put,12.0,0.06,0.07,True
2026-07-10,UUUUS172601250.U^G26,UUUU,2026-07-17,Put,12.5,0.13,0.14,True
2026-07-10,UUUUS172601300.U^G26,UUUU,2026-07-17,Put,13.0,0.25,0.25,True
2026-07-10,UUUUS172601350.U^G26,UUUU,2026-07-17,Put,13.5,0.445,0.45,True
2026-07-10,UUUUS172601400.U^G26,UUUU,2026-07-17,Put,14.0,0.74,0.67,True
2026-07-10,UUUUS172601450.U^G26,UUUU,2026-07-17,Put,14.5,1.12,1.04,True
2026-07-10,UUUUS172601500.U^G26,UUUU,2026-07-17,Put,15.0,1.47,1.42,True
2026-07-10,UUUUS172601550.U^G26,UUUU,2026-07-17,Put,15.5,1.93,,True
2026-07-10,UUUUS172601600.U^G26,UUUU,2026-07-17,Put,16.0,2.41,2.4,True
2026-07-10,UUUUS172601650.U^G26,UUUU,2026-07-17,Put,16.5,2.885,2.86,True
2026-07-10,UUUUS172601700.U^G26,UUUU,2026-07-17,Put,17.0,3.45,3.35,True
2026-07-10,UUUUS172601750.U^G26,UUUU,2026-07-17,Put,17.5,3.8,3.5,True
2026-07-10,UUUUS172601800.U^G26,UUUU,2026-07-17,Put,18.0,4.375,4.37,True
2026-07-10,UUUUS172601850.U^G26,UUUU,2026-07-17,Put,18.5,4.85,4.72,True
2026-07-10,UUUUS242601050.U^G26,UUUU,2026-07-24,Put,10.5,,,False
2026-07-10,UUUUS242601100.U^G26,UUUU,2026-07-24,Put,11.0,0.08,,True
2026-07-10,UUUUS242601150.U^G26,UUUU,2026-07-24,Put,11.5,0.125,0.17,True
2026-07-10,UUUUS242601200.U^G26,UUUU,2026-07-24,Put,12.0,0.19,0.2,True
2026-07-10,UUUUS242601250.U^G26,UUUU,2026-07-24,Put,12.5,0.335,0.34,True
2026-07-10,UUUUS242601300.U^G26,UUUU,2026-07-24,Put,13.0,0.495,0.48,True
2026-07-10,UUUUS242601350.U^G26,UUUU,2026-07-24,Put,13.5,0.685,0.67,True
2026-07-10,UUUUS242601400.U^G26,UUUU,2026-07-24,Put,14.0,1.005,0.97,True
2026-07-10,UUUUS242601450.U^G26,UUUU,2026-07-24,Put,14.5,1.345,1.26,True
2026-07-10,UUUUS242601500.U^G26,UUUU,2026-07-24,Put,15.0,1.65,1.71,True
2026-07-10,UUUUS242601550.U^G26,UUUU,2026-07-24,Put,15.5,2.05,,True
2026-07-10,UUUUS242601600.U^G26,UUUU,2026-07-24,Put,16.0,2.475,2.49,True
2026-07-10,UUUUS242601650.U^G26,UUUU,2026-07-24,Put,16.5,2.935,2.93,True
2026-07-10,UUUUS242601700.U^G26,UUUU,2026-07-24,Put,17.0,3.525,3.4,True
2026-07-10,UUUUS242601750.U^G26,UUUU,2026-07-24,Put,17.5,3.95,3.8,True
2026-07-10,UUUUS242601800.U^G26,UUUU,2026-07-24,Put,18.0,4.45,4.13,True
2026-07-10,UUUUS242601850.U^G26,UUUU,2026-07-24,Put,18.5,4.925,4.95,True
2026-07-10,UUUUS312601050.U^G26,UUUU,2026-07-31,Put,10.5,0.125,0.14,True
2026-07-10,UUUUS312601100.U^G26,UUUU,2026-07-31,Put,11.0,0.19,0.15,True
2026-07-10,UUUUS312601150.U^G26,UUUU,2026-07-31,Put,11.5,0.21,0.21,True
2026-07-10,UUUUS312601200.U^G26,UUUU,2026-07-31,Put,12.0,0.32,0.33,True
2026-07-10,UUUUS312601250.U^G26,UUUU,2026-07-31,Put,12.5,0.47,0.47,True
2026-07-10,UUUUS312601300.U^G26,UUUU,2026-07-31,Put,13.0,0.72,0.65,True
2026-07-10,UUUUS312601350.U^G26,UUUU,2026-07-31,Put,13.5,0.94,0.87,True
2026-07-10,UUUUS312601400.U^G26,UUUU,2026-07-31,Put,14.0,1.195,1.23,True
2026-07-10,UUUUS312601450.U^G26,UUUU,2026-07-31,Put,14.5,1.51,1.5,True
2026-07-10,UUUUS312601500.U^G26,UUUU,2026-07-31,Put,15.0,1.9,1.8,True
2026-07-10,UUUUS312601550.U^G26,UUUU,2026-07-31,Put,15.5,2.185,2.01,True
2026-07-10,UUUUS312601600.U^G26,UUUU,2026-07-31,Put,16.0,2.61,2.57,True
2026-07-10,UUUUS312601650.U^G26,UUUU,2026-07-31,Put,16.5,3.04,2.99,True
2026-07-10,UUUUS312601700.U^G26,UUUU,2026-07-31,Put,17.0,3.55,,True
2026-07-10,UUUUS312601750.U^G26,UUUU,2026-07-31,Put,17.5,3.975,3.57,True
2026-07-10,UUUUS312601800.U^G26,UUUU,2026-07-31,Put,18.0,4.475,4.57,True
2026-07-10,UUUUS312601850.U^G26,UUUU,2026-07-31,Put,18.5,4.75,4.79,True
2026-07-10,UUUUT072601050.U^H26,UUUU,2026-08-07,Put,10.5,0.2,,True
2026-07-10,UUUUT072601100.U^H26,UUUU,2026-08-07,Put,11.0,0.27,0.19,True
2026-07-10,UUUUT072601150.U^H26,UUUU,2026-08-07,Put,11.5,0.345,0.33,True
2026-07-10,UUUUT072601200.U^H26,UUUU,2026-08-07,Put,12.0,0.46,0.4,True
2026-07-10,UUUUT072601250.U^H26,UUUU,2026-08-07,Put,12.5,0.64,0.63,True
2026-07-10,UUUUT072601300.U^H26,UUUU,2026-08-07,Put,13.0,0.845,0.82,True
2026-07-10,UUUUT072601350.U^H26,UUUU,2026-08-07,Put,13.5,1.07,1.05,True
2026-07-10,UUUUT072601400.U^H26,UUUU,2026-08-07,Put,14.0,1.355,1.36,True
2026-07-10,UUUUT072601450.U^H26,UUUU,2026-08-07,Put,14.5,1.66,,True
2026-07-10,UUUUT072601500.U^H26,UUUU,2026-08-07,Put,15.0,2.0,1.93,True
2026-07-10,UUUUT072601550.U^H26,UUUU,2026-08-07,Put,15.5,2.46,,True
2026-07-10,UUUUT072601600.U^H26,UUUU,2026-08-07,Put,16.0,2.72,2.38,True
2026-07-10,UUUUT072601650.U^H26,UUUU,2026-08-07,Put,16.5,3.115,,True
2026-07-10,UUUUT072601700.U^H26,UUUU,2026-08-07,Put,17.0,3.675,,True
2026-07-10,UUUUT072601750.U^H26,UUUU,2026-08-07,Put,17.5,4.05,,True
2026-07-10,UUUUT072601800.U^H26,UUUU,2026-08-07,Put,18.0,4.475,4.39,True
2026-07-10,UUUUT072601850.U^H26,UUUU,2026-08-07,Put,18.5,4.975,,True
2026-07-10,UUUUT142601050.U^H26,UUUU,2026-08-14,Put,10.5,0.275,,True
2026-07-10,UUUUT142601100.U^H26,UUUU,2026-08-14,Put,11.0,0.365,0.31,True
2026-07-10,UUUUT142601150.U^H26,UUUU,2026-08-14,Put,11.5,0.405,0.45,True
2026-07-10,UUUUT142601200.U^H26,UUUU,2026-08-14,Put,12.0,0.63,0.57,True
2026-07-10,UUUUT142601250.U^H26,UUUU,2026-08-14,Put,12.5,0.79,,True
2026-07-10,UUUUT142601300.U^H26,UUUU,2026-08-14,Put,13.0,1.03,0.95,True
2026-07-10,UUUUT142601350.U^H26,UUUU,2026-08-14,Put,13.5,1.285,1.2,True
2026-07-10,UUUUT142601400.U^H26,UUUU,2026-08-14,Put,14.0,1.53,1.59,True
2026-07-10,UUUUT142601450.U^H26,UUUU,2026-08-14,Put,14.5,1.83,,True
2026-07-10,UUUUT142601500.U^H26,UUUU,2026-08-14,Put,15.0,2.165,1.83,True
2026-07-10,UUUUT142601550.U^H26,UUUU,2026-08-14,Put,15.5,2.54,,True
2026-07-10,UUUUT142601600.U^H26,UUUU,2026-08-14,Put,16.0,2.92,2.91,True
2026-07-10,UUUUT142601650.U^H26,UUUU,2026-08-14,Put,16.5,3.22,,True
2026-07-10,UUUUT142601700.U^H26,UUUU,2026-08-14,Put,17.0,3.675,3.72,True
2026-07-10,UUUUT142601750.U^H26,UUUU,2026-08-14,Put,17.5,4.125,,True
2026-07-10,UUUUT142601800.U^H26,UUUU,2026-08-14,Put,18.0,4.625,4.52,True
2026-07-10,UUUUT142601850.U^H26,UUUU,2026-08-14,Put,18.5,5.025,,True
2026-07-10,UUUUT212601050.U^H26,UUUU,2026-08-21,Put,10.5,,,False
2026-07-10,UUUUT212601100.U^H26,UUUU,2026-08-21,Put,11.0,0.395,0.37,True
2026-07-10,UUUUT212601150.U^H26,UUUU,2026-08-21,Put,11.5,,,False
2026-07-10,UUUUT212601200.U^H26,UUUU,2026-08-21,Put,12.0,0.66,0.64,True
2026-07-10,UUUUT212601250.U^H26,UUUU,2026-08-21,Put,12.5,,,False
2026-07-10,UUUUT212601300.U^H26,UUUU,2026-08-21,Put,13.0,1.075,1.02,True
2026-07-10,UUUUT212601350.U^H26,UUUU,2026-08-21,Put,13.5,,,False
2026-07-10,UUUUT212601400.U^H26,UUUU,2026-08-21,Put,14.0,1.6,1.55,True
2026-07-10,UUUUT212601450.U^H26,UUUU,2026-08-21,Put,14.5,,,False
2026-07-10,UUUUT212601500.U^H26,UUUU,2026-08-21,Put,15.0,2.245,2.17,True
2026-07-10,UUUUT212601550.U^H26,UUUU,2026-08-21,Put,15.5,,,False
2026-07-10,UUUUT212601600.U^H26,UUUU,2026-08-21,Put,16.0,3.025,2.99,True
2026-07-10,UUUUT212601650.U^H26,UUUU,2026-08-21,Put,16.5,,,False
2026-07-10,UUUUT212601700.U^H26,UUUU,2026-08-21,Put,17.0,3.775,3.84,True
2026-07-10,UUUUT212601750.U^H26,UUUU,2026-08-21,Put,17.5,,,False
2026-07-10,UUUUT212601800.U^H26,UUUU,2026-08-21,Put,18.0,4.6,4.59,True
2026-07-10,UUUUT212601850.U^H26,UUUU,2026-08-21,Put,18.5,,,False
2026-07-10,UUUUT282601050.U^H26,UUUU,2026-08-28,Put,10.5,0.38,,True
2026-07-10,UUUUT282601100.U^H26,UUUU,2026-08-28,Put,11.0,0.51,,True
2026-07-10,UUUUT282601150.U^H26,UUUU,2026-08-28,Put,11.5,0.66,,True
2026-07-10,UUUUT282601200.U^H26,UUUU,2026-08-28,Put,12.0,0.765,,True
2026-07-10,UUUUT282601250.U^H26,UUUU,2026-08-28,Put,12.5,1.035,,True
2026-07-10,UUUUT282601300.U^H26,UUUU,2026-08-28,Put,13.0,1.28,1.28,True
2026-07-10,UUUUT282601350.U^H26,UUUU,2026-08-28,Put,13.5,1.505,,True
2026-07-10,UUUUT282601400.U^H26,UUUU,2026-08-28,Put,14.0,1.775,,True
2026-07-10,UUUUT282601450.U^H26,UUUU,2026-08-28,Put,14.5,2.015,1.99,True
2026-07-10,UUUUT282601500.U^H26,UUUU,2026-08-28,Put,15.0,2.43,2.4,True
2026-07-10,UUUUT282601550.U^H26,UUUU,2026-08-28,Put,15.5,2.785,,True
2026-07-10,UUUUT282601600.U^H26,UUUU,2026-08-28,Put,16.0,3.125,,True
2026-07-10,UUUUT282601650.U^H26,UUUU,2026-08-28,Put,16.5,3.45,,True
2026-07-10,UUUUT282601700.U^H26,UUUU,2026-08-28,Put,17.0,3.825,3.87,True
2026-07-10,UUUUT282601750.U^H26,UUUU,2026-08-28,Put,17.5,4.25,,True
2026-07-10,UUUUT282601800.U^H26,UUUU,2026-08-28,Put,18.0,4.725,,True
2026-07-10,UUUUT282601850.U^H26,UUUU,2026-08-28,Put,18.5,5.125,,True
2026-07-10,UUUUU042601050.U^I26,UUUU,2026-09-04,Put,10.5,,,False
2026-07-10,UUUUU042601100.U^I26,UUUU,2026-09-04,Put,11.0,,,False
2026-07-10,UUUUU042601150.U^I26,UUUU,2026-09-04,Put,11.5,,,False
2026-07-10,UUUUU042601200.U^I26,UUUU,2026-09-04,Put,12.0,,,False
2026-07-10,UUUUU042601250.U^I26,UUUU,2026-09-04,Put,12.5,,,False
2026-07-10,UUUUU042601300.U^I26,UUUU,2026-09-04,Put,13.0,,,False
2026-07-10,UUUUU042601350.U^I26,UUUU,2026-09-04,Put,13.5,,,False
2026-07-10,UUUUU042601400.U^I26,UUUU,2026-09-04,Put,14.0,,,False
2026-07-10,UUUUU042601450.U^I26,UUUU,2026-09-04,Put,14.5,,,False
2026-07-10,UUUUU042601500.U^I26,UUUU,2026-09-04,Put,15.0,,,False
2026-07-10,UUUUU042601550.U^I26,UUUU,2026-09-04,Put,15.5,,,False
2026-07-10,UUUUU042601600.U^I26,UUUU,2026-09-04,Put,16.0,,,False
2026-07-10,UUUUU042601650.U^I26,UUUU,2026-09-04,Put,16.5,,,False
2026-07-10,UUUUU042601700.U^I26,UUUU,2026-09-04,Put,17.0,,,False
2026-07-10,UUUUU042601750.U^I26,UUUU,2026-09-04,Put,17.5,,,False
2026-07-10,UUUUU042601800.U^I26,UUUU,2026-09-04,Put,18.0,,,False
2026-07-10,UUUUU042601850.U^I26,UUUU,2026-09-04,Put,18.5,,,False
2026-07-13,UUUUG172601100.U^G26,UUUU,2026-07-17,Call,11.0,2.115,2.27,True
2026-07-13,UUUUG172601150.U^G26,UUUU,2026-07-17,Call,11.5,1.66,,True
2026-07-13,UUUUG172601200.U^G26,UUUU,2026-07-17,Call,12.0,1.145,0.98,True
2026-07-13,UUUUG172601250.U^G26,UUUU,2026-07-17,Call,12.5,0.83,0.75,True
2026-07-13,UUUUG172601300.U^G26,UUUU,2026-07-17,Call,13.0,0.51,0.44,True
2026-07-13,UUUUG172601350.U^G26,UUUU,2026-07-17,Call,13.5,0.29,0.23,True
2026-07-13,UUUUG172601400.U^G26,UUUU,2026-07-17,Call,14.0,0.14,0.13,True
2026-07-13,UUUUG172601450.U^G26,UUUU,2026-07-17,Call,14.5,0.065,0.05,True
2026-07-13,UUUUG172601500.U^G26,UUUU,2026-07-17,Call,15.0,0.025,0.03,True
2026-07-13,UUUUG172601550.U^G26,UUUU,2026-07-17,Call,15.5,0.02,0.02,True
2026-07-13,UUUUG172601600.U^G26,UUUU,2026-07-17,Call,16.0,,0.01,True
2026-07-13,UUUUG172601650.U^G26,UUUU,2026-07-17,Call,16.5,,,True
2026-07-13,UUUUG172601700.U^G26,UUUU,2026-07-17,Call,17.0,,0.01,True
2026-07-13,UUUUG172601750.U^G26,UUUU,2026-07-17,Call,17.5,,0.01,True
2026-07-13,UUUUG172601800.U^G26,UUUU,2026-07-17,Call,18.0,,0.01,True
2026-07-13,UUUUG172601850.U^G26,UUUU,2026-07-17,Call,18.5,,0.01,True
2026-07-13,UUUUG242601050.U^G26,UUUU,2026-07-24,Call,10.5,2.685,,True
2026-07-13,UUUUG242601100.U^G26,UUUU,2026-07-24,Call,11.0,2.17,,True
2026-07-13,UUUUG242601150.U^G26,UUUU,2026-07-24,Call,11.5,1.76,,True
2026-07-13,UUUUG242601200.U^G26,UUUU,2026-07-24,Call,12.0,1.34,,True
2026-07-13,UUUUG242601250.U^G26,UUUU,2026-07-24,Call,12.5,1.045,,True
2026-07-13,UUUUG242601300.U^G26,UUUU,2026-07-24,Call,13.0,0.76,0.75,True
2026-07-13,UUUUG242601350.U^G26,UUUU,2026-07-24,Call,13.5,0.52,0.47,True
2026-07-13,UUUUG242601400.U^G26,UUUU,2026-07-24,Call,14.0,0.365,0.37,True
2026-07-13,UUUUG242601450.U^G26,UUUU,2026-07-24,Call,14.5,0.235,0.23,True
2026-07-13,UUUUG242601500.U^G26,UUUU,2026-07-24,Call,15.0,0.155,0.15,True
2026-07-13,UUUUG242601550.U^G26,UUUU,2026-07-24,Call,15.5,0.135,0.1,True
2026-07-13,UUUUG242601600.U^G26,UUUU,2026-07-24,Call,16.0,0.07,0.06,True
2026-07-13,UUUUG242601650.U^G26,UUUU,2026-07-24,Call,16.5,0.06,0.04,True
2026-07-13,UUUUG242601700.U^G26,UUUU,2026-07-24,Call,17.0,,0.03,True
2026-07-13,UUUUG242601750.U^G26,UUUU,2026-07-24,Call,17.5,,,True
2026-07-13,UUUUG242601800.U^G26,UUUU,2026-07-24,Call,18.0,,0.02,True
2026-07-13,UUUUG242601850.U^G26,UUUU,2026-07-24,Call,18.5,,,True
2026-07-13,UUUUG312601050.U^G26,UUUU,2026-07-31,Call,10.5,2.765,,True
2026-07-13,UUUUG312601100.U^G26,UUUU,2026-07-31,Call,11.0,2.25,,True
2026-07-13,UUUUG312601150.U^G26,UUUU,2026-07-31,Call,11.5,1.875,,True
2026-07-13,UUUUG312601200.U^G26,UUUU,2026-07-31,Call,12.0,1.56,1.54,True
2026-07-13,UUUUG312601250.U^G26,UUUU,2026-07-31,Call,12.5,1.22,,True
2026-07-13,UUUUG312601300.U^G26,UUUU,2026-07-31,Call,13.0,0.945,0.95,True
2026-07-13,UUUUG312601350.U^G26,UUUU,2026-07-31,Call,13.5,0.725,,True
2026-07-13,UUUUG312601400.U^G26,UUUU,2026-07-31,Call,14.0,0.565,0.52,True
2026-07-13,UUUUG312601450.U^G26,UUUU,2026-07-31,Call,14.5,0.42,0.4,True
2026-07-13,UUUUG312601500.U^G26,UUUU,2026-07-31,Call,15.0,0.3,0.3,True
2026-07-13,UUUUG312601550.U^G26,UUUU,2026-07-31,Call,15.5,0.215,0.2,True
2026-07-13,UUUUG312601600.U^G26,UUUU,2026-07-31,Call,16.0,0.17,0.16,True
2026-07-13,UUUUG312601650.U^G26,UUUU,2026-07-31,Call,16.5,0.13,0.11,True
2026-07-13,UUUUG312601700.U^G26,UUUU,2026-07-31,Call,17.0,0.07,0.07,True
2026-07-13,UUUUG312601750.U^G26,UUUU,2026-07-31,Call,17.5,,0.06,True
2026-07-13,UUUUG312601800.U^G26,UUUU,2026-07-31,Call,18.0,0.06,0.03,True
2026-07-13,UUUUG312601850.U^G26,UUUU,2026-07-31,Call,18.5,,,True
2026-07-13,UUUUH072601050.U^H26,UUUU,2026-08-07,Call,10.5,2.855,,True
2026-07-13,UUUUH072601100.U^H26,UUUU,2026-08-07,Call,11.0,2.425,,True
2026-07-13,UUUUH072601150.U^H26,UUUU,2026-08-07,Call,11.5,2.05,,True
2026-07-13,UUUUH072601200.U^H26,UUUU,2026-08-07,Call,12.0,1.73,,True
2026-07-13,UUUUH072601250.U^H26,UUUU,2026-08-07,Call,12.5,1.435,,True
2026-07-13,UUUUH072601300.U^H26,UUUU,2026-08-07,Call,13.0,1.14,1.04,True
2026-07-13,UUUUH072601350.U^H26,UUUU,2026-08-07,Call,13.5,0.91,0.95,True
2026-07-13,UUUUH072601400.U^H26,UUUU,2026-08-07,Call,14.0,0.79,0.81,True
2026-07-13,UUUUH072601450.U^H26,UUUU,2026-08-07,Call,14.5,0.57,0.57,True
2026-07-13,UUUUH072601500.U^H26,UUUU,2026-08-07,Call,15.0,0.455,0.44,True
2026-07-13,UUUUH072601550.U^H26,UUUU,2026-08-07,Call,15.5,0.4,0.34,True
2026-07-13,UUUUH072601600.U^H26,UUUU,2026-08-07,Call,16.0,0.28,0.26,True
2026-07-13,UUUUH072601650.U^H26,UUUU,2026-08-07,Call,16.5,0.2,0.23,True
2026-07-13,UUUUH072601700.U^H26,UUUU,2026-08-07,Call,17.0,0.17,0.16,True
2026-07-13,UUUUH072601750.U^H26,UUUU,2026-08-07,Call,17.5,0.16,,True
2026-07-13,UUUUH072601800.U^H26,UUUU,2026-08-07,Call,18.0,0.11,0.13,True
2026-07-13,UUUUH072601850.U^H26,UUUU,2026-08-07,Call,18.5,0.07,,True
2026-07-13,UUUUH142601050.U^H26,UUUU,2026-08-14,Call,10.5,2.86,,True
2026-07-13,UUUUH142601100.U^H26,UUUU,2026-08-14,Call,11.0,2.52,,True
2026-07-13,UUUUH142601150.U^H26,UUUU,2026-08-14,Call,11.5,2.08,,True
2026-07-13,UUUUH142601200.U^H26,UUUU,2026-08-14,Call,12.0,1.83,,True
2026-07-13,UUUUH142601250.U^H26,UUUU,2026-08-14,Call,12.5,1.555,,True
2026-07-13,UUUUH142601300.U^H26,UUUU,2026-08-14,Call,13.0,1.305,1.4,True
2026-07-13,UUUUH142601350.U^H26,UUUU,2026-08-14,Call,13.5,1.13,1.08,True
2026-07-13,UUUUH142601400.U^H26,UUUU,2026-08-14,Call,14.0,0.885,0.84,True
2026-07-13,UUUUH142601450.U^H26,UUUU,2026-08-14,Call,14.5,0.725,0.71,True
2026-07-13,UUUUH142601500.U^H26,UUUU,2026-08-14,Call,15.0,0.595,0.58,True
2026-07-13,UUUUH142601550.U^H26,UUUU,2026-08-14,Call,15.5,0.51,,True
2026-07-13,UUUUH142601600.U^H26,UUUU,2026-08-14,Call,16.0,0.435,0.36,True
2026-07-13,UUUUH142601650.U^H26,UUUU,2026-08-14,Call,16.5,0.325,0.27,True
2026-07-13,UUUUH142601700.U^H26,UUUU,2026-08-14,Call,17.0,0.225,0.22,True
2026-07-13,UUUUH142601750.U^H26,UUUU,2026-08-14,Call,17.5,0.255,,True
2026-07-13,UUUUH142601800.U^H26,UUUU,2026-08-14,Call,18.0,0.155,0.15,True
2026-07-13,UUUUH142601850.U^H26,UUUU,2026-08-14,Call,18.5,0.145,,True
2026-07-13,UUUUH212601050.U^H26,UUUU,2026-08-21,Call,10.5,,,False
2026-07-13,UUUUH212601100.U^H26,UUUU,2026-08-21,Call,11.0,2.595,2.57,True
2026-07-13,UUUUH212601150.U^H26,UUUU,2026-08-21,Call,11.5,,,False
2026-07-13,UUUUH212601200.U^H26,UUUU,2026-08-21,Call,12.0,2.005,2.0,True
2026-07-13,UUUUH212601250.U^H26,UUUU,2026-08-21,Call,12.5,,,False
2026-07-13,UUUUH212601300.U^H26,UUUU,2026-08-21,Call,13.0,1.41,1.38,True
2026-07-13,UUUUH212601350.U^H26,UUUU,2026-08-21,Call,13.5,,,False
2026-07-13,UUUUH212601400.U^H26,UUUU,2026-08-21,Call,14.0,0.985,0.97,True
2026-07-13,UUUUH212601450.U^H26,UUUU,2026-08-21,Call,14.5,,,False
2026-07-13,UUUUH212601500.U^H26,UUUU,2026-08-21,Call,15.0,0.675,0.64,True
2026-07-13,UUUUH212601550.U^H26,UUUU,2026-08-21,Call,15.5,,,False
2026-07-13,UUUUH212601600.U^H26,UUUU,2026-08-21,Call,16.0,0.46,0.44,True
2026-07-13,UUUUH212601650.U^H26,UUUU,2026-08-21,Call,16.5,,,False
2026-07-13,UUUUH212601700.U^H26,UUUU,2026-08-21,Call,17.0,0.33,0.31,True
2026-07-13,UUUUH212601750.U^H26,UUUU,2026-08-21,Call,17.5,,,False
2026-07-13,UUUUH212601800.U^H26,UUUU,2026-08-21,Call,18.0,0.225,0.21,True
2026-07-13,UUUUH212601850.U^H26,UUUU,2026-08-21,Call,18.5,,,False
2026-07-13,UUUUH282601050.U^H26,UUUU,2026-08-28,Call,10.5,3.085,,True
2026-07-13,UUUUH282601100.U^H26,UUUU,2026-08-28,Call,11.0,2.67,,True
2026-07-13,UUUUH282601150.U^H26,UUUU,2026-08-28,Call,11.5,2.35,,True
2026-07-13,UUUUH282601200.U^H26,UUUU,2026-08-28,Call,12.0,2.06,,True
2026-07-13,UUUUH282601250.U^H26,UUUU,2026-08-28,Call,12.5,1.805,1.95,True
2026-07-13,UUUUH282601300.U^H26,UUUU,2026-08-28,Call,13.0,1.565,1.6,True
2026-07-13,UUUUH282601350.U^H26,UUUU,2026-08-28,Call,13.5,1.35,,True
2026-07-13,UUUUH282601400.U^H26,UUUU,2026-08-28,Call,14.0,1.14,1.15,True
2026-07-13,UUUUH282601450.U^H26,UUUU,2026-08-28,Call,14.5,0.945,,True
2026-07-13,UUUUH282601500.U^H26,UUUU,2026-08-28,Call,15.0,0.8,0.83,True
2026-07-13,UUUUH282601550.U^H26,UUUU,2026-08-28,Call,15.5,0.675,0.7,True
2026-07-13,UUUUH282601600.U^H26,UUUU,2026-08-28,Call,16.0,0.565,0.63,True
2026-07-13,UUUUH282601650.U^H26,UUUU,2026-08-28,Call,16.5,0.53,,True
2026-07-13,UUUUH282601700.U^H26,UUUU,2026-08-28,Call,17.0,0.415,0.4,True
2026-07-13,UUUUH282601750.U^H26,UUUU,2026-08-28,Call,17.5,0.365,0.4,True
2026-07-13,UUUUH282601800.U^H26,UUUU,2026-08-28,Call,18.0,0.32,0.3,True
2026-07-13,UUUUH282601850.U^H26,UUUU,2026-08-28,Call,18.5,0.23,,True
2026-07-13,UUUUI042601050.U^I26,UUUU,2026-09-04,Call,10.5,,,False
2026-07-13,UUUUI042601100.U^I26,UUUU,2026-09-04,Call,11.0,,,False
2026-07-13,UUUUI042601150.U^I26,UUUU,2026-09-04,Call,11.5,,,False
2026-07-13,UUUUI042601200.U^I26,UUUU,2026-09-04,Call,12.0,,,False
2026-07-13,UUUUI042601250.U^I26,UUUU,2026-09-04,Call,12.5,,,False
2026-07-13,UUUUI042601300.U^I26,UUUU,2026-09-04,Call,13.0,,,False
2026-07-13,UUUUI042601350.U^I26,UUUU,2026-09-04,Call,13.5,,,False
2026-07-13,UUUUI042601400.U^I26,UUUU,2026-09-04,Call,14.0,,,False
2026-07-13,UUUUI042601450.U^I26,UUUU,2026-09-04,Call,14.5,,,False
2026-07-13,UUUUI042601500.U^I26,UUUU,2026-09-04,Call,15.0,,,False
2026-07-13,UUUUI042601550.U^I26,UUUU,2026-09-04,Call,15.5,,,False
2026-07-13,UUUUI042601600.U^I26,UUUU,2026-09-04,Call,16.0,,,False
2026-07-13,UUUUI042601650.U^I26,UUUU,2026-09-04,Call,16.5,,,False
2026-07-13,UUUUI042601700.U^I26,UUUU,2026-09-04,Call,17.0,,,False
2026-07-13,UUUUI042601750.U^I26,UUUU,2026-09-04,Call,17.5,,,False
2026-07-13,UUUUI042601800.U^I26,UUUU,2026-09-04,Call,18.0,,,False
2026-07-13,UUUUI042601850.U^I26,UUUU,2026-09-04,Call,18.5,,,False
2026-07-13,UUUUS172601100.U^G26,UUUU,2026-07-17,Put,11.0,0.02,0.03,True
2026-07-13,UUUUS172601150.U^G26,UUUU,2026-07-17,Put,11.5,0.045,0.05,True
2026-07-13,UUUUS172601200.U^G26,UUUU,2026-07-17,Put,12.0,0.125,0.12,True
2026-07-13,UUUUS172601250.U^G26,UUUU,2026-07-17,Put,12.5,0.23,0.26,True
2026-07-13,UUUUS172601300.U^G26,UUUU,2026-07-17,Put,13.0,0.43,0.44,True
2026-07-13,UUUUS172601350.U^G26,UUUU,2026-07-17,Put,13.5,0.705,0.79,True
2026-07-13,UUUUS172601400.U^G26,UUUU,2026-07-17,Put,14.0,1.085,1.15,True
2026-07-13,UUUUS172601450.U^G26,UUUU,2026-07-17,Put,14.5,1.515,1.5,True
2026-07-13,UUUUS172601500.U^G26,UUUU,2026-07-17,Put,15.0,2.005,2.08,True
2026-07-13,UUUUS172601550.U^G26,UUUU,2026-07-17,Put,15.5,2.48,2.46,True
2026-07-13,UUUUS172601600.U^G26,UUUU,2026-07-17,Put,16.0,3.01,3.0,True
2026-07-13,UUUUS172601650.U^G26,UUUU,2026-07-17,Put,16.5,3.5,3.43,True
2026-07-13,UUUUS172601700.U^G26,UUUU,2026-07-17,Put,17.0,4.025,3.79,True
2026-07-13,UUUUS172601750.U^G26,UUUU,2026-07-17,Put,17.5,4.525,4.31,True
2026-07-13,UUUUS172601800.U^G26,UUUU,2026-07-17,Put,18.0,4.95,4.87,True
2026-07-13,UUUUS172601850.U^G26,UUUU,2026-07-17,Put,18.5,5.375,5.45,True
2026-07-13,UUUUS242601050.U^G26,UUUU,2026-07-24,Put,10.5,0.11,,True
2026-07-13,UUUUS242601100.U^G26,UUUU,2026-07-24,Put,11.0,0.11,0.11,True
2026-07-13,UUUUS242601150.U^G26,UUUU,2026-07-24,Put,11.5,0.195,0.21,True
2026-07-13,UUUUS242601200.U^G26,UUUU,2026-07-24,Put,12.0,0.29,0.3,True
2026-07-13,UUUUS242601250.U^G26,UUUU,2026-07-24,Put,12.5,0.47,0.47,True
2026-07-13,UUUUS242601300.U^G26,UUUU,2026-07-24,Put,13.0,0.69,0.71,True
2026-07-13,UUUUS242601350.U^G26,UUUU,2026-07-24,Put,13.5,0.975,0.85,True
2026-07-13,UUUUS242601400.U^G26,UUUU,2026-07-24,Put,14.0,1.275,1.4,True
2026-07-13,UUUUS242601450.U^G26,UUUU,2026-07-24,Put,14.5,1.7,1.8,True
2026-07-13,UUUUS242601500.U^G26,UUUU,2026-07-24,Put,15.0,2.165,2.2,True
2026-07-13,UUUUS242601550.U^G26,UUUU,2026-07-24,Put,15.5,2.61,2.56,True
2026-07-13,UUUUS242601600.U^G26,UUUU,2026-07-24,Put,16.0,3.04,3.1,True
2026-07-13,UUUUS242601650.U^G26,UUUU,2026-07-24,Put,16.5,3.525,3.55,True
2026-07-13,UUUUS242601700.U^G26,UUUU,2026-07-24,Put,17.0,4.0,4.07,True
2026-07-13,UUUUS242601750.U^G26,UUUU,2026-07-24,Put,17.5,4.475,4.45,True
2026-07-13,UUUUS242601800.U^G26,UUUU,2026-07-24,Put,18.0,4.975,4.95,True
2026-07-13,UUUUS242601850.U^G26,UUUU,2026-07-24,Put,18.5,5.55,5.5,True
2026-07-13,UUUUS312601050.U^G26,UUUU,2026-07-31,Put,10.5,0.155,0.12,True
2026-07-13,UUUUS312601100.U^G26,UUUU,2026-07-31,Put,11.0,0.23,0.21,True
2026-07-13,UUUUS312601150.U^G26,UUUU,2026-07-31,Put,11.5,0.325,0.31,True
2026-07-13,UUUUS312601200.U^G26,UUUU,2026-07-31,Put,12.0,0.465,0.46,True
2026-07-13,UUUUS312601250.U^G26,UUUU,2026-07-31,Put,12.5,0.66,0.61,True
2026-07-13,UUUUS312601300.U^G26,UUUU,2026-07-31,Put,13.0,0.895,0.91,True
2026-07-13,UUUUS312601350.U^G26,UUUU,2026-07-31,Put,13.5,1.165,1.2,True
2026-07-13,UUUUS312601400.U^G26,UUUU,2026-07-31,Put,14.0,1.48,1.47,True
2026-07-13,UUUUS312601450.U^G26,UUUU,2026-07-31,Put,14.5,1.835,1.93,True
2026-07-13,UUUUS312601500.U^G26,UUUU,2026-07-31,Put,15.0,2.205,,True
2026-07-13,UUUUS312601550.U^G26,UUUU,2026-07-31,Put,15.5,2.615,2.64,True
2026-07-13,UUUUS312601600.U^G26,UUUU,2026-07-31,Put,16.0,3.11,3.15,True
2026-07-13,UUUUS312601650.U^G26,UUUU,2026-07-31,Put,16.5,3.525,3.63,True
2026-07-13,UUUUS312601700.U^G26,UUUU,2026-07-31,Put,17.0,4.025,4.02,True
2026-07-13,UUUUS312601750.U^G26,UUUU,2026-07-31,Put,17.5,4.275,,True
2026-07-13,UUUUS312601800.U^G26,UUUU,2026-07-31,Put,18.0,4.95,,True
2026-07-13,UUUUS312601850.U^G26,UUUU,2026-07-31,Put,18.5,5.4,5.38,True
2026-07-13,UUUUT072601050.U^H26,UUUU,2026-08-07,Put,10.5,0.245,0.19,True
2026-07-13,UUUUT072601100.U^H26,UUUU,2026-08-07,Put,11.0,0.295,,True
2026-07-13,UUUUT072601150.U^H26,UUUU,2026-08-07,Put,11.5,0.44,0.42,True
2026-07-13,UUUUT072601200.U^H26,UUUU,2026-08-07,Put,12.0,0.575,0.58,True
2026-07-13,UUUUT072601250.U^H26,UUUU,2026-08-07,Put,12.5,0.84,0.75,True
2026-07-13,UUUUT072601300.U^H26,UUUU,2026-08-07,Put,13.0,1.075,1.02,True
2026-07-13,UUUUT072601350.U^H26,UUUU,2026-08-07,Put,13.5,1.36,,True
2026-07-13,UUUUT072601400.U^H26,UUUU,2026-08-07,Put,14.0,1.67,1.67,True
2026-07-13,UUUUT072601450.U^H26,UUUU,2026-08-07,Put,14.5,2.015,1.87,True
2026-07-13,UUUUT072601500.U^H26,UUUU,2026-08-07,Put,15.0,2.375,2.32,True
2026-07-13,UUUUT072601550.U^H26,UUUU,2026-08-07,Put,15.5,2.875,2.72,True
2026-07-13,UUUUT072601600.U^H26,UUUU,2026-08-07,Put,16.0,3.2,3.15,True
2026-07-13,UUUUT072601650.U^H26,UUUU,2026-08-07,Put,16.5,3.65,3.7,True
2026-07-13,UUUUT072601700.U^H26,UUUU,2026-08-07,Put,17.0,4.125,4.09,True
2026-07-13,UUUUT072601750.U^H26,UUUU,2026-08-07,Put,17.5,4.575,4.58,True
2026-07-13,UUUUT072601800.U^H26,UUUU,2026-08-07,Put,18.0,5.05,,True
2026-07-13,UUUUT072601850.U^H26,UUUU,2026-08-07,Put,18.5,5.35,,True
2026-07-13,UUUUT142601050.U^H26,UUUU,2026-08-14,Put,10.5,0.26,0.26,True
2026-07-13,UUUUT142601100.U^H26,UUUU,2026-08-14,Put,11.0,0.4,0.42,True
2026-07-13,UUUUT142601150.U^H26,UUUU,2026-08-14,Put,11.5,0.55,0.51,True
2026-07-13,UUUUT142601200.U^H26,UUUU,2026-08-14,Put,12.0,0.74,0.75,True
2026-07-13,UUUUT142601250.U^H26,UUUU,2026-08-14,Put,12.5,0.985,0.91,True
2026-07-13,UUUUT142601300.U^H26,UUUU,2026-08-14,Put,13.0,1.15,1.2,True
2026-07-13,UUUUT142601350.U^H26,UUUU,2026-08-14,Put,13.5,1.505,1.38,True
2026-07-13,UUUUT142601400.U^H26,UUUU,2026-08-14,Put,14.0,1.78,1.73,True
2026-07-13,UUUUT142601450.U^H26,UUUU,2026-08-14,Put,14.5,2.14,2.0,True
2026-07-13,UUUUT142601500.U^H26,UUUU,2026-08-14,Put,15.0,2.505,,True
2026-07-13,UUUUT142601550.U^H26,UUUU,2026-08-14,Put,15.5,2.82,,True
2026-07-13,UUUUT142601600.U^H26,UUUU,2026-08-14,Put,16.0,3.3,3.2,True
2026-07-13,UUUUT142601650.U^H26,UUUU,2026-08-14,Put,16.5,3.725,3.79,True
2026-07-13,UUUUT142601700.U^H26,UUUU,2026-08-14,Put,17.0,4.15,4.15,True
2026-07-13,UUUUT142601750.U^H26,UUUU,2026-08-14,Put,17.5,4.575,,True
2026-07-13,UUUUT142601800.U^H26,UUUU,2026-08-14,Put,18.0,5.1,5.02,True
2026-07-13,UUUUT142601850.U^H26,UUUU,2026-08-14,Put,18.5,5.425,,True
2026-07-13,UUUUT212601050.U^H26,UUUU,2026-08-21,Put,10.5,,,False
2026-07-13,UUUUT212601100.U^H26,UUUU,2026-08-21,Put,11.0,0.46,0.49,True
2026-07-13,UUUUT212601150.U^H26,UUUU,2026-08-21,Put,11.5,,,False
2026-07-13,UUUUT212601200.U^H26,UUUU,2026-08-21,Put,12.0,0.8,0.83,True
2026-07-13,UUUUT212601250.U^H26,UUUU,2026-08-21,Put,12.5,,,False
2026-07-13,UUUUT212601300.U^H26,UUUU,2026-08-21,Put,13.0,1.255,1.25,True
2026-07-13,UUUUT212601350.U^H26,UUUU,2026-08-21,Put,13.5,,,False
2026-07-13,UUUUT212601400.U^H26,UUUU,2026-08-21,Put,14.0,1.905,1.85,True
2026-07-13,UUUUT212601450.U^H26,UUUU,2026-08-21,Put,14.5,,,False
2026-07-13,UUUUT212601500.U^H26,UUUU,2026-08-21,Put,15.0,2.595,2.57,True
2026-07-13,UUUUT212601550.U^H26,UUUU,2026-08-21,Put,15.5,,,False
2026-07-13,UUUUT212601600.U^H26,UUUU,2026-08-21,Put,16.0,3.35,3.32,True
2026-07-13,UUUUT212601650.U^H26,UUUU,2026-08-21,Put,16.5,,,False
2026-07-13,UUUUT212601700.U^H26,UUUU,2026-08-21,Put,17.0,4.25,4.3,True
2026-07-13,UUUUT212601750.U^H26,UUUU,2026-08-21,Put,17.5,,,False
2026-07-13,UUUUT212601800.U^H26,UUUU,2026-08-21,Put,18.0,5.15,5.07,True
2026-07-13,UUUUT212601850.U^H26,UUUU,2026-08-21,Put,18.5,,,False
2026-07-13,UUUUT282601050.U^H26,UUUU,2026-08-28,Put,10.5,0.46,,True
2026-07-13,UUUUT282601100.U^H26,UUUU,2026-08-28,Put,11.0,0.6,0.6,True
2026-07-13,UUUUT282601150.U^H26,UUUU,2026-08-28,Put,11.5,0.785,0.73,True
2026-07-13,UUUUT282601200.U^H26,UUUU,2026-08-28,Put,12.0,0.99,0.99,True
2026-07-13,UUUUT282601250.U^H26,UUUU,2026-08-28,Put,12.5,1.17,,True
2026-07-13,UUUUT282601300.U^H26,UUUU,2026-08-28,Put,13.0,1.405,1.34,True
2026-07-13,UUUUT282601350.U^H26,UUUU,2026-08-28,Put,13.5,1.69,,True
2026-07-13,UUUUT282601400.U^H26,UUUU,2026-08-28,Put,14.0,2.015,1.95,True
2026-07-13,UUUUT282601450.U^H26,UUUU,2026-08-28,Put,14.5,2.32,,True
2026-07-13,UUUUT282601500.U^H26,UUUU,2026-08-28,Put,15.0,2.705,2.65,True
2026-07-13,UUUUT282601550.U^H26,UUUU,2026-08-28,Put,15.5,3.075,,True
2026-07-13,UUUUT282601600.U^H26,UUUU,2026-08-28,Put,16.0,3.475,3.42,True
2026-07-13,UUUUT282601650.U^H26,UUUU,2026-08-28,Put,16.5,3.8,,True
2026-07-13,UUUUT282601700.U^H26,UUUU,2026-08-28,Put,17.0,4.225,,True
2026-07-13,UUUUT282601750.U^H26,UUUU,2026-08-28,Put,17.5,4.7,,True
2026-07-13,UUUUT282601800.U^H26,UUUU,2026-08-28,Put,18.0,5.125,,True
2026-07-13,UUUUT282601850.U^H26,UUUU,2026-08-28,Put,18.5,5.625,5.63,True
2026-07-13,UUUUU042601050.U^I26,UUUU,2026-09-04,Put,10.5,,,False
2026-07-13,UUUUU042601100.U^I26,UUUU,2026-09-04,Put,11.0,,,False
2026-07-13,UUUUU042601150.U^I26,UUUU,2026-09-04,Put,11.5,,,False
2026-07-13,UUUUU042601200.U^I26,UUUU,2026-09-04,Put,12.0,,,False
2026-07-13,UUUUU042601250.U^I26,UUUU,2026-09-04,Put,12.5,,,False
2026-07-13,UUUUU042601300.U^I26,UUUU,2026-09-04,Put,13.0,,,False
2026-07-13,UUUUU042601350.U^I26,UUUU,2026-09-04,Put,13.5,,,False
2026-07-13,UUUUU042601400.U^I26,UUUU,2026-09-04,Put,14.0,,,False
2026-07-13,UUUUU042601450.U^I26,UUUU,2026-09-04,Put,14.5,,,False
2026-07-13,UUUUU042601500.U^I26,UUUU,2026-09-04,Put,15.0,,,False
2026-07-13,UUUUU042601550.U^I26,UUUU,2026-09-04,Put,15.5,,,False
2026-07-13,UUUUU042601600.U^I26,UUUU,2026-09-04,Put,16.0,,,False
2026-07-13,UUUUU042601650.U^I26,UUUU,2026-09-04,Put,16.5,,,False
2026-07-13,UUUUU042601700.U^I26,UUUU,2026-09-04,Put,17.0,,,False
2026-07-13,UUUUU042601750.U^I26,UUUU,2026-09-04,Put,17.5,,,False
2026-07-13,UUUUU042601800.U^I26,UUUU,2026-09-04,Put,18.0,,,False
2026-07-13,UUUUU042601850.U^I26,UUUU,2026-09-04,Put,18.5,,,False
2026-07-14,UUUUG172601100.U^G26,UUUU,2026-07-17,Call,11.0,2.3,2.25,True
2026-07-14,UUUUG172601150.U^G26,UUUU,2026-07-17,Call,11.5,1.815,2.01,True
2026-07-14,UUUUG172601200.U^G26,UUUU,2026-07-17,Call,12.0,1.295,1.31,True
2026-07-14,UUUUG172601250.U^G26,UUUU,2026-07-17,Call,12.5,0.955,,True
2026-07-14,UUUUG172601300.U^G26,UUUU,2026-07-17,Call,13.0,0.555,0.54,True
2026-07-14,UUUUG172601350.U^G26,UUUU,2026-07-17,Call,13.5,0.29,0.31,True
2026-07-14,UUUUG172601400.U^G26,UUUU,2026-07-17,Call,14.0,0.13,0.14,True
2026-07-14,UUUUG172601450.U^G26,UUUU,2026-07-17,Call,14.5,0.06,0.06,True
2026-07-14,UUUUG172601500.U^G26,UUUU,2026-07-17,Call,15.0,0.025,0.03,True
2026-07-14,UUUUG172601550.U^G26,UUUU,2026-07-17,Call,15.5,0.035,0.05,True
2026-07-14,UUUUG172601600.U^G26,UUUU,2026-07-17,Call,16.0,0.015,0.01,True
2026-07-14,UUUUG172601650.U^G26,UUUU,2026-07-17,Call,16.5,,0.01,True
2026-07-14,UUUUG172601700.U^G26,UUUU,2026-07-17,Call,17.0,,0.01,True
2026-07-14,UUUUG172601750.U^G26,UUUU,2026-07-17,Call,17.5,,,True
2026-07-14,UUUUG172601800.U^G26,UUUU,2026-07-17,Call,18.0,,0.01,True
2026-07-14,UUUUG172601850.U^G26,UUUU,2026-07-17,Call,18.5,,0.04,True
2026-07-14,UUUUG242601050.U^G26,UUUU,2026-07-24,Call,10.5,2.825,,True
2026-07-14,UUUUG242601100.U^G26,UUUU,2026-07-24,Call,11.0,2.47,,True
2026-07-14,UUUUG242601150.U^G26,UUUU,2026-07-24,Call,11.5,1.885,,True
2026-07-14,UUUUG242601200.U^G26,UUUU,2026-07-24,Call,12.0,1.52,,True
2026-07-14,UUUUG242601250.U^G26,UUUU,2026-07-24,Call,12.5,1.13,1.23,True
2026-07-14,UUUUG242601300.U^G26,UUUU,2026-07-24,Call,13.0,0.82,0.89,True
2026-07-14,UUUUG242601350.U^G26,UUUU,2026-07-24,Call,13.5,0.575,0.53,True
2026-07-14,UUUUG242601400.U^G26,UUUU,2026-07-24,Call,14.0,0.36,0.35,True
2026-07-14,UUUUG242601450.U^G26,UUUU,2026-07-24,Call,14.5,0.21,0.21,True
2026-07-14,UUUUG242601500.U^G26,UUUU,2026-07-24,Call,15.0,0.145,0.14,True
2026-07-14,UUUUG242601550.U^G26,UUUU,2026-07-24,Call,15.5,0.11,0.1,True
2026-07-14,UUUUG242601600.U^G26,UUUU,2026-07-24,Call,16.0,0.065,0.07,True
2026-07-14,UUUUG242601650.U^G26,UUUU,2026-07-24,Call,16.5,,0.04,True
2026-07-14,UUUUG242601700.U^G26,UUUU,2026-07-24,Call,17.0,,0.04,True
2026-07-14,UUUUG242601750.U^G26,UUUU,2026-07-24,Call,17.5,,,True
2026-07-14,UUUUG242601800.U^G26,UUUU,2026-07-24,Call,18.0,,,True
2026-07-14,UUUUG242601850.U^G26,UUUU,2026-07-24,Call,18.5,,,True
2026-07-14,UUUUG312601050.U^G26,UUUU,2026-07-31,Call,10.5,3.01,,True
2026-07-14,UUUUG312601100.U^G26,UUUU,2026-07-31,Call,11.0,2.41,,True
2026-07-14,UUUUG312601150.U^G26,UUUU,2026-07-31,Call,11.5,1.995,,True
2026-07-14,UUUUG312601200.U^G26,UUUU,2026-07-31,Call,12.0,1.725,,True
2026-07-14,UUUUG312601250.U^G26,UUUU,2026-07-31,Call,12.5,1.23,,True
2026-07-14,UUUUG312601300.U^G26,UUUU,2026-07-31,Call,13.0,0.895,1.13,True
2026-07-14,UUUUG312601350.U^G26,UUUU,2026-07-31,Call,13.5,0.76,0.99,True
2026-07-14,UUUUG312601400.U^G26,UUUU,2026-07-31,Call,14.0,0.53,0.59,True
2026-07-14,UUUUG312601450.U^G26,UUUU,2026-07-31,Call,14.5,0.42,0.44,True
2026-07-14,UUUUG312601500.U^G26,UUUU,2026-07-31,Call,15.0,0.29,0.29,True
2026-07-14,UUUUG312601550.U^G26,UUUU,2026-07-31,Call,15.5,0.15,0.21,True
2026-07-14,UUUUG312601600.U^G26,UUUU,2026-07-31,Call,16.0,0.16,0.15,True
2026-07-14,UUUUG312601650.U^G26,UUUU,2026-07-31,Call,16.5,0.07,0.09,True
2026-07-14,UUUUG312601700.U^G26,UUUU,2026-07-31,Call,17.0,0.055,0.09,True
2026-07-14,UUUUG312601750.U^G26,UUUU,2026-07-31,Call,17.5,0.085,0.05,True
2026-07-14,UUUUG312601800.U^G26,UUUU,2026-07-31,Call,18.0,,,True
2026-07-14,UUUUG312601850.U^G26,UUUU,2026-07-31,Call,18.5,,0.04,True
2026-07-14,UUUUH072601050.U^H26,UUUU,2026-08-07,Call,10.5,2.96,,True
2026-07-14,UUUUH072601100.U^H26,UUUU,2026-08-07,Call,11.0,2.525,,True
2026-07-14,UUUUH072601150.U^H26,UUUU,2026-08-07,Call,11.5,2.215,,True
2026-07-14,UUUUH072601200.U^H26,UUUU,2026-08-07,Call,12.0,1.725,,True
2026-07-14,UUUUH072601250.U^H26,UUUU,2026-08-07,Call,12.5,1.495,,True
2026-07-14,UUUUH072601300.U^H26,UUUU,2026-08-07,Call,13.0,1.215,1.16,True
2026-07-14,UUUUH072601350.U^H26,UUUU,2026-08-07,Call,13.5,0.995,0.95,True
2026-07-14,UUUUH072601400.U^H26,UUUU,2026-08-07,Call,14.0,0.745,0.9,True
2026-07-14,UUUUH072601450.U^H26,UUUU,2026-08-07,Call,14.5,0.62,0.62,True
2026-07-14,UUUUH072601500.U^H26,UUUU,2026-08-07,Call,15.0,0.445,0.45,True
2026-07-14,UUUUH072601550.U^H26,UUUU,2026-08-07,Call,15.5,0.39,0.5,True
2026-07-14,UUUUH072601600.U^H26,UUUU,2026-08-07,Call,16.0,0.275,0.31,True
2026-07-14,UUUUH072601650.U^H26,UUUU,2026-08-07,Call,16.5,0.23,0.23,True
2026-07-14,UUUUH072601700.U^H26,UUUU,2026-08-07,Call,17.0,0.16,0.17,True
2026-07-14,UUUUH072601750.U^H26,UUUU,2026-08-07,Call,17.5,0.11,,True
2026-07-14,UUUUH072601800.U^H26,UUUU,2026-08-07,Call,18.0,0.085,0.11,True
2026-07-14,UUUUH072601850.U^H26,UUUU,2026-08-07,Call,18.5,0.065,,True
2026-07-14,UUUUH142601050.U^H26,UUUU,2026-08-14,Call,10.5,3.025,,True
2026-07-14,UUUUH142601100.U^H26,UUUU,2026-08-14,Call,11.0,2.625,,True
2026-07-14,UUUUH142601150.U^H26,UUUU,2026-08-14,Call,11.5,2.33,,True
2026-07-14,UUUUH142601200.U^H26,UUUU,2026-08-14,Call,12.0,1.91,,True
2026-07-14,UUUUH142601250.U^H26,UUUU,2026-08-14,Call,12.5,1.645,,True
2026-07-14,UUUUH142601300.U^H26,UUUU,2026-08-14,Call,13.0,1.29,1.38,True
2026-07-14,UUUUH142601350.U^H26,UUUU,2026-08-14,Call,13.5,1.09,,True
2026-07-14,UUUUH142601400.U^H26,UUUU,2026-08-14,Call,14.0,0.87,1.05,True
2026-07-14,UUUUH142601450.U^H26,UUUU,2026-08-14,Call,14.5,0.705,0.67,True
2026-07-14,UUUUH142601500.U^H26,UUUU,2026-08-14,Call,15.0,0.6,0.6,True
2026-07-14,UUUUH142601550.U^H26,UUUU,2026-08-14,Call,15.5,0.475,0.49,True
2026-07-14,UUUUH142601600.U^H26,UUUU,2026-08-14,Call,16.0,0.33,0.47,True
2026-07-14,UUUUH142601650.U^H26,UUUU,2026-08-14,Call,16.5,0.32,0.36,True
2026-07-14,UUUUH142601700.U^H26,UUUU,2026-08-14,Call,17.0,0.325,0.27,True
2026-07-14,UUUUH142601750.U^H26,UUUU,2026-08-14,Call,17.5,0.135,,True
2026-07-14,UUUUH142601800.U^H26,UUUU,2026-08-14,Call,18.0,0.095,0.16,True
2026-07-14,UUUUH142601850.U^H26,UUUU,2026-08-14,Call,18.5,0.1,0.13,True
2026-07-14,UUUUH212601050.U^H26,UUUU,2026-08-21,Call,10.5,,,False
2026-07-14,UUUUH212601100.U^H26,UUUU,2026-08-21,Call,11.0,2.695,,True
2026-07-14,UUUUH212601150.U^H26,UUUU,2026-08-21,Call,11.5,,,False
2026-07-14,UUUUH212601200.U^H26,UUUU,2026-08-21,Call,12.0,2.055,2.08,True
2026-07-14,UUUUH212601250.U^H26,UUUU,2026-08-21,Call,12.5,,,False
2026-07-14,UUUUH212601300.U^H26,UUUU,2026-08-21,Call,13.0,1.485,1.46,True
2026-07-14,UUUUH212601350.U^H26,UUUU,2026-08-21,Call,13.5,,,False
2026-07-14,UUUUH212601400.U^H26,UUUU,2026-08-21,Call,14.0,1.03,1.0,True
2026-07-14,UUUUH212601450.U^H26,UUUU,2026-08-21,Call,14.5,,,False
2026-07-14,UUUUH212601500.U^H26,UUUU,2026-08-21,Call,15.0,0.71,0.71,True
2026-07-14,UUUUH212601550.U^H26,UUUU,2026-08-21,Call,15.5,,,False
2026-07-14,UUUUH212601600.U^H26,UUUU,2026-08-21,Call,16.0,0.455,0.49,True
2026-07-14,UUUUH212601650.U^H26,UUUU,2026-08-21,Call,16.5,,,False
2026-07-14,UUUUH212601700.U^H26,UUUU,2026-08-21,Call,17.0,0.33,0.33,True
2026-07-14,UUUUH212601750.U^H26,UUUU,2026-08-21,Call,17.5,,,False
2026-07-14,UUUUH212601800.U^H26,UUUU,2026-08-21,Call,18.0,0.215,0.23,True
2026-07-14,UUUUH212601850.U^H26,UUUU,2026-08-21,Call,18.5,,,False
2026-07-14,UUUUH282601050.U^H26,UUUU,2026-08-28,Call,10.5,3.185,,True
2026-07-14,UUUUH282601100.U^H26,UUUU,2026-08-28,Call,11.0,2.85,,True
2026-07-14,UUUUH282601150.U^H26,UUUU,2026-08-28,Call,11.5,2.495,,True
2026-07-14,UUUUH282601200.U^H26,UUUU,2026-08-28,Call,12.0,2.17,,True
2026-07-14,UUUUH282601250.U^H26,UUUU,2026-08-28,Call,12.5,1.825,,True
2026-07-14,UUUUH282601300.U^H26,UUUU,2026-08-28,Call,13.0,1.685,,True
2026-07-14,UUUUH282601350.U^H26,UUUU,2026-08-28,Call,13.5,1.435,1.45,True
2026-07-14,UUUUH282601400.U^H26,UUUU,2026-08-28,Call,14.0,1.225,1.25,True
2026-07-14,UUUUH282601450.U^H26,UUUU,2026-08-28,Call,14.5,1.045,,True
2026-07-14,UUUUH282601500.U^H26,UUUU,2026-08-28,Call,15.0,0.855,,True
2026-07-14,UUUUH282601550.U^H26,UUUU,2026-08-28,Call,15.5,0.77,,True
2026-07-14,UUUUH282601600.U^H26,UUUU,2026-08-28,Call,16.0,0.6,0.61,True
2026-07-14,UUUUH282601650.U^H26,UUUU,2026-08-28,Call,16.5,0.43,0.55,True
2026-07-14,UUUUH282601700.U^H26,UUUU,2026-08-28,Call,17.0,0.425,0.45,True
2026-07-14,UUUUH282601750.U^H26,UUUU,2026-08-28,Call,17.5,0.295,0.4,True
2026-07-14,UUUUH282601800.U^H26,UUUU,2026-08-28,Call,18.0,0.315,0.31,True
2026-07-14,UUUUH282601850.U^H26,UUUU,2026-08-28,Call,18.5,0.25,,True
2026-07-14,UUUUI042601050.U^I26,UUUU,2026-09-04,Call,10.5,,,False
2026-07-14,UUUUI042601100.U^I26,UUUU,2026-09-04,Call,11.0,,,False
2026-07-14,UUUUI042601150.U^I26,UUUU,2026-09-04,Call,11.5,,,False
2026-07-14,UUUUI042601200.U^I26,UUUU,2026-09-04,Call,12.0,,,False
2026-07-14,UUUUI042601250.U^I26,UUUU,2026-09-04,Call,12.5,,,False
2026-07-14,UUUUI042601300.U^I26,UUUU,2026-09-04,Call,13.0,,,False
2026-07-14,UUUUI042601350.U^I26,UUUU,2026-09-04,Call,13.5,,,False
2026-07-14,UUUUI042601400.U^I26,UUUU,2026-09-04,Call,14.0,,,False
2026-07-14,UUUUI042601450.U^I26,UUUU,2026-09-04,Call,14.5,,,False
2026-07-14,UUUUI042601500.U^I26,UUUU,2026-09-04,Call,15.0,,,False
2026-07-14,UUUUI042601550.U^I26,UUUU,2026-09-04,Call,15.5,,,False
2026-07-14,UUUUI042601600.U^I26,UUUU,2026-09-04,Call,16.0,,,False
2026-07-14,UUUUI042601650.U^I26,UUUU,2026-09-04,Call,16.5,,,False
2026-07-14,UUUUI042601700.U^I26,UUUU,2026-09-04,Call,17.0,,,False
2026-07-14,UUUUI042601750.U^I26,UUUU,2026-09-04,Call,17.5,,,False
2026-07-14,UUUUI042601800.U^I26,UUUU,2026-09-04,Call,18.0,,,False
2026-07-14,UUUUI042601850.U^I26,UUUU,2026-09-04,Call,18.5,,,False
2026-07-14,UUUUS172601100.U^G26,UUUU,2026-07-17,Put,11.0,,0.03,True
2026-07-14,UUUUS172601150.U^G26,UUUU,2026-07-17,Put,11.5,,0.03,True
2026-07-14,UUUUS172601200.U^G26,UUUU,2026-07-17,Put,12.0,0.075,0.09,True
2026-07-14,UUUUS172601250.U^G26,UUUU,2026-07-17,Put,12.5,0.13,0.13,True
2026-07-14,UUUUS172601300.U^G26,UUUU,2026-07-17,Put,13.0,0.32,0.3,True
2026-07-14,UUUUS172601350.U^G26,UUUU,2026-07-17,Put,13.5,0.545,0.53,True
2026-07-14,UUUUS172601400.U^G26,UUUU,2026-07-17,Put,14.0,0.92,0.85,True
2026-07-14,UUUUS172601450.U^G26,UUUU,2026-07-17,Put,14.5,1.335,1.33,True
2026-07-14,UUUUS172601500.U^G26,UUUU,2026-07-17,Put,15.0,1.835,1.81,True
2026-07-14,UUUUS172601550.U^G26,UUUU,2026-07-17,Put,15.5,2.35,2.32,True
2026-07-14,UUUUS172601600.U^G26,UUUU,2026-07-17,Put,16.0,2.865,2.82,True
2026-07-14,UUUUS172601650.U^G26,UUUU,2026-07-17,Put,16.5,3.325,3.22,True
2026-07-14,UUUUS172601700.U^G26,UUUU,2026-07-17,Put,17.0,3.85,3.8,True
2026-07-14,UUUUS172601750.U^G26,UUUU,2026-07-17,Put,17.5,4.3,,True
2026-07-14,UUUUS172601800.U^G26,UUUU,2026-07-17,Put,18.0,4.875,4.72,True
2026-07-14,UUUUS172601850.U^G26,UUUU,2026-07-17,Put,18.5,5.325,5.17,True
2026-07-14,UUUUS242601050.U^G26,UUUU,2026-07-24,Put,10.5,,0.04,True
2026-07-14,UUUUS242601100.U^G26,UUUU,2026-07-24,Put,11.0,0.115,,True
2026-07-14,UUUUS242601150.U^G26,UUUU,2026-07-24,Put,11.5,0.125,0.1,True
2026-07-14,UUUUS242601200.U^G26,UUUU,2026-07-24,Put,12.0,0.205,0.22,True
2026-07-14,UUUUS242601250.U^G26,UUUU,2026-07-24,Put,12.5,0.34,0.34,True
2026-07-14,UUUUS242601300.U^G26,UUUU,2026-07-24,Put,13.0,0.605,0.53,True
2026-07-14,UUUUS242601350.U^G26,UUUU,2026-07-24,Put,13.5,0.79,0.79,True
2026-07-14,UUUUS242601400.U^G26,UUUU,2026-07-24,Put,14.0,1.125,,True
2026-07-14,UUUUS242601450.U^G26,UUUU,2026-07-24,Put,14.5,1.55,1.49,True
2026-07-14,UUUUS242601500.U^G26,UUUU,2026-07-24,Put,15.0,1.915,1.91,True
2026-07-14,UUUUS242601550.U^G26,UUUU,2026-07-24,Put,15.5,2.415,2.45,True
2026-07-14,UUUUS242601600.U^G26,UUUU,2026-07-24,Put,16.0,2.84,2.78,True
2026-07-14,UUUUS242601650.U^G26,UUUU,2026-07-24,Put,16.5,3.35,3.3,True
2026-07-14,UUUUS242601700.U^G26,UUUU,2026-07-24,Put,17.0,3.85,3.77,True
2026-07-14,UUUUS242601750.U^G26,UUUU,2026-07-24,Put,17.5,4.475,4.3,True
2026-07-14,UUUUS242601800.U^G26,UUUU,2026-07-24,Put,18.0,4.825,4.72,True
2026-07-14,UUUUS242601850.U^G26,UUUU,2026-07-24,Put,18.5,5.275,5.3,True
2026-07-14,UUUUS312601050.U^G26,UUUU,2026-07-31,Put,10.5,0.14,,True
2026-07-14,UUUUS312601100.U^G26,UUUU,2026-07-31,Put,11.0,0.16,,True
2026-07-14,UUUUS312601150.U^G26,UUUU,2026-07-31,Put,11.5,0.25,0.23,True
2026-07-14,UUUUS312601200.U^G26,UUUU,2026-07-31,Put,12.0,0.42,0.37,True
2026-07-14,UUUUS312601250.U^G26,UUUU,2026-07-31,Put,12.5,0.525,0.55,True
2026-07-14,UUUUS312601300.U^G26,UUUU,2026-07-31,Put,13.0,0.69,0.74,True
2026-07-14,UUUUS312601350.U^G26,UUUU,2026-07-31,Put,13.5,1.02,0.95,True
2026-07-14,UUUUS312601400.U^G26,UUUU,2026-07-31,Put,14.0,1.31,,True
2026-07-14,UUUUS312601450.U^G26,UUUU,2026-07-31,Put,14.5,1.685,1.63,True
2026-07-14,UUUUS312601500.U^G26,UUUU,2026-07-31,Put,15.0,2.075,2.05,True
2026-07-14,UUUUS312601550.U^G26,UUUU,2026-07-31,Put,15.5,2.395,2.38,True
2026-07-14,UUUUS312601600.U^G26,UUUU,2026-07-31,Put,16.0,2.925,2.95,True
2026-07-14,UUUUS312601650.U^G26,UUUU,2026-07-31,Put,16.5,3.375,3.37,True
2026-07-14,UUUUS312601700.U^G26,UUUU,2026-07-31,Put,17.0,3.825,3.82,True
2026-07-14,UUUUS312601750.U^G26,UUUU,2026-07-31,Put,17.5,4.425,4.3,True
2026-07-14,UUUUS312601800.U^G26,UUUU,2026-07-31,Put,18.0,4.675,,True
2026-07-14,UUUUS312601850.U^G26,UUUU,2026-07-31,Put,18.5,5.275,,True
2026-07-14,UUUUT072601050.U^H26,UUUU,2026-08-07,Put,10.5,0.205,0.19,True
2026-07-14,UUUUT072601100.U^H26,UUUU,2026-08-07,Put,11.0,0.215,0.27,True
2026-07-14,UUUUT072601150.U^H26,UUUU,2026-08-07,Put,11.5,0.33,,True
2026-07-14,UUUUT072601200.U^H26,UUUU,2026-08-07,Put,12.0,0.52,0.5,True
2026-07-14,UUUUT072601250.U^H26,UUUU,2026-08-07,Put,12.5,0.765,0.64,True
2026-07-14,UUUUT072601300.U^H26,UUUU,2026-08-07,Put,13.0,0.99,0.94,True
2026-07-14,UUUUT072601350.U^H26,UUUU,2026-08-07,Put,13.5,1.215,1.1,True
2026-07-14,UUUUT072601400.U^H26,UUUU,2026-08-07,Put,14.0,1.505,,True
2026-07-14,UUUUT072601450.U^H26,UUUU,2026-08-07,Put,14.5,1.83,,True
2026-07-14,UUUUT072601500.U^H26,UUUU,2026-08-07,Put,15.0,2.11,,True
2026-07-14,UUUUT072601550.U^H26,UUUU,2026-08-07,Put,15.5,2.705,2.64,True
2026-07-14,UUUUT072601600.U^H26,UUUU,2026-08-07,Put,16.0,3.05,2.95,True
2026-07-14,UUUUT072601650.U^H26,UUUU,2026-08-07,Put,16.5,3.45,3.47,True
2026-07-14,UUUUT072601700.U^H26,UUUU,2026-08-07,Put,17.0,3.95,3.95,True
2026-07-14,UUUUT072601750.U^H26,UUUU,2026-08-07,Put,17.5,4.425,,True
2026-07-14,UUUUT072601800.U^H26,UUUU,2026-08-07,Put,18.0,4.825,4.87,True
2026-07-14,UUUUT072601850.U^H26,UUUU,2026-08-07,Put,18.5,5.175,,True
2026-07-14,UUUUT142601050.U^H26,UUUU,2026-08-14,Put,10.5,0.2,,True
2026-07-14,UUUUT142601100.U^H26,UUUU,2026-08-14,Put,11.0,0.345,0.35,True
2026-07-14,UUUUT142601150.U^H26,UUUU,2026-08-14,Put,11.5,0.445,0.47,True
2026-07-14,UUUUT142601200.U^H26,UUUU,2026-08-14,Put,12.0,0.645,0.61,True
2026-07-14,UUUUT142601250.U^H26,UUUU,2026-08-14,Put,12.5,0.87,,True
2026-07-14,UUUUT142601300.U^H26,UUUU,2026-08-14,Put,13.0,1.145,1.07,True
2026-07-14,UUUUT142601350.U^H26,UUUU,2026-08-14,Put,13.5,1.33,,True
2026-07-14,UUUUT142601400.U^H26,UUUU,2026-08-14,Put,14.0,1.67,1.56,True
2026-07-14,UUUUT142601450.U^H26,UUUU,2026-08-14,Put,14.5,2.04,,True
2026-07-14,UUUUT142601500.U^H26,UUUU,2026-08-14,Put,15.0,2.345,,True
2026-07-14,UUUUT142601550.U^H26,UUUU,2026-08-14,Put,15.5,2.8,2.63,True
2026-07-14,UUUUT142601600.U^H26,UUUU,2026-08-14,Put,16.0,2.975,,True
2026-07-14,UUUUT142601650.U^H26,UUUU,2026-08-14,Put,16.5,3.625,3.64,True
2026-07-14,UUUUT142601700.U^H26,UUUU,2026-08-14,Put,17.0,3.95,3.94,True
2026-07-14,UUUUT142601750.U^H26,UUUU,2026-08-14,Put,17.5,4.45,,True
2026-07-14,UUUUT142601800.U^H26,UUUU,2026-08-14,Put,18.0,4.925,,True
2026-07-14,UUUUT142601850.U^H26,UUUU,2026-08-14,Put,18.5,5.35,,True
2026-07-14,UUUUT212601050.U^H26,UUUU,2026-08-21,Put,10.5,,,False
2026-07-14,UUUUT212601100.U^H26,UUUU,2026-08-21,Put,11.0,0.41,0.4,True
2026-07-14,UUUUT212601150.U^H26,UUUU,2026-08-21,Put,11.5,,,False
2026-07-14,UUUUT212601200.U^H26,UUUU,2026-08-21,Put,12.0,0.69,0.62,True
2026-07-14,UUUUT212601250.U^H26,UUUU,2026-08-21,Put,12.5,,,False
2026-07-14,UUUUT212601300.U^H26,UUUU,2026-08-21,Put,13.0,1.17,1.17,True
2026-07-14,UUUUT212601350.U^H26,UUUU,2026-08-21,Put,13.5,,,False
2026-07-14,UUUUT212601400.U^H26,UUUU,2026-08-21,Put,14.0,1.73,1.71,True
2026-07-14,UUUUT212601450.U^H26,UUUU,2026-08-21,Put,14.5,,,False
2026-07-14,UUUUT212601500.U^H26,UUUU,2026-08-21,Put,15.0,2.45,2.42,True
2026-07-14,UUUUT212601550.U^H26,UUUU,2026-08-21,Put,15.5,,,False
2026-07-14,UUUUT212601600.U^H26,UUUU,2026-08-21,Put,16.0,3.09,3.12,True
2026-07-14,UUUUT212601650.U^H26,UUUU,2026-08-21,Put,16.5,,,False
2026-07-14,UUUUT212601700.U^H26,UUUU,2026-08-21,Put,17.0,4.15,4.12,True
2026-07-14,UUUUT212601750.U^H26,UUUU,2026-08-21,Put,17.5,,,False
2026-07-14,UUUUT212601800.U^H26,UUUU,2026-08-21,Put,18.0,4.85,4.95,True
2026-07-14,UUUUT212601850.U^H26,UUUU,2026-08-21,Put,18.5,,,False
2026-07-14,UUUUT282601050.U^H26,UUUU,2026-08-28,Put,10.5,0.39,,True
2026-07-14,UUUUT282601100.U^H26,UUUU,2026-08-28,Put,11.0,0.52,0.54,True
2026-07-14,UUUUT282601150.U^H26,UUUU,2026-08-28,Put,11.5,0.645,,True
2026-07-14,UUUUT282601200.U^H26,UUUU,2026-08-28,Put,12.0,0.885,,True
2026-07-14,UUUUT282601250.U^H26,UUUU,2026-08-28,Put,12.5,1.08,,True
2026-07-14,UUUUT282601300.U^H26,UUUU,2026-08-28,Put,13.0,1.32,,True
2026-07-14,UUUUT282601350.U^H26,UUUU,2026-08-28,Put,13.5,1.59,,True
2026-07-14,UUUUT282601400.U^H26,UUUU,2026-08-28,Put,14.0,1.89,,True
2026-07-14,UUUUT282601450.U^H26,UUUU,2026-08-28,Put,14.5,2.22,2.17,True
2026-07-14,UUUUT282601500.U^H26,UUUU,2026-08-28,Put,15.0,2.575,,True
2026-07-14,UUUUT282601550.U^H26,UUUU,2026-08-28,Put,15.5,2.915,2.83,True
2026-07-14,UUUUT282601600.U^H26,UUUU,2026-08-28,Put,16.0,3.31,,True
2026-07-14,UUUUT282601650.U^H26,UUUU,2026-08-28,Put,16.5,3.7,,True
2026-07-14,UUUUT282601700.U^H26,UUUU,2026-08-28,Put,17.0,4.125,4.1,True
2026-07-14,UUUUT282601750.U^H26,UUUU,2026-08-28,Put,17.5,4.55,,True
2026-07-14,UUUUT282601800.U^H26,UUUU,2026-08-28,Put,18.0,4.975,,True
2026-07-14,UUUUT282601850.U^H26,UUUU,2026-08-28,Put,18.5,5.475,5.3,True
2026-07-14,UUUUU042601050.U^I26,UUUU,2026-09-04,Put,10.5,,,False
2026-07-14,UUUUU042601100.U^I26,UUUU,2026-09-04,Put,11.0,,,False
2026-07-14,UUUUU042601150.U^I26,UUUU,2026-09-04,Put,11.5,,,False
2026-07-14,UUUUU042601200.U^I26,UUUU,2026-09-04,Put,12.0,,,False
2026-07-14,UUUUU042601250.U^I26,UUUU,2026-09-04,Put,12.5,,,False
2026-07-14,UUUUU042601300.U^I26,UUUU,2026-09-04,Put,13.0,,,False
2026-07-14,UUUUU042601350.U^I26,UUUU,2026-09-04,Put,13.5,,,False
2026-07-14,UUUUU042601400.U^I26,UUUU,2026-09-04,Put,14.0,,,False
2026-07-14,UUUUU042601450.U^I26,UUUU,2026-09-04,Put,14.5,,,False
2026-07-14,UUUUU042601500.U^I26,UUUU,2026-09-04,Put,15.0,,,False
2026-07-14,UUUUU042601550.U^I26,UUUU,2026-09-04,Put,15.5,,,False
2026-07-14,UUUUU042601600.U^I26,UUUU,2026-09-04,Put,16.0,,,False
2026-07-14,UUUUU042601650.U^I26,UUUU,2026-09-04,Put,16.5,,,False
2026-07-14,UUUUU042601700.U^I26,UUUU,2026-09-04,Put,17.0,,,False
2026-07-14,UUUUU042601750.U^I26,UUUU,2026-09-04,Put,17.5,,,False
2026-07-14,UUUUU042601800.U^I26,UUUU,2026-09-04,Put,18.0,,,False
2026-07-14,UUUUU042601850.U^I26,UUUU,2026-09-04,Put,18.5,,,False
2026-07-15,UUUUG172601100.U^G26,UUUU,2026-07-17,Call,11.0,1.63,1.71,True
2026-07-15,UUUUG172601150.U^G26,UUUU,2026-07-17,Call,11.5,1.25,,True
2026-07-15,UUUUG172601200.U^G26,UUUU,2026-07-17,Call,12.0,0.84,0.84,True
2026-07-15,UUUUG172601250.U^G26,UUUU,2026-07-17,Call,12.5,0.53,0.45,True
2026-07-15,UUUUG172601300.U^G26,UUUU,2026-07-17,Call,13.0,0.21,0.19,True
2026-07-15,UUUUG172601350.U^G26,UUUU,2026-07-17,Call,13.5,0.09,0.08,True
2026-07-15,UUUUG172601400.U^G26,UUUU,2026-07-17,Call,14.0,0.025,0.02,True
2026-07-15,UUUUG172601450.U^G26,UUUU,2026-07-17,Call,14.5,0.025,0.01,True
2026-07-15,UUUUG172601500.U^G26,UUUU,2026-07-17,Call,15.0,,0.01,True
2026-07-15,UUUUG172601550.U^G26,UUUU,2026-07-17,Call,15.5,,0.01,True
2026-07-15,UUUUG172601600.U^G26,UUUU,2026-07-17,Call,16.0,,0.01,True
2026-07-15,UUUUG172601650.U^G26,UUUU,2026-07-17,Call,16.5,,0.01,True
2026-07-15,UUUUG172601700.U^G26,UUUU,2026-07-17,Call,17.0,,0.03,True
2026-07-15,UUUUG172601750.U^G26,UUUU,2026-07-17,Call,17.5,,0.01,True
2026-07-15,UUUUG172601800.U^G26,UUUU,2026-07-17,Call,18.0,,0.01,True
2026-07-15,UUUUG172601850.U^G26,UUUU,2026-07-17,Call,18.5,,,True
2026-07-15,UUUUG242601050.U^G26,UUUU,2026-07-24,Call,10.5,2.08,,True
2026-07-15,UUUUG242601100.U^G26,UUUU,2026-07-24,Call,11.0,1.715,2.03,True
2026-07-15,UUUUG242601150.U^G26,UUUU,2026-07-24,Call,11.5,1.325,,True
2026-07-15,UUUUG242601200.U^G26,UUUU,2026-07-24,Call,12.0,1.035,1.05,True
2026-07-15,UUUUG242601250.U^G26,UUUU,2026-07-24,Call,12.5,0.74,0.69,True
2026-07-15,UUUUG242601300.U^G26,UUUU,2026-07-24,Call,13.0,0.48,0.46,True
2026-07-15,UUUUG242601350.U^G26,UUUU,2026-07-24,Call,13.5,0.31,0.31,True
2026-07-15,UUUUG242601400.U^G26,UUUU,2026-07-24,Call,14.0,0.18,0.17,True
2026-07-15,UUUUG242601450.U^G26,UUUU,2026-07-24,Call,14.5,0.125,0.12,True
2026-07-15,UUUUG242601500.U^G26,UUUU,2026-07-24,Call,15.0,0.08,0.05,True
2026-07-15,UUUUG242601550.U^G26,UUUU,2026-07-24,Call,15.5,0.06,0.04,True
2026-07-15,UUUUG242601600.U^G26,UUUU,2026-07-24,Call,16.0,0.055,0.03,True
2026-07-15,UUUUG242601650.U^G26,UUUU,2026-07-24,Call,16.5,0.035,0.03,True
2026-07-15,UUUUG242601700.U^G26,UUUU,2026-07-24,Call,17.0,,,True
2026-07-15,UUUUG242601750.U^G26,UUUU,2026-07-24,Call,17.5,,,True
2026-07-15,UUUUG242601800.U^G26,UUUU,2026-07-24,Call,18.0,,0.01,True
2026-07-15,UUUUG242601850.U^G26,UUUU,2026-07-24,Call,18.5,,,True
2026-07-15,UUUUG312601050.U^G26,UUUU,2026-07-31,Call,10.5,2.28,,True
2026-07-15,UUUUG312601100.U^G26,UUUU,2026-07-31,Call,11.0,1.905,,True
2026-07-15,UUUUG312601150.U^G26,UUUU,2026-07-31,Call,11.5,1.555,,True
2026-07-15,UUUUG312601200.U^G26,UUUU,2026-07-31,Call,12.0,1.225,1.2,True
2026-07-15,UUUUG312601250.U^G26,UUUU,2026-07-31,Call,12.5,0.94,0.91,True
2026-07-15,UUUUG312601300.U^G26,UUUU,2026-07-31,Call,13.0,0.685,0.71,True
2026-07-15,UUUUG312601350.U^G26,UUUU,2026-07-31,Call,13.5,0.51,0.5,True
2026-07-15,UUUUG312601400.U^G26,UUUU,2026-07-31,Call,14.0,0.37,0.34,True
2026-07-15,UUUUG312601450.U^G26,UUUU,2026-07-31,Call,14.5,0.25,0.22,True
2026-07-15,UUUUG312601500.U^G26,UUUU,2026-07-31,Call,15.0,0.2,0.17,True
2026-07-15,UUUUG312601550.U^G26,UUUU,2026-07-31,Call,15.5,0.125,0.11,True
2026-07-15,UUUUG312601600.U^G26,UUUU,2026-07-31,Call,16.0,0.105,0.11,True
2026-07-15,UUUUG312601650.U^G26,UUUU,2026-07-31,Call,16.5,0.065,0.07,True
2026-07-15,UUUUG312601700.U^G26,UUUU,2026-07-31,Call,17.0,,0.03,True
2026-07-15,UUUUG312601750.U^G26,UUUU,2026-07-31,Call,17.5,0.08,0.08,True
2026-07-15,UUUUG312601800.U^G26,UUUU,2026-07-31,Call,18.0,,0.21,True
2026-07-15,UUUUG312601850.U^G26,UUUU,2026-07-31,Call,18.5,,,True
2026-07-15,UUUUH072601050.U^H26,UUUU,2026-08-07,Call,10.5,2.365,,True
2026-07-15,UUUUH072601100.U^H26,UUUU,2026-08-07,Call,11.0,2.07,,True
2026-07-15,UUUUH072601150.U^H26,UUUU,2026-08-07,Call,11.5,1.725,1.8,True
2026-07-15,UUUUH072601200.U^H26,UUUU,2026-08-07,Call,12.0,1.42,1.37,True
2026-07-15,UUUUH072601250.U^H26,UUUU,2026-08-07,Call,12.5,1.13,1.14,True
2026-07-15,UUUUH072601300.U^H26,UUUU,2026-08-07,Call,13.0,0.89,0.79,True
2026-07-15,UUUUH072601350.U^H26,UUUU,2026-08-07,Call,13.5,0.68,0.68,True
2026-07-15,UUUUH072601400.U^H26,UUUU,2026-08-07,Call,14.0,0.57,0.51,True
2026-07-15,UUUUH072601450.U^H26,UUUU,2026-08-07,Call,14.5,0.39,0.4,True
2026-07-15,UUUUH072601500.U^H26,UUUU,2026-08-07,Call,15.0,0.27,0.33,True
2026-07-15,UUUUH072601550.U^H26,UUUU,2026-08-07,Call,15.5,0.27,,True
2026-07-15,UUUUH072601600.U^H26,UUUU,2026-08-07,Call,16.0,0.175,0.17,True
2026-07-15,UUUUH072601650.U^H26,UUUU,2026-08-07,Call,16.5,0.145,,True
2026-07-15,UUUUH072601700.U^H26,UUUU,2026-08-07,Call,17.0,0.14,0.11,True
2026-07-15,UUUUH072601750.U^H26,UUUU,2026-08-07,Call,17.5,0.1,,True
2026-07-15,UUUUH072601800.U^H26,UUUU,2026-08-07,Call,18.0,0.105,0.08,True
2026-07-15,UUUUH072601850.U^H26,UUUU,2026-08-07,Call,18.5,,,True
2026-07-15,UUUUH142601050.U^H26,UUUU,2026-08-14,Call,10.5,2.46,,True
2026-07-15,UUUUH142601100.U^H26,UUUU,2026-08-14,Call,11.0,2.135,,True
2026-07-15,UUUUH142601150.U^H26,UUUU,2026-08-14,Call,11.5,1.755,,True
2026-07-15,UUUUH142601200.U^H26,UUUU,2026-08-14,Call,12.0,1.57,,True
2026-07-15,UUUUH142601250.U^H26,UUUU,2026-08-14,Call,12.5,1.275,1.26,True
2026-07-15,UUUUH142601300.U^H26,UUUU,2026-08-14,Call,13.0,1.075,1.18,True
2026-07-15,UUUUH142601350.U^H26,UUUU,2026-08-14,Call,13.5,0.885,0.73,True
2026-07-15,UUUUH142601400.U^H26,UUUU,2026-08-14,Call,14.0,0.705,0.65,True
2026-07-15,UUUUH142601450.U^H26,UUUU,2026-08-14,Call,14.5,0.55,0.63,True
2026-07-15,UUUUH142601500.U^H26,UUUU,2026-08-14,Call,15.0,0.44,0.42,True
2026-07-15,UUUUH142601550.U^H26,UUUU,2026-08-14,Call,15.5,0.355,0.34,True
2026-07-15,UUUUH142601600.U^H26,UUUU,2026-08-14,Call,16.0,0.27,0.27,True
2026-07-15,UUUUH142601650.U^H26,UUUU,2026-08-14,Call,16.5,0.175,0.29,True
2026-07-15,UUUUH142601700.U^H26,UUUU,2026-08-14,Call,17.0,0.195,0.14,True
2026-07-15,UUUUH142601750.U^H26,UUUU,2026-08-14,Call,17.5,0.12,0.14,True
2026-07-15,UUUUH142601800.U^H26,UUUU,2026-08-14,Call,18.0,0.09,,True
2026-07-15,UUUUH142601850.U^H26,UUUU,2026-08-14,Call,18.5,0.16,,True
2026-07-15,UUUUH212601050.U^H26,UUUU,2026-08-21,Call,10.5,,,False
2026-07-15,UUUUH212601100.U^H26,UUUU,2026-08-21,Call,11.0,2.29,2.1,True
2026-07-15,UUUUH212601150.U^H26,UUUU,2026-08-21,Call,11.5,,,False
2026-07-15,UUUUH212601200.U^H26,UUUU,2026-08-21,Call,12.0,1.695,1.59,True
2026-07-15,UUUUH212601250.U^H26,UUUU,2026-08-21,Call,12.5,,,False
2026-07-15,UUUUH212601300.U^H26,UUUU,2026-08-21,Call,13.0,1.115,1.13,True
2026-07-15,UUUUH212601350.U^H26,UUUU,2026-08-21,Call,13.5,,,False
2026-07-15,UUUUH212601400.U^H26,UUUU,2026-08-21,Call,14.0,0.76,0.77,True
2026-07-15,UUUUH212601450.U^H26,UUUU,2026-08-21,Call,14.5,,,False
2026-07-15,UUUUH212601500.U^H26,UUUU,2026-08-21,Call,15.0,0.51,0.51,True
2026-07-15,UUUUH212601550.U^H26,UUUU,2026-08-21,Call,15.5,,,False
2026-07-15,UUUUH212601600.U^H26,UUUU,2026-08-21,Call,16.0,0.335,0.34,True
2026-07-15,UUUUH212601650.U^H26,UUUU,2026-08-21,Call,16.5,,,False
2026-07-15,UUUUH212601700.U^H26,UUUU,2026-08-21,Call,17.0,0.24,0.23,True
2026-07-15,UUUUH212601750.U^H26,UUUU,2026-08-21,Call,17.5,,,False
2026-07-15,UUUUH212601800.U^H26,UUUU,2026-08-21,Call,18.0,0.185,0.16,True
2026-07-15,UUUUH212601850.U^H26,UUUU,2026-08-21,Call,18.5,,,False
2026-07-15,UUUUH282601050.U^H26,UUUU,2026-08-28,Call,10.5,2.625,,True
2026-07-15,UUUUH282601100.U^H26,UUUU,2026-08-28,Call,11.0,2.345,,True
2026-07-15,UUUUH282601150.U^H26,UUUU,2026-08-28,Call,11.5,1.99,,True
2026-07-15,UUUUH282601200.U^H26,UUUU,2026-08-28,Call,12.0,1.79,1.94,True
2026-07-15,UUUUH282601250.U^H26,UUUU,2026-08-28,Call,12.5,1.55,1.52,True
2026-07-15,UUUUH282601300.U^H26,UUUU,2026-08-28,Call,13.0,1.33,1.31,True
2026-07-15,UUUUH282601350.U^H26,UUUU,2026-08-28,Call,13.5,1.13,1.04,True
2026-07-15,UUUUH282601400.U^H26,UUUU,2026-08-28,Call,14.0,0.96,,True
2026-07-15,UUUUH282601450.U^H26,UUUU,2026-08-28,Call,14.5,0.755,,True
2026-07-15,UUUUH282601500.U^H26,UUUU,2026-08-28,Call,15.0,0.69,0.64,True
2026-07-15,UUUUH282601550.U^H26,UUUU,2026-08-28,Call,15.5,0.55,0.53,True
2026-07-15,UUUUH282601600.U^H26,UUUU,2026-08-28,Call,16.0,0.435,0.41,True
2026-07-15,UUUUH282601650.U^H26,UUUU,2026-08-28,Call,16.5,0.39,,True
2026-07-15,UUUUH282601700.U^H26,UUUU,2026-08-28,Call,17.0,0.32,0.34,True
2026-07-15,UUUUH282601750.U^H26,UUUU,2026-08-28,Call,17.5,0.23,0.25,True
2026-07-15,UUUUH282601800.U^H26,UUUU,2026-08-28,Call,18.0,0.28,0.2,True
2026-07-15,UUUUH282601850.U^H26,UUUU,2026-08-28,Call,18.5,0.18,,True
2026-07-15,UUUUI042601050.U^I26,UUUU,2026-09-04,Call,10.5,,,False
2026-07-15,UUUUI042601100.U^I26,UUUU,2026-09-04,Call,11.0,,,False
2026-07-15,UUUUI042601150.U^I26,UUUU,2026-09-04,Call,11.5,,,False
2026-07-15,UUUUI042601200.U^I26,UUUU,2026-09-04,Call,12.0,,,False
2026-07-15,UUUUI042601250.U^I26,UUUU,2026-09-04,Call,12.5,,,False
2026-07-15,UUUUI042601300.U^I26,UUUU,2026-09-04,Call,13.0,,,False
2026-07-15,UUUUI042601350.U^I26,UUUU,2026-09-04,Call,13.5,,,False
2026-07-15,UUUUI042601400.U^I26,UUUU,2026-09-04,Call,14.0,,,False
2026-07-15,UUUUI042601450.U^I26,UUUU,2026-09-04,Call,14.5,,,False
2026-07-15,UUUUI042601500.U^I26,UUUU,2026-09-04,Call,15.0,,,False
2026-07-15,UUUUI042601550.U^I26,UUUU,2026-09-04,Call,15.5,,,False
2026-07-15,UUUUI042601600.U^I26,UUUU,2026-09-04,Call,16.0,,,False
2026-07-15,UUUUI042601650.U^I26,UUUU,2026-09-04,Call,16.5,,,False
2026-07-15,UUUUI042601700.U^I26,UUUU,2026-09-04,Call,17.0,,,False
2026-07-15,UUUUI042601750.U^I26,UUUU,2026-09-04,Call,17.5,,,False
2026-07-15,UUUUI042601800.U^I26,UUUU,2026-09-04,Call,18.0,,,False
2026-07-15,UUUUI042601850.U^I26,UUUU,2026-09-04,Call,18.5,,,False
2026-07-15,UUUUS172601100.U^G26,UUUU,2026-07-17,Put,11.0,,0.02,True
2026-07-15,UUUUS172601150.U^G26,UUUU,2026-07-17,Put,11.5,0.055,0.05,True
2026-07-15,UUUUS172601200.U^G26,UUUU,2026-07-17,Put,12.0,0.105,0.1,True
2026-07-15,UUUUS172601250.U^G26,UUUU,2026-07-17,Put,12.5,0.285,0.25,True
2026-07-15,UUUUS172601300.U^G26,UUUU,2026-07-17,Put,13.0,0.615,0.55,True
2026-07-15,UUUUS172601350.U^G26,UUUU,2026-07-17,Put,13.5,0.96,0.94,True
2026-07-15,UUUUS172601400.U^G26,UUUU,2026-07-17,Put,14.0,1.44,1.34,True
2026-07-15,UUUUS172601450.U^G26,UUUU,2026-07-17,Put,14.5,1.975,1.9,True
2026-07-15,UUUUS172601500.U^G26,UUUU,2026-07-17,Put,15.0,2.43,2.32,True
2026-07-15,UUUUS172601550.U^G26,UUUU,2026-07-17,Put,15.5,2.905,2.52,True
2026-07-15,UUUUS172601600.U^G26,UUUU,2026-07-17,Put,16.0,3.4,3.39,True
2026-07-15,UUUUS172601650.U^G26,UUUU,2026-07-17,Put,16.5,4.025,3.77,True
2026-07-15,UUUUS172601700.U^G26,UUUU,2026-07-17,Put,17.0,4.425,4.34,True
2026-07-15,UUUUS172601750.U^G26,UUUU,2026-07-17,Put,17.5,4.9,4.9,True
2026-07-15,UUUUS172601800.U^G26,UUUU,2026-07-17,Put,18.0,5.45,,True
2026-07-15,UUUUS172601850.U^G26,UUUU,2026-07-17,Put,18.5,5.9,,True
2026-07-15,UUUUS242601050.U^G26,UUUU,2026-07-24,Put,10.5,0.07,0.06,True
2026-07-15,UUUUS242601100.U^G26,UUUU,2026-07-24,Put,11.0,0.12,0.12,True
2026-07-15,UUUUS242601150.U^G26,UUUU,2026-07-24,Put,11.5,0.195,0.2,True
2026-07-15,UUUUS242601200.U^G26,UUUU,2026-07-24,Put,12.0,0.355,0.34,True
2026-07-15,UUUUS242601250.U^G26,UUUU,2026-07-24,Put,12.5,0.555,0.55,True
2026-07-15,UUUUS242601300.U^G26,UUUU,2026-07-24,Put,13.0,0.825,0.79,True
2026-07-15,UUUUS242601350.U^G26,UUUU,2026-07-24,Put,13.5,1.155,1.13,True
2026-07-15,UUUUS242601400.U^G26,UUUU,2026-07-24,Put,14.0,1.53,1.46,True
2026-07-15,UUUUS242601450.U^G26,UUUU,2026-07-24,Put,14.5,1.985,2.01,True
2026-07-15,UUUUS242601500.U^G26,UUUU,2026-07-24,Put,15.0,2.43,2.41,True
2026-07-15,UUUUS242601550.U^G26,UUUU,2026-07-24,Put,15.5,3.01,2.69,True
2026-07-15,UUUUS242601600.U^G26,UUUU,2026-07-24,Put,16.0,3.4,3.15,True
2026-07-15,UUUUS242601650.U^G26,UUUU,2026-07-24,Put,16.5,3.9,3.92,True
2026-07-15,UUUUS242601700.U^G26,UUUU,2026-07-24,Put,17.0,4.375,4.34,True
2026-07-15,UUUUS242601750.U^G26,UUUU,2026-07-24,Put,17.5,5.0,4.47,True
2026-07-15,UUUUS242601800.U^G26,UUUU,2026-07-24,Put,18.0,5.425,5.28,True
2026-07-15,UUUUS242601850.U^G26,UUUU,2026-07-24,Put,18.5,6.0,5.56,True
2026-07-15,UUUUS312601050.U^G26,UUUU,2026-07-31,Put,10.5,0.16,0.14,True
2026-07-15,UUUUS312601100.U^G26,UUUU,2026-07-31,Put,11.0,0.225,0.21,True
2026-07-15,UUUUS312601150.U^G26,UUUU,2026-07-31,Put,11.5,0.38,0.34,True
2026-07-15,UUUUS312601200.U^G26,UUUU,2026-07-31,Put,12.0,0.495,0.52,True
2026-07-15,UUUUS312601250.U^G26,UUUU,2026-07-31,Put,12.5,0.765,0.69,True
2026-07-15,UUUUS312601300.U^G26,UUUU,2026-07-31,Put,13.0,1.02,1.06,True
2026-07-15,UUUUS312601350.U^G26,UUUU,2026-07-31,Put,13.5,1.335,,True
2026-07-15,UUUUS312601400.U^G26,UUUU,2026-07-31,Put,14.0,1.685,1.65,True
2026-07-15,UUUUS312601450.U^G26,UUUU,2026-07-31,Put,14.5,2.085,2.12,True
2026-07-15,UUUUS312601500.U^G26,UUUU,2026-07-31,Put,15.0,2.475,2.5,True
2026-07-15,UUUUS312601550.U^G26,UUUU,2026-07-31,Put,15.5,2.97,,True
2026-07-15,UUUUS312601600.U^G26,UUUU,2026-07-31,Put,16.0,3.425,3.42,True
2026-07-15,UUUUS312601650.U^G26,UUUU,2026-07-31,Put,16.5,3.975,3.88,True
2026-07-15,UUUUS312601700.U^G26,UUUU,2026-07-31,Put,17.0,4.4,4.34,True
2026-07-15,UUUUS312601750.U^G26,UUUU,2026-07-31,Put,17.5,4.85,4.65,True
2026-07-15,UUUUS312601800.U^G26,UUUU,2026-07-31,Put,18.0,5.4,5.4,True
2026-07-15,UUUUS312601850.U^G26,UUUU,2026-07-31,Put,18.5,5.85,,True
2026-07-15,UUUUT072601050.U^H26,UUUU,2026-08-07,Put,10.5,0.19,0.28,True
2026-07-15,UUUUT072601100.U^H26,UUUU,2026-08-07,Put,11.0,0.34,0.35,True
2026-07-15,UUUUT072601150.U^H26,UUUU,2026-08-07,Put,11.5,0.475,,True
2026-07-15,UUUUT072601200.U^H26,UUUU,2026-08-07,Put,12.0,0.715,0.75,True
2026-07-15,UUUUT072601250.U^H26,UUUU,2026-08-07,Put,12.5,0.905,0.93,True
2026-07-15,UUUUT072601300.U^H26,UUUU,2026-08-07,Put,13.0,1.195,1.35,True
2026-07-15,UUUUT072601350.U^H26,UUUU,2026-08-07,Put,13.5,1.51,,True
2026-07-15,UUUUT072601400.U^H26,UUUU,2026-08-07,Put,14.0,1.84,,True
2026-07-15,UUUUT072601450.U^H26,UUUU,2026-08-07,Put,14.5,2.245,2.02,True
2026-07-15,UUUUT072601500.U^H26,UUUU,2026-08-07,Put,15.0,2.61,2.61,True
2026-07-15,UUUUT072601550.U^H26,UUUU,2026-08-07,Put,15.5,3.08,,True
2026-07-15,UUUUT072601600.U^H26,UUUU,2026-08-07,Put,16.0,3.5,3.49,True
2026-07-15,UUUUT072601650.U^H26,UUUU,2026-08-07,Put,16.5,3.975,3.97,True
2026-07-15,UUUUT072601700.U^H26,UUUU,2026-08-07,Put,17.0,4.4,4.4,True
2026-07-15,UUUUT072601750.U^H26,UUUU,2026-08-07,Put,17.5,5.05,4.95,True
2026-07-15,UUUUT072601800.U^H26,UUUU,2026-08-07,Put,18.0,5.425,,True
2026-07-15,UUUUT072601850.U^H26,UUUU,2026-08-07,Put,18.5,5.925,,True
2026-07-15,UUUUT142601050.U^H26,UUUU,2026-08-14,Put,10.5,0.34,0.3,True
2026-07-15,UUUUT142601100.U^H26,UUUU,2026-08-14,Put,11.0,0.455,0.5,True
2026-07-15,UUUUT142601150.U^H26,UUUU,2026-08-14,Put,11.5,0.615,0.61,True
2026-07-15,UUUUT142601200.U^H26,UUUU,2026-08-14,Put,12.0,0.815,0.78,True
2026-07-15,UUUUT142601250.U^H26,UUUU,2026-08-14,Put,12.5,1.02,,True
2026-07-15,UUUUT142601300.U^H26,UUUU,2026-08-14,Put,13.0,1.34,1.32,True
2026-07-15,UUUUT142601350.U^H26,UUUU,2026-08-14,Put,13.5,1.645,1.44,True
2026-07-15,UUUUT142601400.U^H26,UUUU,2026-08-14,Put,14.0,1.98,1.81,True
2026-07-15,UUUUT142601450.U^H26,UUUU,2026-08-14,Put,14.5,2.375,,True
2026-07-15,UUUUT142601500.U^H26,UUUU,2026-08-14,Put,15.0,2.75,,True
2026-07-15,UUUUT142601550.U^H26,UUUU,2026-08-14,Put,15.5,3.18,,True
2026-07-15,UUUUT142601600.U^H26,UUUU,2026-08-14,Put,16.0,3.575,3.55,True
2026-07-15,UUUUT142601650.U^H26,UUUU,2026-08-14,Put,16.5,4.05,4.04,True
2026-07-15,UUUUT142601700.U^H26,UUUU,2026-08-14,Put,17.0,4.5,4.5,True
2026-07-15,UUUUT142601750.U^H26,UUUU,2026-08-14,Put,17.5,4.975,,True
2026-07-15,UUUUT142601800.U^H26,UUUU,2026-08-14,Put,18.0,5.575,5.57,True
2026-07-15,UUUUT142601850.U^H26,UUUU,2026-08-14,Put,18.5,6.075,,True
2026-07-15,UUUUT212601050.U^H26,UUUU,2026-08-21,Put,10.5,,,False
2026-07-15,UUUUT212601100.U^H26,UUUU,2026-08-21,Put,11.0,0.51,0.5,True
2026-07-15,UUUUT212601150.U^H26,UUUU,2026-08-21,Put,11.5,,,False
2026-07-15,UUUUT212601200.U^H26,UUUU,2026-08-21,Put,12.0,0.815,0.91,True
2026-07-15,UUUUT212601250.U^H26,UUUU,2026-08-21,Put,12.5,,,False
2026-07-15,UUUUT212601300.U^H26,UUUU,2026-08-21,Put,13.0,1.395,1.41,True
2026-07-15,UUUUT212601350.U^H26,UUUU,2026-08-21,Put,13.5,,,False
2026-07-15,UUUUT212601400.U^H26,UUUU,2026-08-21,Put,14.0,2.065,2.14,True
2026-07-15,UUUUT212601450.U^H26,UUUU,2026-08-21,Put,14.5,,,False
2026-07-15,UUUUT212601500.U^H26,UUUU,2026-08-21,Put,15.0,2.925,2.92,True
2026-07-15,UUUUT212601550.U^H26,UUUU,2026-08-21,Put,15.5,,,False
2026-07-15,UUUUT212601600.U^H26,UUUU,2026-08-21,Put,16.0,3.7,3.7,True
2026-07-15,UUUUT212601650.U^H26,UUUU,2026-08-21,Put,16.5,,,False
2026-07-15,UUUUT212601700.U^H26,UUUU,2026-08-21,Put,17.0,4.525,4.75,True
2026-07-15,UUUUT212601750.U^H26,UUUU,2026-08-21,Put,17.5,,,False
2026-07-15,UUUUT212601800.U^H26,UUUU,2026-08-21,Put,18.0,5.525,5.6,True
2026-07-15,UUUUT212601850.U^H26,UUUU,2026-08-21,Put,18.5,,,False
2026-07-15,UUUUT282601050.U^H26,UUUU,2026-08-28,Put,10.5,0.53,0.51,True
2026-07-15,UUUUT282601100.U^H26,UUUU,2026-08-28,Put,11.0,0.64,0.64,True
2026-07-15,UUUUT282601150.U^H26,UUUU,2026-08-28,Put,11.5,0.855,,True
2026-07-15,UUUUT282601200.U^H26,UUUU,2026-08-28,Put,12.0,1.015,,True
2026-07-15,UUUUT282601250.U^H26,UUUU,2026-08-28,Put,12.5,1.305,1.16,True
2026-07-15,UUUUT282601300.U^H26,UUUU,2026-08-28,Put,13.0,1.605,1.43,True
2026-07-15,UUUUT282601350.U^H26,UUUU,2026-08-28,Put,13.5,1.875,,True
2026-07-15,UUUUT282601400.U^H26,UUUU,2026-08-28,Put,14.0,2.165,2.28,True
2026-07-15,UUUUT282601450.U^H26,UUUU,2026-08-28,Put,14.5,2.56,2.33,True
2026-07-15,UUUUT282601500.U^H26,UUUU,2026-08-28,Put,15.0,2.91,2.76,True
2026-07-15,UUUUT282601550.U^H26,UUUU,2026-08-28,Put,15.5,3.35,,True
2026-07-15,UUUUT282601600.U^H26,UUUU,2026-08-28,Put,16.0,3.775,3.63,True
2026-07-15,UUUUT282601650.U^H26,UUUU,2026-08-28,Put,16.5,4.2,,True
2026-07-15,UUUUT282601700.U^H26,UUUU,2026-08-28,Put,17.0,4.625,4.62,True
2026-07-15,UUUUT282601750.U^H26,UUUU,2026-08-28,Put,17.5,5.075,,True
2026-07-15,UUUUT282601800.U^H26,UUUU,2026-08-28,Put,18.0,5.525,,True
2026-07-15,UUUUT282601850.U^H26,UUUU,2026-08-28,Put,18.5,6.0,,True
2026-07-15,UUUUU042601050.U^I26,UUUU,2026-09-04,Put,10.5,,,False
2026-07-15,UUUUU042601100.U^I26,UUUU,2026-09-04,Put,11.0,,,False
2026-07-15,UUUUU042601150.U^I26,UUUU,2026-09-04,Put,11.5,,,False
2026-07-15,UUUUU042601200.U^I26,UUUU,2026-09-04,Put,12.0,,,False
2026-07-15,UUUUU042601250.U^I26,UUUU,2026-09-04,Put,12.5,,,False
2026-07-15,UUUUU042601300.U^I26,UUUU,2026-09-04,Put,13.0,,,False
2026-07-15,UUUUU042601350.U^I26,UUUU,2026-09-04,Put,13.5,,,False
2026-07-15,UUUUU042601400.U^I26,UUUU,2026-09-04,Put,14.0,,,False
2026-07-15,UUUUU042601450.U^I26,UUUU,2026-09-04,Put,14.5,,,False
2026-07-15,UUUUU042601500.U^I26,UUUU,2026-09-04,Put,15.0,,,False
2026-07-15,UUUUU042601550.U^I26,UUUU,2026-09-04,Put,15.5,,,False
2026-07-15,UUUUU042601600.U^I26,UUUU,2026-09-04,Put,16.0,,,False
2026-07-15,UUUUU042601650.U^I26,UUUU,2026-09-04,Put,16.5,,,False
2026-07-15,UUUUU042601700.U^I26,UUUU,2026-09-04,Put,17.0,,,False
2026-07-15,UUUUU042601750.U^I26,UUUU,2026-09-04,Put,17.5,,,False
2026-07-15,UUUUU042601800.U^I26,UUUU,2026-09-04,Put,18.0,,,False
2026-07-15,UUUUU042601850.U^I26,UUUU,2026-09-04,Put,18.5,,,False
2026-07-16,UUUUG172601100.U^G26,UUUU,2026-07-17,Call,11.0,0.68,0.97,True
2026-07-16,UUUUG172601150.U^G26,UUUU,2026-07-17,Call,11.5,0.32,0.29,True
2026-07-16,UUUUG172601200.U^G26,UUUU,2026-07-17,Call,12.0,0.11,0.09,True
2026-07-16,UUUUG172601250.U^G26,UUUU,2026-07-17,Call,12.5,0.025,0.02,True
2026-07-16,UUUUG172601300.U^G26,UUUU,2026-07-17,Call,13.0,,0.02,True
2026-07-16,UUUUG172601350.U^G26,UUUU,2026-07-17,Call,13.5,,0.01,True
2026-07-16,UUUUG172601400.U^G26,UUUU,2026-07-17,Call,14.0,,0.01,True
2026-07-16,UUUUG172601450.U^G26,UUUU,2026-07-17,Call,14.5,,0.01,True
2026-07-16,UUUUG172601500.U^G26,UUUU,2026-07-17,Call,15.0,,0.01,True
2026-07-16,UUUUG172601550.U^G26,UUUU,2026-07-17,Call,15.5,,0.01,True
2026-07-16,UUUUG172601600.U^G26,UUUU,2026-07-17,Call,16.0,,0.01,True
2026-07-16,UUUUG172601650.U^G26,UUUU,2026-07-17,Call,16.5,,0.02,True
2026-07-16,UUUUG172601700.U^G26,UUUU,2026-07-17,Call,17.0,,0.03,True
2026-07-16,UUUUG172601750.U^G26,UUUU,2026-07-17,Call,17.5,,,True
2026-07-16,UUUUG172601800.U^G26,UUUU,2026-07-17,Call,18.0,,,True
2026-07-16,UUUUG172601850.U^G26,UUUU,2026-07-17,Call,18.5,,,True
2026-07-16,UUUUG242601050.U^G26,UUUU,2026-07-24,Call,10.5,1.34,,True
2026-07-16,UUUUG242601100.U^G26,UUUU,2026-07-24,Call,11.0,0.96,0.9,True
2026-07-16,UUUUG242601150.U^G26,UUUU,2026-07-24,Call,11.5,0.635,0.62,True
2026-07-16,UUUUG242601200.U^G26,UUUU,2026-07-24,Call,12.0,0.315,0.36,True
2026-07-16,UUUUG242601250.U^G26,UUUU,2026-07-24,Call,12.5,0.245,0.19,True
2026-07-16,UUUUG242601300.U^G26,UUUU,2026-07-24,Call,13.0,0.13,0.13,True
2026-07-16,UUUUG242601350.U^G26,UUUU,2026-07-24,Call,13.5,0.07,0.06,True
2026-07-16,UUUUG242601400.U^G26,UUUU,2026-07-24,Call,14.0,0.035,0.03,True
2026-07-16,UUUUG242601450.U^G26,UUUU,2026-07-24,Call,14.5,0.08,0.03,True
2026-07-16,UUUUG242601500.U^G26,UUUU,2026-07-24,Call,15.0,0.055,0.02,True
2026-07-16,UUUUG242601550.U^G26,UUUU,2026-07-24,Call,15.5,0.035,0.05,True
2026-07-16,UUUUG242601600.U^G26,UUUU,2026-07-24,Call,16.0,,0.01,True
2026-07-16,UUUUG242601650.U^G26,UUUU,2026-07-24,Call,16.5,,0.01,True
2026-07-16,UUUUG242601700.U^G26,UUUU,2026-07-24,Call,17.0,,0.01,True
2026-07-16,UUUUG242601750.U^G26,UUUU,2026-07-24,Call,17.5,,0.06,True
2026-07-16,UUUUG242601800.U^G26,UUUU,2026-07-24,Call,18.0,,0.01,True
2026-07-16,UUUUG242601850.U^G26,UUUU,2026-07-24,Call,18.5,,,True
2026-07-16,UUUUG312601050.U^G26,UUUU,2026-07-31,Call,10.5,1.4,,True
2026-07-16,UUUUG312601100.U^G26,UUUU,2026-07-31,Call,11.0,1.14,0.98,True
2026-07-16,UUUUG312601150.U^G26,UUUU,2026-07-31,Call,11.5,0.855,0.84,True
2026-07-16,UUUUG312601200.U^G26,UUUU,2026-07-31,Call,12.0,0.6,0.57,True
2026-07-16,UUUUG312601250.U^G26,UUUU,2026-07-31,Call,12.5,0.425,0.38,True
2026-07-16,UUUUG312601300.U^G26,UUUU,2026-07-31,Call,13.0,0.27,0.24,True
2026-07-16,UUUUG312601350.U^G26,UUUU,2026-07-31,Call,13.5,0.21,0.19,True
2026-07-16,UUUUG312601400.U^G26,UUUU,2026-07-31,Call,14.0,0.125,0.11,True
2026-07-16,UUUUG312601450.U^G26,UUUU,2026-07-31,Call,14.5,0.095,0.1,True
2026-07-16,UUUUG312601500.U^G26,UUUU,2026-07-31,Call,15.0,0.12,0.04,True
2026-07-16,UUUUG312601550.U^G26,UUUU,2026-07-31,Call,15.5,,0.04,True
2026-07-16,UUUUG312601600.U^G26,UUUU,2026-07-31,Call,16.0,,0.04,True
2026-07-16,UUUUG312601650.U^G26,UUUU,2026-07-31,Call,16.5,,0.02,True
2026-07-16,UUUUG312601700.U^G26,UUUU,2026-07-31,Call,17.0,,0.1,True
2026-07-16,UUUUG312601750.U^G26,UUUU,2026-07-31,Call,17.5,0.08,0.03,True
2026-07-16,UUUUG312601800.U^G26,UUUU,2026-07-31,Call,18.0,,,True
2026-07-16,UUUUG312601850.U^G26,UUUU,2026-07-31,Call,18.5,,,True
2026-07-16,UUUUH072601050.U^H26,UUUU,2026-08-07,Call,10.5,1.625,,True
2026-07-16,UUUUH072601100.U^H26,UUUU,2026-08-07,Call,11.0,1.29,1.4,True
2026-07-16,UUUUH072601150.U^H26,UUUU,2026-08-07,Call,11.5,1.06,0.98,True
2026-07-16,UUUUH072601200.U^H26,UUUU,2026-08-07,Call,12.0,0.765,0.76,True
2026-07-16,UUUUH072601250.U^H26,UUUU,2026-08-07,Call,12.5,0.62,0.68,True
2026-07-16,UUUUH072601300.U^H26,UUUU,2026-08-07,Call,13.0,0.445,0.55,True
2026-07-16,UUUUH072601350.U^H26,UUUU,2026-08-07,Call,13.5,0.36,0.33,True
2026-07-16,UUUUH072601400.U^H26,UUUU,2026-08-07,Call,14.0,0.285,0.25,True
2026-07-16,UUUUH072601450.U^H26,UUUU,2026-08-07,Call,14.5,0.205,0.18,True
2026-07-16,UUUUH072601500.U^H26,UUUU,2026-08-07,Call,15.0,0.13,0.13,True
2026-07-16,UUUUH072601550.U^H26,UUUU,2026-08-07,Call,15.5,0.1,0.14,True
2026-07-16,UUUUH072601600.U^H26,UUUU,2026-08-07,Call,16.0,,0.07,True
2026-07-16,UUUUH072601650.U^H26,UUUU,2026-08-07,Call,16.5,0.125,,True
2026-07-16,UUUUH072601700.U^H26,UUUU,2026-08-07,Call,17.0,0.03,0.05,True
2026-07-16,UUUUH072601750.U^H26,UUUU,2026-08-07,Call,17.5,,,True
2026-07-16,UUUUH072601800.U^H26,UUUU,2026-08-07,Call,18.0,0.085,0.02,True
2026-07-16,UUUUH072601850.U^H26,UUUU,2026-08-07,Call,18.5,,0.1,True
2026-07-16,UUUUH142601050.U^H26,UUUU,2026-08-14,Call,10.5,1.68,,True
2026-07-16,UUUUH142601100.U^H26,UUUU,2026-08-14,Call,11.0,1.435,,True
2026-07-16,UUUUH142601150.U^H26,UUUU,2026-08-14,Call,11.5,1.155,,True
2026-07-16,UUUUH142601200.U^H26,UUUU,2026-08-14,Call,12.0,0.945,,True
2026-07-16,UUUUH142601250.U^H26,UUUU,2026-08-14,Call,12.5,0.755,0.8,True
2026-07-16,UUUUH142601300.U^H26,UUUU,2026-08-14,Call,13.0,0.62,0.55,True
2026-07-16,UUUUH142601350.U^H26,UUUU,2026-08-14,Call,13.5,0.5,0.45,True
2026-07-16,UUUUH142601400.U^H26,UUUU,2026-08-14,Call,14.0,0.385,0.35,True
2026-07-16,UUUUH142601450.U^H26,UUUU,2026-08-14,Call,14.5,0.315,0.26,True
2026-07-16,UUUUH142601500.U^H26,UUUU,2026-08-14,Call,15.0,0.23,0.23,True
2026-07-16,UUUUH142601550.U^H26,UUUU,2026-08-14,Call,15.5,0.21,0.18,True
2026-07-16,UUUUH142601600.U^H26,UUUU,2026-08-14,Call,16.0,0.175,0.18,True
2026-07-16,UUUUH142601650.U^H26,UUUU,2026-08-14,Call,16.5,0.14,0.11,True
2026-07-16,UUUUH142601700.U^H26,UUUU,2026-08-14,Call,17.0,,0.08,True
2026-07-16,UUUUH142601750.U^H26,UUUU,2026-08-14,Call,17.5,0.14,,True
2026-07-16,UUUUH142601800.U^H26,UUUU,2026-08-14,Call,18.0,0.085,,True
2026-07-16,UUUUH142601850.U^H26,UUUU,2026-08-14,Call,18.5,,0.15,True
2026-07-16,UUUUH212601050.U^H26,UUUU,2026-08-21,Call,10.5,,,False
2026-07-16,UUUUH212601100.U^H26,UUUU,2026-08-21,Call,11.0,1.545,1.48,True
2026-07-16,UUUUH212601150.U^H26,UUUU,2026-08-21,Call,11.5,,,False
2026-07-16,UUUUH212601200.U^H26,UUUU,2026-08-21,Call,12.0,1.055,1.02,True
2026-07-16,UUUUH212601250.U^H26,UUUU,2026-08-21,Call,12.5,,,False
2026-07-16,UUUUH212601300.U^H26,UUUU,2026-08-21,Call,13.0,0.69,0.69,True
2026-07-16,UUUUH212601350.U^H26,UUUU,2026-08-21,Call,13.5,,,False
2026-07-16,UUUUH212601400.U^H26,UUUU,2026-08-21,Call,14.0,0.45,0.46,True
2026-07-16,UUUUH212601450.U^H26,UUUU,2026-08-21,Call,14.5,,,False
2026-07-16,UUUUH212601500.U^H26,UUUU,2026-08-21,Call,15.0,0.34,0.28,True
2026-07-16,UUUUH212601550.U^H26,UUUU,2026-08-21,Call,15.5,,,False
2026-07-16,UUUUH212601600.U^H26,UUUU,2026-08-21,Call,16.0,0.2,0.2,True
2026-07-16,UUUUH212601650.U^H26,UUUU,2026-08-21,Call,16.5,,,False
2026-07-16,UUUUH212601700.U^H26,UUUU,2026-08-21,Call,17.0,0.135,0.13,True
2026-07-16,UUUUH212601750.U^H26,UUUU,2026-08-21,Call,17.5,,,False
2026-07-16,UUUUH212601800.U^H26,UUUU,2026-08-21,Call,18.0,0.095,0.08,True
2026-07-16,UUUUH212601850.U^H26,UUUU,2026-08-21,Call,18.5,,,False
2026-07-16,UUUUH282601050.U^H26,UUUU,2026-08-28,Call,10.5,1.93,,True
2026-07-16,UUUUH282601100.U^H26,UUUU,2026-08-28,Call,11.0,1.665,1.65,True
2026-07-16,UUUUH282601150.U^H26,UUUU,2026-08-28,Call,11.5,1.41,1.42,True
2026-07-16,UUUUH282601200.U^H26,UUUU,2026-08-28,Call,12.0,1.2,1.15,True
2026-07-16,UUUUH282601250.U^H26,UUUU,2026-08-28,Call,12.5,0.985,1.15,True
2026-07-16,UUUUH282601300.U^H26,UUUU,2026-08-28,Call,13.0,0.845,0.81,True
2026-07-16,UUUUH282601350.U^H26,UUUU,2026-08-28,Call,13.5,0.71,0.7,True
2026-07-16,UUUUH282601400.U^H26,UUUU,2026-08-28,Call,14.0,0.59,0.69,True
2026-07-16,UUUUH282601450.U^H26,UUUU,2026-08-28,Call,14.5,0.5,0.43,True
2026-07-16,UUUUH282601500.U^H26,UUUU,2026-08-28,Call,15.0,0.355,0.36,True
2026-07-16,UUUUH282601550.U^H26,UUUU,2026-08-28,Call,15.5,0.295,0.28,True
2026-07-16,UUUUH282601600.U^H26,UUUU,2026-08-28,Call,16.0,0.23,0.19,True
2026-07-16,UUUUH282601650.U^H26,UUUU,2026-08-28,Call,16.5,0.205,,True
2026-07-16,UUUUH282601700.U^H26,UUUU,2026-08-28,Call,17.0,0.18,0.16,True
2026-07-16,UUUUH282601750.U^H26,UUUU,2026-08-28,Call,17.5,0.185,,True
2026-07-16,UUUUH282601800.U^H26,UUUU,2026-08-28,Call,18.0,0.12,,True
2026-07-16,UUUUH282601850.U^H26,UUUU,2026-08-28,Call,18.5,0.15,,True
2026-07-16,UUUUI042601050.U^I26,UUUU,2026-09-04,Call,10.5,,,False
2026-07-16,UUUUI042601100.U^I26,UUUU,2026-09-04,Call,11.0,,,False
2026-07-16,UUUUI042601150.U^I26,UUUU,2026-09-04,Call,11.5,,,False
2026-07-16,UUUUI042601200.U^I26,UUUU,2026-09-04,Call,12.0,,,False
2026-07-16,UUUUI042601250.U^I26,UUUU,2026-09-04,Call,12.5,,,False
2026-07-16,UUUUI042601300.U^I26,UUUU,2026-09-04,Call,13.0,,,False
2026-07-16,UUUUI042601350.U^I26,UUUU,2026-09-04,Call,13.5,,,False
2026-07-16,UUUUI042601400.U^I26,UUUU,2026-09-04,Call,14.0,,,False
2026-07-16,UUUUI042601450.U^I26,UUUU,2026-09-04,Call,14.5,,,False
2026-07-16,UUUUI042601500.U^I26,UUUU,2026-09-04,Call,15.0,,,False
2026-07-16,UUUUI042601550.U^I26,UUUU,2026-09-04,Call,15.5,,,False
2026-07-16,UUUUI042601600.U^I26,UUUU,2026-09-04,Call,16.0,,,False
2026-07-16,UUUUI042601650.U^I26,UUUU,2026-09-04,Call,16.5,,,False
2026-07-16,UUUUI042601700.U^I26,UUUU,2026-09-04,Call,17.0,,,False
2026-07-16,UUUUI042601750.U^I26,UUUU,2026-09-04,Call,17.5,,,False
2026-07-16,UUUUI042601800.U^I26,UUUU,2026-09-04,Call,18.0,,,False
2026-07-16,UUUUI042601850.U^I26,UUUU,2026-09-04,Call,18.5,,,False
2026-07-16,UUUUS172601100.U^G26,UUUU,2026-07-17,Put,11.0,0.045,0.05,True
2026-07-16,UUUUS172601150.U^G26,UUUU,2026-07-17,Put,11.5,0.14,0.15,True
2026-07-16,UUUUS172601200.U^G26,UUUU,2026-07-17,Put,12.0,0.43,0.54,True
2026-07-16,UUUUS172601250.U^G26,UUUU,2026-07-17,Put,12.5,0.975,0.85,True
2026-07-16,UUUUS172601300.U^G26,UUUU,2026-07-17,Put,13.0,1.33,1.37,True
2026-07-16,UUUUS172601350.U^G26,UUUU,2026-07-17,Put,13.5,1.925,1.95,True
2026-07-16,UUUUS172601400.U^G26,UUUU,2026-07-17,Put,14.0,2.465,2.45,True
2026-07-16,UUUUS172601450.U^G26,UUUU,2026-07-17,Put,14.5,2.955,2.95,True
2026-07-16,UUUUS172601500.U^G26,UUUU,2026-07-17,Put,15.0,3.375,3.41,True
2026-07-16,UUUUS172601550.U^G26,UUUU,2026-07-17,Put,15.5,3.975,4.05,True
2026-07-16,UUUUS172601600.U^G26,UUUU,2026-07-17,Put,16.0,4.475,4.37,True
2026-07-16,UUUUS172601650.U^G26,UUUU,2026-07-17,Put,16.5,4.8,5.35,True
2026-07-16,UUUUS172601700.U^G26,UUUU,2026-07-17,Put,17.0,5.35,5.31,True
2026-07-16,UUUUS172601750.U^G26,UUUU,2026-07-17,Put,17.5,6.225,,True
2026-07-16,UUUUS172601800.U^G26,UUUU,2026-07-17,Put,18.0,6.4,6.27,True
2026-07-16,UUUUS172601850.U^G26,UUUU,2026-07-17,Put,18.5,6.975,,True
2026-07-16,UUUUS242601050.U^G26,UUUU,2026-07-24,Put,10.5,0.13,0.15,True
2026-07-16,UUUUS242601100.U^G26,UUUU,2026-07-24,Put,11.0,0.265,0.25,True
2026-07-16,UUUUS242601150.U^G26,UUUU,2026-07-24,Put,11.5,0.445,0.47,True
2026-07-16,UUUUS242601200.U^G26,UUUU,2026-07-24,Put,12.0,0.715,0.71,True
2026-07-16,UUUUS242601250.U^G26,UUUU,2026-07-24,Put,12.5,1.045,1.13,True
2026-07-16,UUUUS242601300.U^G26,UUUU,2026-07-24,Put,13.0,1.46,1.53,True
2026-07-16,UUUUS242601350.U^G26,UUUU,2026-07-24,Put,13.5,1.99,1.99,True
2026-07-16,UUUUS242601400.U^G26,UUUU,2026-07-24,Put,14.0,2.47,2.39,True
2026-07-16,UUUUS242601450.U^G26,UUUU,2026-07-24,Put,14.5,2.87,2.9,True
2026-07-16,UUUUS242601500.U^G26,UUUU,2026-07-24,Put,15.0,3.425,3.55,True
2026-07-16,UUUUS242601550.U^G26,UUUU,2026-07-24,Put,15.5,3.775,,True
2026-07-16,UUUUS242601600.U^G26,UUUU,2026-07-24,Put,16.0,4.475,4.41,True
2026-07-16,UUUUS242601650.U^G26,UUUU,2026-07-24,Put,16.5,4.975,4.93,True
2026-07-16,UUUUS242601700.U^G26,UUUU,2026-07-24,Put,17.0,5.475,5.05,True
2026-07-16,UUUUS242601750.U^G26,UUUU,2026-07-24,Put,17.5,5.875,,True
2026-07-16,UUUUS242601800.U^G26,UUUU,2026-07-24,Put,18.0,6.225,,True
2026-07-16,UUUUS242601850.U^G26,UUUU,2026-07-24,Put,18.5,6.925,6.9,True
2026-07-16,UUUUS312601050.U^G26,UUUU,2026-07-31,Put,10.5,0.28,0.29,True
2026-07-16,UUUUS312601100.U^G26,UUUU,2026-07-31,Put,11.0,0.445,0.45,True
2026-07-16,UUUUS312601150.U^G26,UUUU,2026-07-31,Put,11.5,0.665,0.65,True
2026-07-16,UUUUS312601200.U^G26,UUUU,2026-07-31,Put,12.0,0.945,0.85,True
2026-07-16,UUUUS312601250.U^G26,UUUU,2026-07-31,Put,12.5,1.22,1.3,True
2026-07-16,UUUUS312601300.U^G26,UUUU,2026-07-31,Put,13.0,1.575,1.61,True
2026-07-16,UUUUS312601350.U^G26,UUUU,2026-07-31,Put,13.5,2.065,2.04,True
2026-07-16,UUUUS312601400.U^G26,UUUU,2026-07-31,Put,14.0,2.585,2.53,True
2026-07-16,UUUUS312601450.U^G26,UUUU,2026-07-31,Put,14.5,3.005,3.01,True
2026-07-16,UUUUS312601500.U^G26,UUUU,2026-07-31,Put,15.0,3.5,3.5,True
2026-07-16,UUUUS312601550.U^G26,UUUU,2026-07-31,Put,15.5,3.75,,True
2026-07-16,UUUUS312601600.U^G26,UUUU,2026-07-31,Put,16.0,4.425,3.9,True
2026-07-16,UUUUS312601650.U^G26,UUUU,2026-07-31,Put,16.5,4.925,4.97,True
2026-07-16,UUUUS312601700.U^G26,UUUU,2026-07-31,Put,17.0,5.4,5.4,True
2026-07-16,UUUUS312601750.U^G26,UUUU,2026-07-31,Put,17.5,5.675,,True
2026-07-16,UUUUS312601800.U^G26,UUUU,2026-07-31,Put,18.0,6.3,,True
2026-07-16,UUUUS312601850.U^G26,UUUU,2026-07-31,Put,18.5,6.675,,True
2026-07-16,UUUUT072601050.U^H26,UUUU,2026-08-07,Put,10.5,0.44,0.46,True
2026-07-16,UUUUT072601100.U^H26,UUUU,2026-08-07,Put,11.0,0.63,0.64,True
2026-07-16,UUUUT072601150.U^H26,UUUU,2026-08-07,Put,11.5,0.855,0.75,True
2026-07-16,UUUUT072601200.U^H26,UUUU,2026-08-07,Put,12.0,1.14,1.15,True
2026-07-16,UUUUT072601250.U^H26,UUUU,2026-08-07,Put,12.5,1.455,1.48,True
2026-07-16,UUUUT072601300.U^H26,UUUU,2026-08-07,Put,13.0,1.795,1.8,True
2026-07-16,UUUUT072601350.U^H26,UUUU,2026-08-07,Put,13.5,2.175,2.2,True
2026-07-16,UUUUT072601400.U^H26,UUUU,2026-08-07,Put,14.0,2.615,2.3,True
2026-07-16,UUUUT072601450.U^H26,UUUU,2026-08-07,Put,14.5,3.055,2.98,True
2026-07-16,UUUUT072601500.U^H26,UUUU,2026-08-07,Put,15.0,3.525,3.49,True
2026-07-16,UUUUT072601550.U^H26,UUUU,2026-08-07,Put,15.5,3.925,,True
2026-07-16,UUUUT072601600.U^H26,UUUU,2026-08-07,Put,16.0,4.475,4.47,True
2026-07-16,UUUUT072601650.U^H26,UUUU,2026-08-07,Put,16.5,5.05,5.04,True
2026-07-16,UUUUT072601700.U^H26,UUUU,2026-08-07,Put,17.0,5.45,5.46,True
2026-07-16,UUUUT072601750.U^H26,UUUU,2026-08-07,Put,17.5,5.725,5.73,True
2026-07-16,UUUUT072601800.U^H26,UUUU,2026-08-07,Put,18.0,6.375,,True
2026-07-16,UUUUT072601850.U^H26,UUUU,2026-08-07,Put,18.5,6.95,,True
2026-07-16,UUUUT142601050.U^H26,UUUU,2026-08-14,Put,10.5,0.575,0.5,True
2026-07-16,UUUUT142601100.U^H26,UUUU,2026-08-14,Put,11.0,0.74,0.75,True
2026-07-16,UUUUT142601150.U^H26,UUUU,2026-08-14,Put,11.5,1.005,1.0,True
2026-07-16,UUUUT142601200.U^H26,UUUU,2026-08-14,Put,12.0,1.275,1.02,True
2026-07-16,UUUUT142601250.U^H26,UUUU,2026-08-14,Put,12.5,1.57,1.55,True
2026-07-16,UUUUT142601300.U^H26,UUUU,2026-08-14,Put,13.0,1.885,1.89,True
2026-07-16,UUUUT142601350.U^H26,UUUU,2026-08-14,Put,13.5,2.285,,True
2026-07-16,UUUUT142601400.U^H26,UUUU,2026-08-14,Put,14.0,2.69,2.59,True
2026-07-16,UUUUT142601450.U^H26,UUUU,2026-08-14,Put,14.5,3.145,3.16,True
2026-07-16,UUUUT142601500.U^H26,UUUU,2026-08-14,Put,15.0,3.55,3.55,True
2026-07-16,UUUUT142601550.U^H26,UUUU,2026-08-14,Put,15.5,4.0,,True
2026-07-16,UUUUT142601600.U^H26,UUUU,2026-08-14,Put,16.0,4.5,4.48,True
2026-07-16,UUUUT142601650.U^H26,UUUU,2026-08-14,Put,16.5,5.125,5.0,True
2026-07-16,UUUUT142601700.U^H26,UUUU,2026-08-14,Put,17.0,5.425,5.47,True
2026-07-16,UUUUT142601750.U^H26,UUUU,2026-08-14,Put,17.5,5.85,5.88,True
2026-07-16,UUUUT142601800.U^H26,UUUU,2026-08-14,Put,18.0,6.375,6.12,True
2026-07-16,UUUUT142601850.U^H26,UUUU,2026-08-14,Put,18.5,6.75,,True
2026-07-16,UUUUT212601050.U^H26,UUUU,2026-08-21,Put,10.5,,,False
2026-07-16,UUUUT212601100.U^H26,UUUU,2026-08-21,Put,11.0,0.805,0.82,True
2026-07-16,UUUUT212601150.U^H26,UUUU,2026-08-21,Put,11.5,,,False
2026-07-16,UUUUT212601200.U^H26,UUUU,2026-08-21,Put,12.0,1.31,1.37,True
2026-07-16,UUUUT212601250.U^H26,UUUU,2026-08-21,Put,12.5,,,False
2026-07-16,UUUUT212601300.U^H26,UUUU,2026-08-21,Put,13.0,2.02,2.02,True
2026-07-16,UUUUT212601350.U^H26,UUUU,2026-08-21,Put,13.5,,,False
2026-07-16,UUUUT212601400.U^H26,UUUU,2026-08-21,Put,14.0,2.795,2.77,True
2026-07-16,UUUUT212601450.U^H26,UUUU,2026-08-21,Put,14.5,,,False
2026-07-16,UUUUT212601500.U^H26,UUUU,2026-08-21,Put,15.0,3.625,3.55,True
2026-07-16,UUUUT212601550.U^H26,UUUU,2026-08-21,Put,15.5,,,False
2026-07-16,UUUUT212601600.U^H26,UUUU,2026-08-21,Put,16.0,4.525,4.53,True
2026-07-16,UUUUT212601650.U^H26,UUUU,2026-08-21,Put,16.5,,,False
2026-07-16,UUUUT212601700.U^H26,UUUU,2026-08-21,Put,17.0,5.5,5.5,True
2026-07-16,UUUUT212601750.U^H26,UUUU,2026-08-21,Put,17.5,,,False
2026-07-16,UUUUT212601800.U^H26,UUUU,2026-08-21,Put,18.0,6.45,6.14,True
2026-07-16,UUUUT212601850.U^H26,UUUU,2026-08-21,Put,18.5,,,False
2026-07-16,UUUUT282601050.U^H26,UUUU,2026-08-28,Put,10.5,0.76,,True
2026-07-16,UUUUT282601100.U^H26,UUUU,2026-08-28,Put,11.0,0.94,0.94,True
2026-07-16,UUUUT282601150.U^H26,UUUU,2026-08-28,Put,11.5,1.225,1.24,True
2026-07-16,UUUUT282601200.U^H26,UUUU,2026-08-28,Put,12.0,1.505,1.44,True
2026-07-16,UUUUT282601250.U^H26,UUUU,2026-08-28,Put,12.5,1.795,1.75,True
2026-07-16,UUUUT282601300.U^H26,UUUU,2026-08-28,Put,13.0,2.125,,True
2026-07-16,UUUUT282601350.U^H26,UUUU,2026-08-28,Put,13.5,2.495,,True
2026-07-16,UUUUT282601400.U^H26,UUUU,2026-08-28,Put,14.0,2.87,,True
2026-07-16,UUUUT282601450.U^H26,UUUU,2026-08-28,Put,14.5,3.165,3.13,True
2026-07-16,UUUUT282601500.U^H26,UUUU,2026-08-28,Put,15.0,3.675,,True
2026-07-16,UUUUT282601550.U^H26,UUUU,2026-08-28,Put,15.5,4.125,,True
2026-07-16,UUUUT282601600.U^H26,UUUU,2026-08-28,Put,16.0,4.575,4.5,True
2026-07-16,UUUUT282601650.U^H26,UUUU,2026-08-28,Put,16.5,5.125,4.95,True
2026-07-16,UUUUT282601700.U^H26,UUUU,2026-08-28,Put,17.0,5.55,5.17,True
2026-07-16,UUUUT282601750.U^H26,UUUU,2026-08-28,Put,17.5,5.825,,True
2026-07-16,UUUUT282601800.U^H26,UUUU,2026-08-28,Put,18.0,6.4,,True
2026-07-16,UUUUT282601850.U^H26,UUUU,2026-08-28,Put,18.5,6.8,,True
2026-07-16,UUUUU042601050.U^I26,UUUU,2026-09-04,Put,10.5,,,False
2026-07-16,UUUUU042601100.U^I26,UUUU,2026-09-04,Put,11.0,,,False
2026-07-16,UUUUU042601150.U^I26,UUUU,2026-09-04,Put,11.5,,,False
2026-07-16,UUUUU042601200.U^I26,UUUU,2026-09-04,Put,12.0,,,False
2026-07-16,UUUUU042601250.U^I26,UUUU,2026-09-04,Put,12.5,,,False
2026-07-16,UUUUU042601300.U^I26,UUUU,2026-09-04,Put,13.0,,,False
2026-07-16,UUUUU042601350.U^I26,UUUU,2026-09-04,Put,13.5,,,False
2026-07-16,UUUUU042601400.U^I26,UUUU,2026-09-04,Put,14.0,,,False
2026-07-16,UUUUU042601450.U^I26,UUUU,2026-09-04,Put,14.5,,,False
2026-07-16,UUUUU042601500.U^I26,UUUU,2026-09-04,Put,15.0,,,False
2026-07-16,UUUUU042601550.U^I26,UUUU,2026-09-04,Put,15.5,,,False
2026-07-16,UUUUU042601600.U^I26,UUUU,2026-09-04,Put,16.0,,,False
2026-07-16,UUUUU042601650.U^I26,UUUU,2026-09-04,Put,16.5,,,False
2026-07-16,UUUUU042601700.U^I26,UUUU,2026-09-04,Put,17.0,,,False
2026-07-16,UUUUU042601750.U^I26,UUUU,2026-09-04,Put,17.5,,,False
2026-07-16,UUUUU042601800.U^I26,UUUU,2026-09-04,Put,18.0,,,False
2026-07-16,UUUUU042601850.U^I26,UUUU,2026-09-04,Put,18.5,,,False
2026-07-17,UUUUG172601100.U^G26,UUUU,2026-07-17,Call,11.0,0.535,0.61,True
2026-07-17,UUUUG172601150.U^G26,UUUU,2026-07-17,Call,11.5,,0.01,True
2026-07-17,UUUUG172601200.U^G26,UUUU,2026-07-17,Call,12.0,,0.02,True
2026-07-17,UUUUG172601250.U^G26,UUUU,2026-07-17,Call,12.5,,0.03,True
2026-07-17,UUUUG172601300.U^G26,UUUU,2026-07-17,Call,13.0,,0.01,True
2026-07-17,UUUUG172601350.U^G26,UUUU,2026-07-17,Call,13.5,,0.01,True
2026-07-17,UUUUG172601400.U^G26,UUUU,2026-07-17,Call,14.0,,0.01,True
2026-07-17,UUUUG172601450.U^G26,UUUU,2026-07-17,Call,14.5,,0.01,True
2026-07-17,UUUUG172601500.U^G26,UUUU,2026-07-17,Call,15.0,,0.04,True
2026-07-17,UUUUG172601550.U^G26,UUUU,2026-07-17,Call,15.5,,0.01,True
2026-07-17,UUUUG172601600.U^G26,UUUU,2026-07-17,Call,16.0,,0.01,True
2026-07-17,UUUUG172601650.U^G26,UUUU,2026-07-17,Call,16.5,,0.01,True
2026-07-17,UUUUG172601700.U^G26,UUUU,2026-07-17,Call,17.0,,0.01,True
2026-07-17,UUUUG172601750.U^G26,UUUU,2026-07-17,Call,17.5,,0.08,True
2026-07-17,UUUUG172601800.U^G26,UUUU,2026-07-17,Call,18.0,,0.01,True
2026-07-17,UUUUG172601850.U^G26,UUUU,2026-07-17,Call,18.5,,0.11,True
2026-07-17,UUUUG242601050.U^G26,UUUU,2026-07-24,Call,10.5,1.23,1.11,True
2026-07-17,UUUUG242601100.U^G26,UUUU,2026-07-24,Call,11.0,0.79,0.85,True
2026-07-17,UUUUG242601150.U^G26,UUUU,2026-07-24,Call,11.5,0.49,0.53,True
2026-07-17,UUUUG242601200.U^G26,UUUU,2026-07-24,Call,12.0,0.28,0.3,True
2026-07-17,UUUUG242601250.U^G26,UUUU,2026-07-24,Call,12.5,0.175,0.17,True
2026-07-17,UUUUG242601300.U^G26,UUUU,2026-07-24,Call,13.0,0.095,0.1,True
2026-07-17,UUUUG242601350.U^G26,UUUU,2026-07-24,Call,13.5,0.045,0.05,True
2026-07-17,UUUUG242601400.U^G26,UUUU,2026-07-24,Call,14.0,0.03,0.03,True
2026-07-17,UUUUG242601450.U^G26,UUUU,2026-07-24,Call,14.5,0.035,0.02,True
2026-07-17,UUUUG242601500.U^G26,UUUU,2026-07-24,Call,15.0,,0.03,True
2026-07-17,UUUUG242601550.U^G26,UUUU,2026-07-24,Call,15.5,,0.02,True
2026-07-17,UUUUG242601600.U^G26,UUUU,2026-07-24,Call,16.0,,0.04,True
2026-07-17,UUUUG242601650.U^G26,UUUU,2026-07-24,Call,16.5,0.04,0.02,True
2026-07-17,UUUUG242601700.U^G26,UUUU,2026-07-24,Call,17.0,0.02,,True
2026-07-17,UUUUG242601750.U^G26,UUUU,2026-07-24,Call,17.5,,0.02,True
2026-07-17,UUUUG242601800.U^G26,UUUU,2026-07-24,Call,18.0,,,True
2026-07-17,UUUUG242601850.U^G26,UUUU,2026-07-24,Call,18.5,,,True
2026-07-17,UUUUG312601050.U^G26,UUUU,2026-07-31,Call,10.5,1.325,,True
2026-07-17,UUUUG312601100.U^G26,UUUU,2026-07-31,Call,11.0,0.945,1.09,True
2026-07-17,UUUUG312601150.U^G26,UUUU,2026-07-31,Call,11.5,0.72,0.75,True
2026-07-17,UUUUG312601200.U^G26,UUUU,2026-07-31,Call,12.0,0.52,0.58,True
2026-07-17,UUUUG312601250.U^G26,UUUU,2026-07-31,Call,12.5,0.36,0.35,True
2026-07-17,UUUUG312601300.U^G26,UUUU,2026-07-31,Call,13.0,0.25,0.26,True
2026-07-17,UUUUG312601350.U^G26,UUUU,2026-07-31,Call,13.5,0.17,0.16,True
2026-07-17,UUUUG312601400.U^G26,UUUU,2026-07-31,Call,14.0,0.105,0.12,True
2026-07-17,UUUUG312601450.U^G26,UUUU,2026-07-31,Call,14.5,0.065,0.06,True
2026-07-17,UUUUG312601500.U^G26,UUUU,2026-07-31,Call,15.0,0.045,0.06,True
2026-07-17,UUUUG312601550.U^G26,UUUU,2026-07-31,Call,15.5,0.065,0.03,True
2026-07-17,UUUUG312601600.U^G26,UUUU,2026-07-31,Call,16.0,,0.04,True
2026-07-17,UUUUG312601650.U^G26,UUUU,2026-07-31,Call,16.5,,0.02,True
2026-07-17,UUUUG312601700.U^G26,UUUU,2026-07-31,Call,17.0,,0.03,True
2026-07-17,UUUUG312601750.U^G26,UUUU,2026-07-31,Call,17.5,,,True
2026-07-17,UUUUG312601800.U^G26,UUUU,2026-07-31,Call,18.0,,0.17,True
2026-07-17,UUUUG312601850.U^G26,UUUU,2026-07-31,Call,18.5,,,True
2026-07-17,UUUUH072601050.U^H26,UUUU,2026-08-07,Call,10.5,1.505,,True
2026-07-17,UUUUH072601100.U^H26,UUUU,2026-08-07,Call,11.0,1.195,1.35,True
2026-07-17,UUUUH072601150.U^H26,UUUU,2026-08-07,Call,11.5,0.945,1.03,True
2026-07-17,UUUUH072601200.U^H26,UUUU,2026-08-07,Call,12.0,0.725,0.79,True
2026-07-17,UUUUH072601250.U^H26,UUUU,2026-08-07,Call,12.5,0.56,,True
2026-07-17,UUUUH072601300.U^H26,UUUU,2026-08-07,Call,13.0,0.415,0.39,True
2026-07-17,UUUUH072601350.U^H26,UUUU,2026-08-07,Call,13.5,0.31,0.33,True
2026-07-17,UUUUH072601400.U^H26,UUUU,2026-08-07,Call,14.0,0.235,0.22,True
2026-07-17,UUUUH072601450.U^H26,UUUU,2026-08-07,Call,14.5,0.175,0.16,True
2026-07-17,UUUUH072601500.U^H26,UUUU,2026-08-07,Call,15.0,0.125,0.12,True
2026-07-17,UUUUH072601550.U^H26,UUUU,2026-08-07,Call,15.5,0.065,,True
2026-07-17,UUUUH072601600.U^H26,UUUU,2026-08-07,Call,16.0,0.08,0.09,True
2026-07-17,UUUUH072601650.U^H26,UUUU,2026-08-07,Call,16.5,,,True
2026-07-17,UUUUH072601700.U^H26,UUUU,2026-08-07,Call,17.0,,,True
2026-07-17,UUUUH072601750.U^H26,UUUU,2026-08-07,Call,17.5,,,True
2026-07-17,UUUUH072601800.U^H26,UUUU,2026-08-07,Call,18.0,0.115,0.07,True
2026-07-17,UUUUH072601850.U^H26,UUUU,2026-08-07,Call,18.5,0.055,,True
2026-07-17,UUUUH142601050.U^H26,UUUU,2026-08-14,Call,10.5,1.645,,True
2026-07-17,UUUUH142601100.U^H26,UUUU,2026-08-14,Call,11.0,1.35,1.41,True
2026-07-17,UUUUH142601150.U^H26,UUUU,2026-08-14,Call,11.5,1.095,,True
2026-07-17,UUUUH142601200.U^H26,UUUU,2026-08-14,Call,12.0,0.87,0.92,True
2026-07-17,UUUUH142601250.U^H26,UUUU,2026-08-14,Call,12.5,0.7,0.71,True
2026-07-17,UUUUH142601300.U^H26,UUUU,2026-08-14,Call,13.0,0.555,0.55,True
2026-07-17,UUUUH142601350.U^H26,UUUU,2026-08-14,Call,13.5,0.44,0.5,True
2026-07-17,UUUUH142601400.U^H26,UUUU,2026-08-14,Call,14.0,0.34,0.35,True
2026-07-17,UUUUH142601450.U^H26,UUUU,2026-08-14,Call,14.5,0.275,0.25,True
2026-07-17,UUUUH142601500.U^H26,UUUU,2026-08-14,Call,15.0,0.17,0.21,True
2026-07-17,UUUUH142601550.U^H26,UUUU,2026-08-14,Call,15.5,0.18,,True
2026-07-17,UUUUH142601600.U^H26,UUUU,2026-08-14,Call,16.0,0.135,0.14,True
2026-07-17,UUUUH142601650.U^H26,UUUU,2026-08-14,Call,16.5,0.1,0.1,True
2026-07-17,UUUUH142601700.U^H26,UUUU,2026-08-14,Call,17.0,0.145,,True
2026-07-17,UUUUH142601750.U^H26,UUUU,2026-08-14,Call,17.5,0.14,,True
2026-07-17,UUUUH142601800.U^H26,UUUU,2026-08-14,Call,18.0,,,True
2026-07-17,UUUUH142601850.U^H26,UUUU,2026-08-14,Call,18.5,,,True
2026-07-17,UUUUH212601050.U^H26,UUUU,2026-08-21,Call,10.5,,,False
2026-07-17,UUUUH212601100.U^H26,UUUU,2026-08-21,Call,11.0,1.48,1.53,True
2026-07-17,UUUUH212601150.U^H26,UUUU,2026-08-21,Call,11.5,,,False
2026-07-17,UUUUH212601200.U^H26,UUUU,2026-08-21,Call,12.0,0.95,0.95,True
2026-07-17,UUUUH212601250.U^H26,UUUU,2026-08-21,Call,12.5,,,False
2026-07-17,UUUUH212601300.U^H26,UUUU,2026-08-21,Call,13.0,0.62,0.66,True
2026-07-17,UUUUH212601350.U^H26,UUUU,2026-08-21,Call,13.5,,,False
2026-07-17,UUUUH212601400.U^H26,UUUU,2026-08-21,Call,14.0,0.395,0.4,True
2026-07-17,UUUUH212601450.U^H26,UUUU,2026-08-21,Call,14.5,,,False
2026-07-17,UUUUH212601500.U^H26,UUUU,2026-08-21,Call,15.0,0.27,0.27,True
2026-07-17,UUUUH212601550.U^H26,UUUU,2026-08-21,Call,15.5,,,False
2026-07-17,UUUUH212601600.U^H26,UUUU,2026-08-21,Call,16.0,0.185,0.19,True
2026-07-17,UUUUH212601650.U^H26,UUUU,2026-08-21,Call,16.5,,,False
2026-07-17,UUUUH212601700.U^H26,UUUU,2026-08-21,Call,17.0,0.135,0.13,True
2026-07-17,UUUUH212601750.U^H26,UUUU,2026-08-21,Call,17.5,,,False
2026-07-17,UUUUH212601800.U^H26,UUUU,2026-08-21,Call,18.0,0.07,0.07,True
2026-07-17,UUUUH212601850.U^H26,UUUU,2026-08-21,Call,18.5,,,False
2026-07-17,UUUUH282601050.U^H26,UUUU,2026-08-28,Call,10.5,1.835,,True
2026-07-17,UUUUH282601100.U^H26,UUUU,2026-08-28,Call,11.0,1.575,1.67,True
2026-07-17,UUUUH282601150.U^H26,UUUU,2026-08-28,Call,11.5,1.34,1.34,True
2026-07-17,UUUUH282601200.U^H26,UUUU,2026-08-28,Call,12.0,1.11,1.0,True
2026-07-17,UUUUH282601250.U^H26,UUUU,2026-08-28,Call,12.5,0.935,1.07,True
2026-07-17,UUUUH282601300.U^H26,UUUU,2026-08-28,Call,13.0,0.775,,True
2026-07-17,UUUUH282601350.U^H26,UUUU,2026-08-28,Call,13.5,0.66,,True
2026-07-17,UUUUH282601400.U^H26,UUUU,2026-08-28,Call,14.0,0.545,0.53,True
2026-07-17,UUUUH282601450.U^H26,UUUU,2026-08-28,Call,14.5,0.435,0.42,True
2026-07-17,UUUUH282601500.U^H26,UUUU,2026-08-28,Call,15.0,0.37,0.34,True
2026-07-17,UUUUH282601550.U^H26,UUUU,2026-08-28,Call,15.5,0.29,0.26,True
2026-07-17,UUUUH282601600.U^H26,UUUU,2026-08-28,Call,16.0,0.24,0.25,True
2026-07-17,UUUUH282601650.U^H26,UUUU,2026-08-28,Call,16.5,0.205,,True
2026-07-17,UUUUH282601700.U^H26,UUUU,2026-08-28,Call,17.0,0.175,0.16,True
2026-07-17,UUUUH282601750.U^H26,UUUU,2026-08-28,Call,17.5,0.14,,True
2026-07-17,UUUUH282601800.U^H26,UUUU,2026-08-28,Call,18.0,0.11,0.12,True
2026-07-17,UUUUH282601850.U^H26,UUUU,2026-08-28,Call,18.5,0.15,,True
2026-07-17,UUUUI042601050.U^I26,UUUU,2026-09-04,Call,10.5,,,False
2026-07-17,UUUUI042601100.U^I26,UUUU,2026-09-04,Call,11.0,,,False
2026-07-17,UUUUI042601150.U^I26,UUUU,2026-09-04,Call,11.5,,,False
2026-07-17,UUUUI042601200.U^I26,UUUU,2026-09-04,Call,12.0,,,False
2026-07-17,UUUUI042601250.U^I26,UUUU,2026-09-04,Call,12.5,,,False
2026-07-17,UUUUI042601300.U^I26,UUUU,2026-09-04,Call,13.0,,,False
2026-07-17,UUUUI042601350.U^I26,UUUU,2026-09-04,Call,13.5,,,False
2026-07-17,UUUUI042601400.U^I26,UUUU,2026-09-04,Call,14.0,,,False
2026-07-17,UUUUI042601450.U^I26,UUUU,2026-09-04,Call,14.5,,,False
2026-07-17,UUUUI042601500.U^I26,UUUU,2026-09-04,Call,15.0,,,False
2026-07-17,UUUUI042601550.U^I26,UUUU,2026-09-04,Call,15.5,,,False
2026-07-17,UUUUI042601600.U^I26,UUUU,2026-09-04,Call,16.0,,,False
2026-07-17,UUUUI042601650.U^I26,UUUU,2026-09-04,Call,16.5,,,False
2026-07-17,UUUUI042601700.U^I26,UUUU,2026-09-04,Call,17.0,,,False
2026-07-17,UUUUI042601750.U^I26,UUUU,2026-09-04,Call,17.5,,,False
2026-07-17,UUUUI042601800.U^I26,UUUU,2026-09-04,Call,18.0,,,False
2026-07-17,UUUUI042601850.U^I26,UUUU,2026-09-04,Call,18.5,,,False
2026-07-17,UUUUS172601100.U^G26,UUUU,2026-07-17,Put,11.0,,0.01,True
2026-07-17,UUUUS172601150.U^G26,UUUU,2026-07-17,Put,11.5,,0.03,True
2026-07-17,UUUUS172601200.U^G26,UUUU,2026-07-17,Put,12.0,0.435,0.43,True
2026-07-17,UUUUS172601250.U^G26,UUUU,2026-07-17,Put,12.5,0.995,1.01,True
2026-07-17,UUUUS172601300.U^G26,UUUU,2026-07-17,Put,13.0,1.46,1.42,True
2026-07-17,UUUUS172601350.U^G26,UUUU,2026-07-17,Put,13.5,1.945,1.56,True
2026-07-17,UUUUS172601400.U^G26,UUUU,2026-07-17,Put,14.0,2.47,2.45,True
2026-07-17,UUUUS172601450.U^G26,UUUU,2026-07-17,Put,14.5,2.855,3.06,True
2026-07-17,UUUUS172601500.U^G26,UUUU,2026-07-17,Put,15.0,3.4,2.95,True
2026-07-17,UUUUS172601550.U^G26,UUUU,2026-07-17,Put,15.5,3.95,,True
2026-07-17,UUUUS172601600.U^G26,UUUU,2026-07-17,Put,16.0,4.45,4.48,True
2026-07-17,UUUUS172601650.U^G26,UUUU,2026-07-17,Put,16.5,4.975,5.02,True
2026-07-17,UUUUS172601700.U^G26,UUUU,2026-07-17,Put,17.0,5.425,5.43,True
2026-07-17,UUUUS172601750.U^G26,UUUU,2026-07-17,Put,17.5,6.0,,True
2026-07-17,UUUUS172601800.U^G26,UUUU,2026-07-17,Put,18.0,6.525,,True
2026-07-17,UUUUS172601850.U^G26,UUUU,2026-07-17,Put,18.5,7.025,,True
2026-07-17,UUUUS242601050.U^G26,UUUU,2026-07-24,Put,10.5,0.155,0.12,True
2026-07-17,UUUUS242601100.U^G26,UUUU,2026-07-24,Put,11.0,0.28,0.28,True
2026-07-17,UUUUS242601150.U^G26,UUUU,2026-07-24,Put,11.5,0.52,0.49,True
2026-07-17,UUUUS242601200.U^G26,UUUU,2026-07-24,Put,12.0,0.805,0.76,True
2026-07-17,UUUUS242601250.U^G26,UUUU,2026-07-24,Put,12.5,1.17,1.06,True
2026-07-17,UUUUS242601300.U^G26,UUUU,2026-07-24,Put,13.0,1.515,1.42,True
2026-07-17,UUUUS242601350.U^G26,UUUU,2026-07-24,Put,13.5,1.965,1.88,True
2026-07-17,UUUUS242601400.U^G26,UUUU,2026-07-24,Put,14.0,2.425,2.4,True
2026-07-17,UUUUS242601450.U^G26,UUUU,2026-07-24,Put,14.5,2.875,3.08,True
2026-07-17,UUUUS242601500.U^G26,UUUU,2026-07-24,Put,15.0,3.525,3.57,True
2026-07-17,UUUUS242601550.U^G26,UUUU,2026-07-24,Put,15.5,4.025,,True
2026-07-17,UUUUS242601600.U^G26,UUUU,2026-07-24,Put,16.0,4.475,4.47,True
2026-07-17,UUUUS242601650.U^G26,UUUU,2026-07-24,Put,16.5,4.975,4.9,True
2026-07-17,UUUUS242601700.U^G26,UUUU,2026-07-24,Put,17.0,5.5,5.4,True
2026-07-17,UUUUS242601750.U^G26,UUUU,2026-07-24,Put,17.5,5.925,,True
2026-07-17,UUUUS242601800.U^G26,UUUU,2026-07-24,Put,18.0,6.5,,True
2026-07-17,UUUUS242601850.U^G26,UUUU,2026-07-24,Put,18.5,6.9,6.88,True
2026-07-17,UUUUS312601050.U^G26,UUUU,2026-07-31,Put,10.5,0.3,0.29,True
2026-07-17,UUUUS312601100.U^G26,UUUU,2026-07-31,Put,11.0,0.52,0.48,True
2026-07-17,UUUUS312601150.U^G26,UUUU,2026-07-31,Put,11.5,0.71,0.58,True
2026-07-17,UUUUS312601200.U^G26,UUUU,2026-07-31,Put,12.0,1.005,0.92,True
2026-07-17,UUUUS312601250.U^G26,UUUU,2026-07-31,Put,12.5,1.365,1.24,True
2026-07-17,UUUUS312601300.U^G26,UUUU,2026-07-31,Put,13.0,1.765,1.68,True
2026-07-17,UUUUS312601350.U^G26,UUUU,2026-07-31,Put,13.5,2.095,2.01,True
2026-07-17,UUUUS312601400.U^G26,UUUU,2026-07-31,Put,14.0,2.5,2.6,True
2026-07-17,UUUUS312601450.U^G26,UUUU,2026-07-31,Put,14.5,3.045,2.94,True
2026-07-17,UUUUS312601500.U^G26,UUUU,2026-07-31,Put,15.0,3.5,3.5,True
2026-07-17,UUUUS312601550.U^G26,UUUU,2026-07-31,Put,15.5,4.0,,True
2026-07-17,UUUUS312601600.U^G26,UUUU,2026-07-31,Put,16.0,4.475,4.53,True
2026-07-17,UUUUS312601650.U^G26,UUUU,2026-07-31,Put,16.5,4.975,4.98,True
2026-07-17,UUUUS312601700.U^G26,UUUU,2026-07-31,Put,17.0,5.4,,True
2026-07-17,UUUUS312601750.U^G26,UUUU,2026-07-31,Put,17.5,6.0,,True
2026-07-17,UUUUS312601800.U^G26,UUUU,2026-07-31,Put,18.0,6.45,6.58,True
2026-07-17,UUUUS312601850.U^G26,UUUU,2026-07-31,Put,18.5,6.975,6.94,True
2026-07-17,UUUUT072601050.U^H26,UUUU,2026-08-07,Put,10.5,0.465,0.48,True
2026-07-17,UUUUT072601100.U^H26,UUUU,2026-08-07,Put,11.0,0.665,0.74,True
2026-07-17,UUUUT072601150.U^H26,UUUU,2026-08-07,Put,11.5,0.905,0.85,True
2026-07-17,UUUUT072601200.U^H26,UUUU,2026-08-07,Put,12.0,1.175,1.16,True
2026-07-17,UUUUT072601250.U^H26,UUUU,2026-08-07,Put,12.5,1.515,,True
2026-07-17,UUUUT072601300.U^H26,UUUU,2026-08-07,Put,13.0,1.875,1.9,True
2026-07-17,UUUUT072601350.U^H26,UUUU,2026-08-07,Put,13.5,2.27,2.19,True
2026-07-17,UUUUT072601400.U^H26,UUUU,2026-08-07,Put,14.0,2.695,,True
2026-07-17,UUUUT072601450.U^H26,UUUU,2026-08-07,Put,14.5,3.16,3.0,True
2026-07-17,UUUUT072601500.U^H26,UUUU,2026-08-07,Put,15.0,3.475,3.45,True
2026-07-17,UUUUT072601550.U^H26,UUUU,2026-08-07,Put,15.5,3.925,,True
2026-07-17,UUUUT072601600.U^H26,UUUU,2026-08-07,Put,16.0,4.525,,True
2026-07-17,UUUUT072601650.U^H26,UUUU,2026-08-07,Put,16.5,5.0,4.97,True
2026-07-17,UUUUT072601700.U^H26,UUUU,2026-08-07,Put,17.0,5.525,5.42,True
2026-07-17,UUUUT072601750.U^H26,UUUU,2026-08-07,Put,17.5,6.0,,True
2026-07-17,UUUUT072601800.U^H26,UUUU,2026-08-07,Put,18.0,6.55,,True
2026-07-17,UUUUT072601850.U^H26,UUUU,2026-08-07,Put,18.5,7.025,,True
2026-07-17,UUUUT142601050.U^H26,UUUU,2026-08-14,Put,10.5,0.605,,True
2026-07-17,UUUUT142601100.U^H26,UUUU,2026-08-14,Put,11.0,0.805,0.7,True
2026-07-17,UUUUT142601150.U^H26,UUUU,2026-08-14,Put,11.5,1.03,1.06,True
2026-07-17,UUUUT142601200.U^H26,UUUU,2026-08-14,Put,12.0,1.34,1.25,True
2026-07-17,UUUUT142601250.U^H26,UUUU,2026-08-14,Put,12.5,1.66,1.55,True
2026-07-17,UUUUT142601300.U^H26,UUUU,2026-08-14,Put,13.0,2.005,2.0,True
2026-07-17,UUUUT142601350.U^H26,UUUU,2026-08-14,Put,13.5,2.395,,True
2026-07-17,UUUUT142601400.U^H26,UUUU,2026-08-14,Put,14.0,2.77,2.71,True
2026-07-17,UUUUT142601450.U^H26,UUUU,2026-08-14,Put,14.5,3.225,3.08,True
2026-07-17,UUUUT142601500.U^H26,UUUU,2026-08-14,Put,15.0,3.625,3.62,True
2026-07-17,UUUUT142601550.U^H26,UUUU,2026-08-14,Put,15.5,3.95,,True
2026-07-17,UUUUT142601600.U^H26,UUUU,2026-08-14,Put,16.0,4.6,4.47,True
2026-07-17,UUUUT142601650.U^H26,UUUU,2026-08-14,Put,16.5,5.0,5.0,True
2026-07-17,UUUUT142601700.U^H26,UUUU,2026-08-14,Put,17.0,5.5,5.49,True
2026-07-17,UUUUT142601750.U^H26,UUUU,2026-08-14,Put,17.5,5.925,,True
2026-07-17,UUUUT142601800.U^H26,UUUU,2026-08-14,Put,18.0,6.525,,True
2026-07-17,UUUUT142601850.U^H26,UUUU,2026-08-14,Put,18.5,7.05,,True
2026-07-17,UUUUT212601050.U^H26,UUUU,2026-08-21,Put,10.5,,,False
2026-07-17,UUUUT212601100.U^H26,UUUU,2026-08-21,Put,11.0,0.885,0.88,True
2026-07-17,UUUUT212601150.U^H26,UUUU,2026-08-21,Put,11.5,,,False
2026-07-17,UUUUT212601200.U^H26,UUUU,2026-08-21,Put,12.0,1.4,1.38,True
2026-07-17,UUUUT212601250.U^H26,UUUU,2026-08-21,Put,12.5,,,False
2026-07-17,UUUUT212601300.U^H26,UUUU,2026-08-21,Put,13.0,2.07,2.05,True
2026-07-17,UUUUT212601350.U^H26,UUUU,2026-08-21,Put,13.5,,,False
2026-07-17,UUUUT212601400.U^H26,UUUU,2026-08-21,Put,14.0,2.855,2.83,True
2026-07-17,UUUUT212601450.U^H26,UUUU,2026-08-21,Put,14.5,,,False
2026-07-17,UUUUT212601500.U^H26,UUUU,2026-08-21,Put,15.0,3.6,3.6,True
2026-07-17,UUUUT212601550.U^H26,UUUU,2026-08-21,Put,15.5,,,False
2026-07-17,UUUUT212601600.U^H26,UUUU,2026-08-21,Put,16.0,4.55,4.5,True
2026-07-17,UUUUT212601650.U^H26,UUUU,2026-08-21,Put,16.5,,,False
2026-07-17,UUUUT212601700.U^H26,UUUU,2026-08-21,Put,17.0,5.55,5.48,True
2026-07-17,UUUUT212601750.U^H26,UUUU,2026-08-21,Put,17.5,,,False
2026-07-17,UUUUT212601800.U^H26,UUUU,2026-08-21,Put,18.0,6.6,6.5,True
2026-07-17,UUUUT212601850.U^H26,UUUU,2026-08-21,Put,18.5,,,False
2026-07-17,UUUUT282601050.U^H26,UUUU,2026-08-28,Put,10.5,0.75,,True
2026-07-17,UUUUT282601100.U^H26,UUUU,2026-08-28,Put,11.0,0.975,,True
2026-07-17,UUUUT282601150.U^H26,UUUU,2026-08-28,Put,11.5,1.22,,True
2026-07-17,UUUUT282601200.U^H26,UUUU,2026-08-28,Put,12.0,1.545,,True
2026-07-17,UUUUT282601250.U^H26,UUUU,2026-08-28,Put,12.5,1.835,1.89,True
2026-07-17,UUUUT282601300.U^H26,UUUU,2026-08-28,Put,13.0,2.17,2.12,True
2026-07-17,UUUUT282601350.U^H26,UUUU,2026-08-28,Put,13.5,2.565,2.57,True
2026-07-17,UUUUT282601400.U^H26,UUUU,2026-08-28,Put,14.0,2.99,2.87,True
2026-07-17,UUUUT282601450.U^H26,UUUU,2026-08-28,Put,14.5,3.325,,True
2026-07-17,UUUUT282601500.U^H26,UUUU,2026-08-28,Put,15.0,3.7,,True
2026-07-17,UUUUT282601550.U^H26,UUUU,2026-08-28,Put,15.5,4.125,,True
2026-07-17,UUUUT282601600.U^H26,UUUU,2026-08-28,Put,16.0,4.575,4.62,True
2026-07-17,UUUUT282601650.U^H26,UUUU,2026-08-28,Put,16.5,5.075,5.07,True
2026-07-17,UUUUT282601700.U^H26,UUUU,2026-08-28,Put,17.0,5.525,5.55,True
2026-07-17,UUUUT282601750.U^H26,UUUU,2026-08-28,Put,17.5,6.05,,True
2026-07-17,UUUUT282601800.U^H26,UUUU,2026-08-28,Put,18.0,6.475,,True
2026-07-17,UUUUT282601850.U^H26,UUUU,2026-08-28,Put,18.5,6.925,,True
2026-07-17,UUUUU042601050.U^I26,UUUU,2026-09-04,Put,10.5,,,False
2026-07-17,UUUUU042601100.U^I26,UUUU,2026-09-04,Put,11.0,,,False
2026-07-17,UUUUU042601150.U^I26,UUUU,2026-09-04,Put,11.5,,,False
2026-07-17,UUUUU042601200.U^I26,UUUU,2026-09-04,Put,12.0,,,False
2026-07-17,UUUUU042601250.U^I26,UUUU,2026-09-04,Put,12.5,,,False
2026-07-17,UUUUU042601300.U^I26,UUUU,2026-09-04,Put,13.0,,,False
2026-07-17,UUUUU042601350.U^I26,UUUU,2026-09-04,Put,13.5,,,False
2026-07-17,UUUUU042601400.U^I26,UUUU,2026-09-04,Put,14.0,,,False
2026-07-17,UUUUU042601450.U^I26,UUUU,2026-09-04,Put,14.5,,,False
2026-07-17,UUUUU042601500.U^I26,UUUU,2026-09-04,Put,15.0,,,False
2026-07-17,UUUUU042601550.U^I26,UUUU,2026-09-04,Put,15.5,,,False
2026-07-17,UUUUU042601600.U^I26,UUUU,2026-09-04,Put,16.0,,,False
2026-07-17,UUUUU042601650.U^I26,UUUU,2026-09-04,Put,16.5,,,False
2026-07-17,UUUUU042601700.U^I26,UUUU,2026-09-04,Put,17.0,,,False
2026-07-17,UUUUU042601750.U^I26,UUUU,2026-09-04,Put,17.5,,,False
2026-07-17,UUUUU042601800.U^I26,UUUU,2026-09-04,Put,18.0,,,False
2026-07-17,UUUUU042601850.U^I26,UUUU,2026-09-04,Put,18.5,,,False
2026-07-20,UUUUG242601050.U^G26,UUUU,2026-07-24,Call,10.5,1.25,,True
2026-07-20,UUUUG242601100.U^G26,UUUU,2026-07-24,Call,11.0,0.785,0.71,True
2026-07-20,UUUUG242601150.U^G26,UUUU,2026-07-24,Call,11.5,0.58,0.56,True
2026-07-20,UUUUG242601200.U^G26,UUUU,2026-07-24,Call,12.0,0.3,0.31,True
2026-07-20,UUUUG242601250.U^G26,UUUU,2026-07-24,Call,12.5,0.16,0.18,True
2026-07-20,UUUUG242601300.U^G26,UUUU,2026-07-24,Call,13.0,0.06,0.1,True
2026-07-20,UUUUG242601350.U^G26,UUUU,2026-07-24,Call,13.5,0.025,0.03,True
2026-07-20,UUUUG242601400.U^G26,UUUU,2026-07-24,Call,14.0,0.02,0.02,True
2026-07-20,UUUUG242601450.U^G26,UUUU,2026-07-24,Call,14.5,0.02,0.01,True
2026-07-20,UUUUG242601500.U^G26,UUUU,2026-07-24,Call,15.0,,0.02,True
2026-07-20,UUUUG242601550.U^G26,UUUU,2026-07-24,Call,15.5,,0.01,True
2026-07-20,UUUUG242601600.U^G26,UUUU,2026-07-24,Call,16.0,,0.01,True
2026-07-20,UUUUG242601650.U^G26,UUUU,2026-07-24,Call,16.5,,0.01,True
2026-07-20,UUUUG242601700.U^G26,UUUU,2026-07-24,Call,17.0,,0.01,True
2026-07-20,UUUUG242601750.U^G26,UUUU,2026-07-24,Call,17.5,,0.02,True
2026-07-20,UUUUG242601800.U^G26,UUUU,2026-07-24,Call,18.0,,0.02,True
2026-07-20,UUUUG242601850.U^G26,UUUU,2026-07-24,Call,18.5,,0.01,True
2026-07-20,UUUUG312601050.U^G26,UUUU,2026-07-31,Call,10.5,1.49,,True
2026-07-20,UUUUG312601100.U^G26,UUUU,2026-07-31,Call,11.0,1.125,1.14,True
2026-07-20,UUUUG312601150.U^G26,UUUU,2026-07-31,Call,11.5,0.83,0.83,True
2026-07-20,UUUUG312601200.U^G26,UUUU,2026-07-31,Call,12.0,0.59,0.58,True
2026-07-20,UUUUG312601250.U^G26,UUUU,2026-07-31,Call,12.5,0.385,0.4,True
2026-07-20,UUUUG312601300.U^G26,UUUU,2026-07-31,Call,13.0,0.25,0.25,True
2026-07-20,UUUUG312601350.U^G26,UUUU,2026-07-31,Call,13.5,0.18,0.19,True
2026-07-20,UUUUG312601400.U^G26,UUUU,2026-07-31,Call,14.0,0.09,0.1,True
2026-07-20,UUUUG312601450.U^G26,UUUU,2026-07-31,Call,14.5,0.075,0.09,True
2026-07-20,UUUUG312601500.U^G26,UUUU,2026-07-31,Call,15.0,0.035,0.04,True
2026-07-20,UUUUG312601550.U^G26,UUUU,2026-07-31,Call,15.5,0.04,0.03,True
2026-07-20,UUUUG312601600.U^G26,UUUU,2026-07-31,Call,16.0,,0.01,True
2026-07-20,UUUUG312601650.U^G26,UUUU,2026-07-31,Call,16.5,,,True
2026-07-20,UUUUG312601700.U^G26,UUUU,2026-07-31,Call,17.0,,0.01,True
2026-07-20,UUUUG312601750.U^G26,UUUU,2026-07-31,Call,17.5,,,True
2026-07-20,UUUUG312601800.U^G26,UUUU,2026-07-31,Call,18.0,,0.01,True
2026-07-20,UUUUG312601850.U^G26,UUUU,2026-07-31,Call,18.5,,0.01,True
2026-07-20,UUUUH072601050.U^H26,UUUU,2026-08-07,Call,10.5,1.65,,True
2026-07-20,UUUUH072601100.U^H26,UUUU,2026-08-07,Call,11.0,1.32,1.25,True
2026-07-20,UUUUH072601150.U^H26,UUUU,2026-08-07,Call,11.5,1.035,0.94,True
2026-07-20,UUUUH072601200.U^H26,UUUU,2026-08-07,Call,12.0,0.795,0.75,True
2026-07-20,UUUUH072601250.U^H26,UUUU,2026-08-07,Call,12.5,0.62,0.53,True
2026-07-20,UUUUH072601300.U^H26,UUUU,2026-08-07,Call,13.0,0.46,0.45,True
2026-07-20,UUUUH072601350.U^H26,UUUU,2026-08-07,Call,13.5,0.305,0.29,True
2026-07-20,UUUUH072601400.U^H26,UUUU,2026-08-07,Call,14.0,0.24,0.21,True
2026-07-20,UUUUH072601450.U^H26,UUUU,2026-08-07,Call,14.5,0.18,0.13,True
2026-07-20,UUUUH072601500.U^H26,UUUU,2026-08-07,Call,15.0,0.125,0.12,True
2026-07-20,UUUUH072601550.U^H26,UUUU,2026-08-07,Call,15.5,0.13,,True
2026-07-20,UUUUH072601600.U^H26,UUUU,2026-08-07,Call,16.0,0.05,0.06,True
2026-07-20,UUUUH072601650.U^H26,UUUU,2026-08-07,Call,16.5,,0.07,True
2026-07-20,UUUUH072601700.U^H26,UUUU,2026-08-07,Call,17.0,,0.03,True
2026-07-20,UUUUH072601750.U^H26,UUUU,2026-08-07,Call,17.5,,,True
2026-07-20,UUUUH072601800.U^H26,UUUU,2026-08-07,Call,18.0,,,True
2026-07-20,UUUUH072601850.U^H26,UUUU,2026-08-07,Call,18.5,,0.01,True
2026-07-20,UUUUH142601050.U^H26,UUUU,2026-08-14,Call,10.5,1.78,,True
2026-07-20,UUUUH142601100.U^H26,UUUU,2026-08-14,Call,11.0,1.47,,True
2026-07-20,UUUUH142601150.U^H26,UUUU,2026-08-14,Call,11.5,1.2,,True
2026-07-20,UUUUH142601200.U^H26,UUUU,2026-08-14,Call,12.0,0.95,0.77,True
2026-07-20,UUUUH142601250.U^H26,UUUU,2026-08-14,Call,12.5,0.77,0.71,True
2026-07-20,UUUUH142601300.U^H26,UUUU,2026-08-14,Call,13.0,0.605,0.6,True
2026-07-20,UUUUH142601350.U^H26,UUUU,2026-08-14,Call,13.5,0.47,0.4,True
2026-07-20,UUUUH142601400.U^H26,UUUU,2026-08-14,Call,14.0,0.38,0.34,True
2026-07-20,UUUUH142601450.U^H26,UUUU,2026-08-14,Call,14.5,0.28,0.24,True
2026-07-20,UUUUH142601500.U^H26,UUUU,2026-08-14,Call,15.0,0.22,0.18,True
2026-07-20,UUUUH142601550.U^H26,UUUU,2026-08-14,Call,15.5,0.135,0.15,True
2026-07-20,UUUUH142601600.U^H26,UUUU,2026-08-14,Call,16.0,0.135,0.1,True
2026-07-20,UUUUH142601650.U^H26,UUUU,2026-08-14,Call,16.5,0.135,,True
2026-07-20,UUUUH142601700.U^H26,UUUU,2026-08-14,Call,17.0,0.095,0.07,True
2026-07-20,UUUUH142601750.U^H26,UUUU,2026-08-14,Call,17.5,0.075,,True
2026-07-20,UUUUH142601800.U^H26,UUUU,2026-08-14,Call,18.0,,0.16,True
2026-07-20,UUUUH142601850.U^H26,UUUU,2026-08-14,Call,18.5,,0.11,True
2026-07-20,UUUUH212601050.U^H26,UUUU,2026-08-21,Call,10.5,1.89,,True
2026-07-20,UUUUH212601100.U^H26,UUUU,2026-08-21,Call,11.0,1.59,1.48,True
2026-07-20,UUUUH212601150.U^H26,UUUU,2026-08-21,Call,11.5,1.32,1.26,True
2026-07-20,UUUUH212601200.U^H26,UUUU,2026-08-21,Call,12.0,1.03,1.05,True
2026-07-20,UUUUH212601250.U^H26,UUUU,2026-08-21,Call,12.5,0.83,0.8,True
2026-07-20,UUUUH212601300.U^H26,UUUU,2026-08-21,Call,13.0,0.67,0.69,True
2026-07-20,UUUUH212601350.U^H26,UUUU,2026-08-21,Call,13.5,0.545,0.49,True
2026-07-20,UUUUH212601400.U^H26,UUUU,2026-08-21,Call,14.0,0.415,0.44,True
2026-07-20,UUUUH212601450.U^H26,UUUU,2026-08-21,Call,14.5,0.345,0.33,True
2026-07-20,UUUUH212601500.U^H26,UUUU,2026-08-21,Call,15.0,0.265,0.28,True
2026-07-20,UUUUH212601550.U^H26,UUUU,2026-08-21,Call,15.5,0.235,0.2,True
2026-07-20,UUUUH212601600.U^H26,UUUU,2026-08-21,Call,16.0,0.175,0.16,True
2026-07-20,UUUUH212601650.U^H26,UUUU,2026-08-21,Call,16.5,0.125,0.12,True
2026-07-20,UUUUH212601700.U^H26,UUUU,2026-08-21,Call,17.0,0.11,0.11,True
2026-07-20,UUUUH212601750.U^H26,UUUU,2026-08-21,Call,17.5,,,False
2026-07-20,UUUUH212601800.U^H26,UUUU,2026-08-21,Call,18.0,0.065,0.07,True
2026-07-20,UUUUH212601850.U^H26,UUUU,2026-08-21,Call,18.5,,,False
2026-07-20,UUUUH282601050.U^H26,UUUU,2026-08-28,Call,10.5,1.99,,True
2026-07-20,UUUUH282601100.U^H26,UUUU,2026-08-28,Call,11.0,1.705,,True
2026-07-20,UUUUH282601150.U^H26,UUUU,2026-08-28,Call,11.5,1.435,1.42,True
2026-07-20,UUUUH282601200.U^H26,UUUU,2026-08-28,Call,12.0,1.2,1.1,True
2026-07-20,UUUUH282601250.U^H26,UUUU,2026-08-28,Call,12.5,1.005,0.92,True
2026-07-20,UUUUH282601300.U^H26,UUUU,2026-08-28,Call,13.0,0.855,0.74,True
2026-07-20,UUUUH282601350.U^H26,UUUU,2026-08-28,Call,13.5,0.67,0.57,True
2026-07-20,UUUUH282601400.U^H26,UUUU,2026-08-28,Call,14.0,0.575,0.48,True
2026-07-20,UUUUH282601450.U^H26,UUUU,2026-08-28,Call,14.5,0.505,0.45,True
2026-07-20,UUUUH282601500.U^H26,UUUU,2026-08-28,Call,15.0,0.355,0.37,True
2026-07-20,UUUUH282601550.U^H26,UUUU,2026-08-28,Call,15.5,0.305,0.3,True
2026-07-20,UUUUH282601600.U^H26,UUUU,2026-08-28,Call,16.0,0.255,0.22,True
2026-07-20,UUUUH282601650.U^H26,UUUU,2026-08-28,Call,16.5,0.22,0.18,True
2026-07-20,UUUUH282601700.U^H26,UUUU,2026-08-28,Call,17.0,0.18,0.14,True
2026-07-20,UUUUH282601750.U^H26,UUUU,2026-08-28,Call,17.5,0.15,,True
2026-07-20,UUUUH282601800.U^H26,UUUU,2026-08-28,Call,18.0,0.11,0.1,True
2026-07-20,UUUUH282601850.U^H26,UUUU,2026-08-28,Call,18.5,0.105,0.09,True
2026-07-20,UUUUI042601050.U^I26,UUUU,2026-09-04,Call,10.5,,,False
2026-07-20,UUUUI042601100.U^I26,UUUU,2026-09-04,Call,11.0,,,False
2026-07-20,UUUUI042601150.U^I26,UUUU,2026-09-04,Call,11.5,,,False
2026-07-20,UUUUI042601200.U^I26,UUUU,2026-09-04,Call,12.0,,,False
2026-07-20,UUUUI042601250.U^I26,UUUU,2026-09-04,Call,12.5,,,False
2026-07-20,UUUUI042601300.U^I26,UUUU,2026-09-04,Call,13.0,,,False
2026-07-20,UUUUI042601350.U^I26,UUUU,2026-09-04,Call,13.5,,,False
2026-07-20,UUUUI042601400.U^I26,UUUU,2026-09-04,Call,14.0,,,False
2026-07-20,UUUUI042601450.U^I26,UUUU,2026-09-04,Call,14.5,,,False
2026-07-20,UUUUI042601500.U^I26,UUUU,2026-09-04,Call,15.0,,,False
2026-07-20,UUUUI042601550.U^I26,UUUU,2026-09-04,Call,15.5,,,False
2026-07-20,UUUUI042601600.U^I26,UUUU,2026-09-04,Call,16.0,,,False
2026-07-20,UUUUI042601650.U^I26,UUUU,2026-09-04,Call,16.5,,,False
2026-07-20,UUUUI042601700.U^I26,UUUU,2026-09-04,Call,17.0,,,False
2026-07-20,UUUUI042601750.U^I26,UUUU,2026-09-04,Call,17.5,,,False
2026-07-20,UUUUI042601800.U^I26,UUUU,2026-09-04,Call,18.0,,,False
2026-07-20,UUUUI042601850.U^I26,UUUU,2026-09-04,Call,18.5,,,False
2026-07-20,UUUUS242601050.U^G26,UUUU,2026-07-24,Put,10.5,0.045,0.06,True
2026-07-20,UUUUS242601100.U^G26,UUUU,2026-07-24,Put,11.0,0.15,0.14,True
2026-07-20,UUUUS242601150.U^G26,UUUU,2026-07-24,Put,11.5,0.285,0.35,True
2026-07-20,UUUUS242601200.U^G26,UUUU,2026-07-24,Put,12.0,0.55,0.56,True
2026-07-20,UUUUS242601250.U^G26,UUUU,2026-07-24,Put,12.5,0.865,1.02,True
2026-07-20,UUUUS242601300.U^G26,UUUU,2026-07-24,Put,13.0,1.37,1.48,True
2026-07-20,UUUUS242601350.U^G26,UUUU,2026-07-24,Put,13.5,1.825,1.95,True
2026-07-20,UUUUS242601400.U^G26,UUUU,2026-07-24,Put,14.0,2.355,2.34,True
2026-07-20,UUUUS242601450.U^G26,UUUU,2026-07-24,Put,14.5,2.925,3.15,True
2026-07-20,UUUUS242601500.U^G26,UUUU,2026-07-24,Put,15.0,3.34,3.34,True
2026-07-20,UUUUS242601550.U^G26,UUUU,2026-07-24,Put,15.5,3.775,3.9,True
2026-07-20,UUUUS242601600.U^G26,UUUU,2026-07-24,Put,16.0,4.075,4.43,True
2026-07-20,UUUUS242601650.U^G26,UUUU,2026-07-24,Put,16.5,4.75,4.88,True
2026-07-20,UUUUS242601700.U^G26,UUUU,2026-07-24,Put,17.0,5.45,5.53,True
2026-07-20,UUUUS242601750.U^G26,UUUU,2026-07-24,Put,17.5,5.9,5.92,True
2026-07-20,UUUUS242601800.U^G26,UUUU,2026-07-24,Put,18.0,6.15,6.5,True
2026-07-20,UUUUS242601850.U^G26,UUUU,2026-07-24,Put,18.5,6.85,6.88,True
2026-07-20,UUUUS312601050.U^G26,UUUU,2026-07-31,Put,10.5,0.21,0.23,True
2026-07-20,UUUUS312601100.U^G26,UUUU,2026-07-31,Put,11.0,0.345,0.39,True
2026-07-20,UUUUS312601150.U^G26,UUUU,2026-07-31,Put,11.5,0.55,0.58,True
2026-07-20,UUUUS312601200.U^G26,UUUU,2026-07-31,Put,12.0,0.83,0.8,True
2026-07-20,UUUUS312601250.U^G26,UUUU,2026-07-31,Put,12.5,1.14,1.17,True
2026-07-20,UUUUS312601300.U^G26,UUUU,2026-07-31,Put,13.0,1.52,1.51,True
2026-07-20,UUUUS312601350.U^G26,UUUU,2026-07-31,Put,13.5,1.89,2.07,True
2026-07-20,UUUUS312601400.U^G26,UUUU,2026-07-31,Put,14.0,2.365,2.39,True
2026-07-20,UUUUS312601450.U^G26,UUUU,2026-07-31,Put,14.5,2.815,2.92,True
2026-07-20,UUUUS312601500.U^G26,UUUU,2026-07-31,Put,15.0,3.215,3.57,True
2026-07-20,UUUUS312601550.U^G26,UUUU,2026-07-31,Put,15.5,3.75,3.99,True
2026-07-20,UUUUS312601600.U^G26,UUUU,2026-07-31,Put,16.0,4.375,4.37,True
2026-07-20,UUUUS312601650.U^G26,UUUU,2026-07-31,Put,16.5,4.8,4.9,True
2026-07-20,UUUUS312601700.U^G26,UUUU,2026-07-31,Put,17.0,5.35,5.42,True
2026-07-20,UUUUS312601750.U^G26,UUUU,2026-07-31,Put,17.5,5.7,6.05,True
2026-07-20,UUUUS312601800.U^G26,UUUU,2026-07-31,Put,18.0,6.3,6.51,True
2026-07-20,UUUUS312601850.U^G26,UUUU,2026-07-31,Put,18.5,6.625,6.88,True
2026-07-20,UUUUT072601050.U^H26,UUUU,2026-08-07,Put,10.5,0.385,0.41,True
2026-07-20,UUUUT072601100.U^H26,UUUU,2026-08-07,Put,11.0,0.55,0.61,True
2026-07-20,UUUUT072601150.U^H26,UUUU,2026-08-07,Put,11.5,0.78,0.83,True
2026-07-20,UUUUT072601200.U^H26,UUUU,2026-08-07,Put,12.0,1.02,1.2,True
2026-07-20,UUUUT072601250.U^H26,UUUU,2026-08-07,Put,12.5,1.325,1.4,True
2026-07-20,UUUUT072601300.U^H26,UUUU,2026-08-07,Put,13.0,1.69,1.72,True
2026-07-20,UUUUT072601350.U^H26,UUUU,2026-08-07,Put,13.5,2.09,2.01,True
2026-07-20,UUUUT072601400.U^H26,UUUU,2026-08-07,Put,14.0,2.535,2.68,True
2026-07-20,UUUUT072601450.U^H26,UUUU,2026-08-07,Put,14.5,2.935,2.98,True
2026-07-20,UUUUT072601500.U^H26,UUUU,2026-08-07,Put,15.0,3.45,3.45,True
2026-07-20,UUUUT072601550.U^H26,UUUU,2026-08-07,Put,15.5,3.85,,True
2026-07-20,UUUUT072601600.U^H26,UUUU,2026-08-07,Put,16.0,4.3,4.45,True
2026-07-20,UUUUT072601650.U^H26,UUUU,2026-08-07,Put,16.5,4.85,4.8,True
2026-07-20,UUUUT072601700.U^H26,UUUU,2026-08-07,Put,17.0,5.425,5.47,True
2026-07-20,UUUUT072601750.U^H26,UUUU,2026-08-07,Put,17.5,5.975,5.9,True
2026-07-20,UUUUT072601800.U^H26,UUUU,2026-08-07,Put,18.0,6.2,6.52,True
2026-07-20,UUUUT072601850.U^H26,UUUU,2026-08-07,Put,18.5,6.725,,True
2026-07-20,UUUUT142601050.U^H26,UUUU,2026-08-14,Put,10.5,0.505,0.52,True
2026-07-20,UUUUT142601100.U^H26,UUUU,2026-08-14,Put,11.0,0.69,0.79,True
2026-07-20,UUUUT142601150.U^H26,UUUU,2026-08-14,Put,11.5,0.895,1.0,True
2026-07-20,UUUUT142601200.U^H26,UUUU,2026-08-14,Put,12.0,1.2,,True
2026-07-20,UUUUT142601250.U^H26,UUUU,2026-08-14,Put,12.5,1.48,,True
2026-07-20,UUUUT142601300.U^H26,UUUU,2026-08-14,Put,13.0,1.845,1.83,True
2026-07-20,UUUUT142601350.U^H26,UUUU,2026-08-14,Put,13.5,2.19,,True
2026-07-20,UUUUT142601400.U^H26,UUUU,2026-08-14,Put,14.0,2.59,2.79,True
2026-07-20,UUUUT142601450.U^H26,UUUU,2026-08-14,Put,14.5,3.05,3.06,True
2026-07-20,UUUUT142601500.U^H26,UUUU,2026-08-14,Put,15.0,3.475,3.55,True
2026-07-20,UUUUT142601550.U^H26,UUUU,2026-08-14,Put,15.5,3.875,,True
2026-07-20,UUUUT142601600.U^H26,UUUU,2026-08-14,Put,16.0,4.4,4.5,True
2026-07-20,UUUUT142601650.U^H26,UUUU,2026-08-14,Put,16.5,4.875,4.87,True
2026-07-20,UUUUT142601700.U^H26,UUUU,2026-08-14,Put,17.0,5.425,5.51,True
2026-07-20,UUUUT142601750.U^H26,UUUU,2026-08-14,Put,17.5,5.95,,True
2026-07-20,UUUUT142601800.U^H26,UUUU,2026-08-14,Put,18.0,6.475,,True
2026-07-20,UUUUT142601850.U^H26,UUUU,2026-08-14,Put,18.5,7.0,,True
2026-07-20,UUUUT212601050.U^H26,UUUU,2026-08-21,Put,10.5,0.565,0.62,True
2026-07-20,UUUUT212601100.U^H26,UUUU,2026-08-21,Put,11.0,0.76,0.79,True
2026-07-20,UUUUT212601150.U^H26,UUUU,2026-08-21,Put,11.5,0.98,1.0,True
2026-07-20,UUUUT212601200.U^H26,UUUU,2026-08-21,Put,12.0,1.265,1.29,True
2026-07-20,UUUUT212601250.U^H26,UUUU,2026-08-21,Put,12.5,1.585,1.59,True
2026-07-20,UUUUT212601300.U^H26,UUUU,2026-08-21,Put,13.0,1.96,2.03,True
2026-07-20,UUUUT212601350.U^H26,UUUU,2026-08-21,Put,13.5,2.325,,True
2026-07-20,UUUUT212601400.U^H26,UUUU,2026-08-21,Put,14.0,2.71,2.78,True
2026-07-20,UUUUT212601450.U^H26,UUUU,2026-08-21,Put,14.5,3.185,,True
2026-07-20,UUUUT212601500.U^H26,UUUU,2026-08-21,Put,15.0,3.55,3.6,True
2026-07-20,UUUUT212601550.U^H26,UUUU,2026-08-21,Put,15.5,3.975,,True
2026-07-20,UUUUT212601600.U^H26,UUUU,2026-08-21,Put,16.0,4.45,4.55,True
2026-07-20,UUUUT212601650.U^H26,UUUU,2026-08-21,Put,16.5,4.17,5.04,True
2026-07-20,UUUUT212601700.U^H26,UUUU,2026-08-21,Put,17.0,5.5,5.45,True
2026-07-20,UUUUT212601750.U^H26,UUUU,2026-08-21,Put,17.5,,,False
2026-07-20,UUUUT212601800.U^H26,UUUU,2026-08-21,Put,18.0,6.375,6.48,True
2026-07-20,UUUUT212601850.U^H26,UUUU,2026-08-21,Put,18.5,,,False
2026-07-20,UUUUT282601050.U^H26,UUUU,2026-08-28,Put,10.5,0.7,0.74,True
2026-07-20,UUUUT282601100.U^H26,UUUU,2026-08-28,Put,11.0,0.905,0.95,True
2026-07-20,UUUUT282601150.U^H26,UUUU,2026-08-28,Put,11.5,1.14,,True
2026-07-20,UUUUT282601200.U^H26,UUUU,2026-08-28,Put,12.0,1.41,1.47,True
2026-07-20,UUUUT282601250.U^H26,UUUU,2026-08-28,Put,12.5,1.72,,True
2026-07-20,UUUUT282601300.U^H26,UUUU,2026-08-28,Put,13.0,2.045,2.11,True
2026-07-20,UUUUT282601350.U^H26,UUUU,2026-08-28,Put,13.5,2.385,2.51,True
2026-07-20,UUUUT282601400.U^H26,UUUU,2026-08-28,Put,14.0,2.715,2.95,True
2026-07-20,UUUUT282601450.U^H26,UUUU,2026-08-28,Put,14.5,3.15,3.35,True
2026-07-20,UUUUT282601500.U^H26,UUUU,2026-08-28,Put,15.0,3.6,,True
2026-07-20,UUUUT282601550.U^H26,UUUU,2026-08-28,Put,15.5,4.1,,True
2026-07-20,UUUUT282601600.U^H26,UUUU,2026-08-28,Put,16.0,4.475,4.5,True
2026-07-20,UUUUT282601650.U^H26,UUUU,2026-08-28,Put,16.5,5.0,5.12,True
2026-07-20,UUUUT282601700.U^H26,UUUU,2026-08-28,Put,17.0,5.425,5.5,True
2026-07-20,UUUUT282601750.U^H26,UUUU,2026-08-28,Put,17.5,5.95,,True
2026-07-20,UUUUT282601800.U^H26,UUUU,2026-08-28,Put,18.0,6.4,,True
2026-07-20,UUUUT282601850.U^H26,UUUU,2026-08-28,Put,18.5,6.875,7.0,True
2026-07-20,UUUUU042601050.U^I26,UUUU,2026-09-04,Put,10.5,,,False
2026-07-20,UUUUU042601100.U^I26,UUUU,2026-09-04,Put,11.0,,,False
2026-07-20,UUUUU042601150.U^I26,UUUU,2026-09-04,Put,11.5,,,False
2026-07-20,UUUUU042601200.U^I26,UUUU,2026-09-04,Put,12.0,,,False
2026-07-20,UUUUU042601250.U^I26,UUUU,2026-09-04,Put,12.5,,,False
2026-07-20,UUUUU042601300.U^I26,UUUU,2026-09-04,Put,13.0,,,False
2026-07-20,UUUUU042601350.U^I26,UUUU,2026-09-04,Put,13.5,,,False
2026-07-20,UUUUU042601400.U^I26,UUUU,2026-09-04,Put,14.0,,,False
2026-07-20,UUUUU042601450.U^I26,UUUU,2026-09-04,Put,14.5,,,False
2026-07-20,UUUUU042601500.U^I26,UUUU,2026-09-04,Put,15.0,,,False
2026-07-20,UUUUU042601550.U^I26,UUUU,2026-09-04,Put,15.5,,,False
2026-07-20,UUUUU042601600.U^I26,UUUU,2026-09-04,Put,16.0,,,False
2026-07-20,UUUUU042601650.U^I26,UUUU,2026-09-04,Put,16.5,,,False
2026-07-20,UUUUU042601700.U^I26,UUUU,2026-09-04,Put,17.0,,,False
2026-07-20,UUUUU042601750.U^I26,UUUU,2026-09-04,Put,17.5,,,False
2026-07-20,UUUUU042601800.U^I26,UUUU,2026-09-04,Put,18.0,,,False
2026-07-20,UUUUU042601850.U^I26,UUUU,2026-09-04,Put,18.5,,,False
2026-07-21,UUUUG242601050.U^G26,UUUU,2026-07-24,Call,10.5,1.86,1.82,True
2026-07-21,UUUUG242601100.U^G26,UUUU,2026-07-24,Call,11.0,1.385,1.29,True
2026-07-21,UUUUG242601150.U^G26,UUUU,2026-07-24,Call,11.5,1.01,1.0,True
2026-07-21,UUUUG242601200.U^G26,UUUU,2026-07-24,Call,12.0,0.595,0.61,True
2026-07-21,UUUUG242601250.U^G26,UUUU,2026-07-24,Call,12.5,0.315,0.32,True
2026-07-21,UUUUG242601300.U^G26,UUUU,2026-07-24,Call,13.0,0.165,0.15,True
2026-07-21,UUUUG242601350.U^G26,UUUU,2026-07-24,Call,13.5,0.07,0.1,True
2026-07-21,UUUUG242601400.U^G26,UUUU,2026-07-24,Call,14.0,0.025,0.03,True
2026-07-21,UUUUG242601450.U^G26,UUUU,2026-07-24,Call,14.5,,0.01,True
2026-07-21,UUUUG242601500.U^G26,UUUU,2026-07-24,Call,15.0,,0.01,True
2026-07-21,UUUUG242601550.U^G26,UUUU,2026-07-24,Call,15.5,,0.02,True
2026-07-21,UUUUG242601600.U^G26,UUUU,2026-07-24,Call,16.0,,0.01,True
2026-07-21,UUUUG242601650.U^G26,UUUU,2026-07-24,Call,16.5,,0.02,True
2026-07-21,UUUUG242601700.U^G26,UUUU,2026-07-24,Call,17.0,,0.01,True
2026-07-21,UUUUG242601750.U^G26,UUUU,2026-07-24,Call,17.5,,0.02,True
2026-07-21,UUUUG242601800.U^G26,UUUU,2026-07-24,Call,18.0,,,True
2026-07-21,UUUUG242601850.U^G26,UUUU,2026-07-24,Call,18.5,,,True
2026-07-21,UUUUG312601050.U^G26,UUUU,2026-07-31,Call,10.5,2.035,,True
2026-07-21,UUUUG312601100.U^G26,UUUU,2026-07-31,Call,11.0,1.485,1.31,True
2026-07-21,UUUUG312601150.U^G26,UUUU,2026-07-31,Call,11.5,1.205,1.15,True
2026-07-21,UUUUG312601200.U^G26,UUUU,2026-07-31,Call,12.0,0.875,0.93,True
2026-07-21,UUUUG312601250.U^G26,UUUU,2026-07-31,Call,12.5,0.625,0.63,True
2026-07-21,UUUUG312601300.U^G26,UUUU,2026-07-31,Call,13.0,0.42,0.42,True
2026-07-21,UUUUG312601350.U^G26,UUUU,2026-07-31,Call,13.5,0.275,0.28,True
2026-07-21,UUUUG312601400.U^G26,UUUU,2026-07-31,Call,14.0,0.165,0.17,True
2026-07-21,UUUUG312601450.U^G26,UUUU,2026-07-31,Call,14.5,0.1,0.1,True
2026-07-21,UUUUG312601500.U^G26,UUUU,2026-07-31,Call,15.0,0.07,0.06,True
2026-07-21,UUUUG312601550.U^G26,UUUU,2026-07-31,Call,15.5,0.065,0.04,True
2026-07-21,UUUUG312601600.U^G26,UUUU,2026-07-31,Call,16.0,,0.04,True
2026-07-21,UUUUG312601650.U^G26,UUUU,2026-07-31,Call,16.5,,0.01,True
2026-07-21,UUUUG312601700.U^G26,UUUU,2026-07-31,Call,17.0,,,True
2026-07-21,UUUUG312601750.U^G26,UUUU,2026-07-31,Call,17.5,0.02,0.02,True
2026-07-21,UUUUG312601800.U^G26,UUUU,2026-07-31,Call,18.0,,0.14,True
2026-07-21,UUUUG312601850.U^G26,UUUU,2026-07-31,Call,18.5,,,True
2026-07-21,UUUUH072601050.U^H26,UUUU,2026-08-07,Call,10.5,2.07,,True
2026-07-21,UUUUH072601100.U^H26,UUUU,2026-08-07,Call,11.0,1.735,,True
2026-07-21,UUUUH072601150.U^H26,UUUU,2026-08-07,Call,11.5,1.41,1.4,True
2026-07-21,UUUUH072601200.U^H26,UUUU,2026-08-07,Call,12.0,1.125,1.09,True
2026-07-21,UUUUH072601250.U^H26,UUUU,2026-08-07,Call,12.5,0.875,0.86,True
2026-07-21,UUUUH072601300.U^H26,UUUU,2026-08-07,Call,13.0,0.67,0.76,True
2026-07-21,UUUUH072601350.U^H26,UUUU,2026-08-07,Call,13.5,0.48,0.48,True
2026-07-21,UUUUH072601400.U^H26,UUUU,2026-08-07,Call,14.0,0.33,0.35,True
2026-07-21,UUUUH072601450.U^H26,UUUU,2026-08-07,Call,14.5,0.24,0.25,True
2026-07-21,UUUUH072601500.U^H26,UUUU,2026-08-07,Call,15.0,0.18,0.18,True
2026-07-21,UUUUH072601550.U^H26,UUUU,2026-08-07,Call,15.5,0.16,0.13,True
2026-07-21,UUUUH072601600.U^H26,UUUU,2026-08-07,Call,16.0,0.095,0.13,True
2026-07-21,UUUUH072601650.U^H26,UUUU,2026-08-07,Call,16.5,0.085,0.13,True
2026-07-21,UUUUH072601700.U^H26,UUUU,2026-08-07,Call,17.0,,0.03,True
2026-07-21,UUUUH072601750.U^H26,UUUU,2026-08-07,Call,17.5,,,True
2026-07-21,UUUUH072601800.U^H26,UUUU,2026-08-07,Call,18.0,,0.27,True
2026-07-21,UUUUH072601850.U^H26,UUUU,2026-08-07,Call,18.5,,0.04,True
2026-07-21,UUUUH142601050.U^H26,UUUU,2026-08-14,Call,10.5,2.175,,True
2026-07-21,UUUUH142601100.U^H26,UUUU,2026-08-14,Call,11.0,1.88,,True
2026-07-21,UUUUH142601150.U^H26,UUUU,2026-08-14,Call,11.5,1.575,,True
2026-07-21,UUUUH142601200.U^H26,UUUU,2026-08-14,Call,12.0,1.275,1.27,True
2026-07-21,UUUUH142601250.U^H26,UUUU,2026-08-14,Call,12.5,1.03,1.03,True
2026-07-21,UUUUH142601300.U^H26,UUUU,2026-08-14,Call,13.0,0.845,0.8,True
2026-07-21,UUUUH142601350.U^H26,UUUU,2026-08-14,Call,13.5,0.675,0.6,True
2026-07-21,UUUUH142601400.U^H26,UUUU,2026-08-14,Call,14.0,0.5,0.51,True
2026-07-21,UUUUH142601450.U^H26,UUUU,2026-08-14,Call,14.5,0.42,0.37,True
2026-07-21,UUUUH142601500.U^H26,UUUU,2026-08-14,Call,15.0,0.33,0.28,True
2026-07-21,UUUUH142601550.U^H26,UUUU,2026-08-14,Call,15.5,0.26,0.23,True
2026-07-21,UUUUH142601600.U^H26,UUUU,2026-08-14,Call,16.0,0.17,0.18,True
2026-07-21,UUUUH142601650.U^H26,UUUU,2026-08-14,Call,16.5,0.135,,True
2026-07-21,UUUUH142601700.U^H26,UUUU,2026-08-14,Call,17.0,0.13,,True
2026-07-21,UUUUH142601750.U^H26,UUUU,2026-08-14,Call,17.5,0.08,,True
2026-07-21,UUUUH142601800.U^H26,UUUU,2026-08-14,Call,18.0,,,True
2026-07-21,UUUUH142601850.U^H26,UUUU,2026-08-14,Call,18.5,,,True
2026-07-21,UUUUH212601050.U^H26,UUUU,2026-08-21,Call,10.5,2.275,,True
2026-07-21,UUUUH212601100.U^H26,UUUU,2026-08-21,Call,11.0,1.99,1.97,True
2026-07-21,UUUUH212601150.U^H26,UUUU,2026-08-21,Call,11.5,1.685,1.4,True
2026-07-21,UUUUH212601200.U^H26,UUUU,2026-08-21,Call,12.0,1.37,1.39,True
2026-07-21,UUUUH212601250.U^H26,UUUU,2026-08-21,Call,12.5,1.13,1.09,True
2026-07-21,UUUUH212601300.U^H26,UUUU,2026-08-21,Call,13.0,0.925,0.92,True
2026-07-21,UUUUH212601350.U^H26,UUUU,2026-08-21,Call,13.5,0.775,0.74,True
2026-07-21,UUUUH212601400.U^H26,UUUU,2026-08-21,Call,14.0,0.61,0.6,True
2026-07-21,UUUUH212601450.U^H26,UUUU,2026-08-21,Call,14.5,0.495,0.5,True
2026-07-21,UUUUH212601500.U^H26,UUUU,2026-08-21,Call,15.0,0.39,0.39,True
2026-07-21,UUUUH212601550.U^H26,UUUU,2026-08-21,Call,15.5,0.32,0.31,True
2026-07-21,UUUUH212601600.U^H26,UUUU,2026-08-21,Call,16.0,0.255,0.25,True
2026-07-21,UUUUH212601650.U^H26,UUUU,2026-08-21,Call,16.5,0.25,0.19,True
2026-07-21,UUUUH212601700.U^H26,UUUU,2026-08-21,Call,17.0,0.165,0.15,True
2026-07-21,UUUUH212601750.U^H26,UUUU,2026-08-21,Call,17.5,,,False
2026-07-21,UUUUH212601800.U^H26,UUUU,2026-08-21,Call,18.0,0.105,0.11,True
2026-07-21,UUUUH212601850.U^H26,UUUU,2026-08-21,Call,18.5,,,False
2026-07-21,UUUUH282601050.U^H26,UUUU,2026-08-28,Call,10.5,2.415,,True
2026-07-21,UUUUH282601100.U^H26,UUUU,2026-08-28,Call,11.0,2.11,1.83,True
2026-07-21,UUUUH282601150.U^H26,UUUU,2026-08-28,Call,11.5,1.78,,True
2026-07-21,UUUUH282601200.U^H26,UUUU,2026-08-28,Call,12.0,1.525,1.49,True
2026-07-21,UUUUH282601250.U^H26,UUUU,2026-08-28,Call,12.5,1.27,1.2,True
2026-07-21,UUUUH282601300.U^H26,UUUU,2026-08-28,Call,13.0,1.1,0.97,True
2026-07-21,UUUUH282601350.U^H26,UUUU,2026-08-28,Call,13.5,0.93,,True
2026-07-21,UUUUH282601400.U^H26,UUUU,2026-08-28,Call,14.0,0.735,0.74,True
2026-07-21,UUUUH282601450.U^H26,UUUU,2026-08-28,Call,14.5,0.605,,True
2026-07-21,UUUUH282601500.U^H26,UUUU,2026-08-28,Call,15.0,0.49,0.48,True
2026-07-21,UUUUH282601550.U^H26,UUUU,2026-08-28,Call,15.5,0.445,0.4,True
2026-07-21,UUUUH282601600.U^H26,UUUU,2026-08-28,Call,16.0,0.33,0.34,True
2026-07-21,UUUUH282601650.U^H26,UUUU,2026-08-28,Call,16.5,0.26,0.27,True
2026-07-21,UUUUH282601700.U^H26,UUUU,2026-08-28,Call,17.0,0.245,0.24,True
2026-07-21,UUUUH282601750.U^H26,UUUU,2026-08-28,Call,17.5,0.19,,True
2026-07-21,UUUUH282601800.U^H26,UUUU,2026-08-28,Call,18.0,0.105,0.14,True
2026-07-21,UUUUH282601850.U^H26,UUUU,2026-08-28,Call,18.5,0.14,,True
2026-07-21,UUUUI042601050.U^I26,UUUU,2026-09-04,Call,10.5,,,False
2026-07-21,UUUUI042601100.U^I26,UUUU,2026-09-04,Call,11.0,,,False
2026-07-21,UUUUI042601150.U^I26,UUUU,2026-09-04,Call,11.5,,,False
2026-07-21,UUUUI042601200.U^I26,UUUU,2026-09-04,Call,12.0,,,False
2026-07-21,UUUUI042601250.U^I26,UUUU,2026-09-04,Call,12.5,,,False
2026-07-21,UUUUI042601300.U^I26,UUUU,2026-09-04,Call,13.0,,,False
2026-07-21,UUUUI042601350.U^I26,UUUU,2026-09-04,Call,13.5,,,False
2026-07-21,UUUUI042601400.U^I26,UUUU,2026-09-04,Call,14.0,,,False
2026-07-21,UUUUI042601450.U^I26,UUUU,2026-09-04,Call,14.5,,,False
2026-07-21,UUUUI042601500.U^I26,UUUU,2026-09-04,Call,15.0,,,False
2026-07-21,UUUUI042601550.U^I26,UUUU,2026-09-04,Call,15.5,,,False
2026-07-21,UUUUI042601600.U^I26,UUUU,2026-09-04,Call,16.0,,,False
2026-07-21,UUUUI042601650.U^I26,UUUU,2026-09-04,Call,16.5,,,False
2026-07-21,UUUUI042601700.U^I26,UUUU,2026-09-04,Call,17.0,,,False
2026-07-21,UUUUI042601750.U^I26,UUUU,2026-09-04,Call,17.5,,,False
2026-07-21,UUUUI042601800.U^I26,UUUU,2026-09-04,Call,18.0,,,False
2026-07-21,UUUUI042601850.U^I26,UUUU,2026-09-04,Call,18.5,,,False
2026-07-21,UUUUS242601050.U^G26,UUUU,2026-07-24,Put,10.5,,0.01,True
2026-07-21,UUUUS242601100.U^G26,UUUU,2026-07-24,Put,11.0,0.05,0.05,True
2026-07-21,UUUUS242601150.U^G26,UUUU,2026-07-24,Put,11.5,0.12,0.11,True
2026-07-21,UUUUS242601200.U^G26,UUUU,2026-07-24,Put,12.0,0.27,0.24,True
2026-07-21,UUUUS242601250.U^G26,UUUU,2026-07-24,Put,12.5,0.48,0.52,True
2026-07-21,UUUUS242601300.U^G26,UUUU,2026-07-24,Put,13.0,0.74,0.82,True
2026-07-21,UUUUS242601350.U^G26,UUUU,2026-07-24,Put,13.5,1.255,1.56,True
2026-07-21,UUUUS242601400.U^G26,UUUU,2026-07-24,Put,14.0,1.745,1.68,True
2026-07-21,UUUUS242601450.U^G26,UUUU,2026-07-24,Put,14.5,2.19,2.25,True
2026-07-21,UUUUS242601500.U^G26,UUUU,2026-07-24,Put,15.0,2.615,2.68,True
2026-07-21,UUUUS242601550.U^G26,UUUU,2026-07-24,Put,15.5,3.15,3.25,True
2026-07-21,UUUUS242601600.U^G26,UUUU,2026-07-24,Put,16.0,3.825,,True
2026-07-21,UUUUS242601650.U^G26,UUUU,2026-07-24,Put,16.5,4.35,4.24,True
2026-07-21,UUUUS242601700.U^G26,UUUU,2026-07-24,Put,17.0,4.8,4.7,True
2026-07-21,UUUUS242601750.U^G26,UUUU,2026-07-24,Put,17.5,5.05,5.33,True
2026-07-21,UUUUS242601800.U^G26,UUUU,2026-07-24,Put,18.0,5.725,5.76,True
2026-07-21,UUUUS242601850.U^G26,UUUU,2026-07-24,Put,18.5,6.3,6.21,True
2026-07-21,UUUUS312601050.U^G26,UUUU,2026-07-31,Put,10.5,0.125,0.1,True
2026-07-21,UUUUS312601100.U^G26,UUUU,2026-07-31,Put,11.0,0.19,0.19,True
2026-07-21,UUUUS312601150.U^G26,UUUU,2026-07-31,Put,11.5,0.34,0.33,True
2026-07-21,UUUUS312601200.U^G26,UUUU,2026-07-31,Put,12.0,0.525,0.5,True
2026-07-21,UUUUS312601250.U^G26,UUUU,2026-07-31,Put,12.5,0.765,0.75,True
2026-07-21,UUUUS312601300.U^G26,UUUU,2026-07-31,Put,13.0,1.065,1.07,True
2026-07-21,UUUUS312601350.U^G26,UUUU,2026-07-31,Put,13.5,1.415,1.43,True
2026-07-21,UUUUS312601400.U^G26,UUUU,2026-07-31,Put,14.0,1.75,2.11,True
2026-07-21,UUUUS312601450.U^G26,UUUU,2026-07-31,Put,14.5,2.355,2.51,True
2026-07-21,UUUUS312601500.U^G26,UUUU,2026-07-31,Put,15.0,2.83,2.91,True
2026-07-21,UUUUS312601550.U^G26,UUUU,2026-07-31,Put,15.5,3.3,,True
2026-07-21,UUUUS312601600.U^G26,UUUU,2026-07-31,Put,16.0,3.85,3.79,True
2026-07-21,UUUUS312601650.U^G26,UUUU,2026-07-31,Put,16.5,4.35,4.35,True
2026-07-21,UUUUS312601700.U^G26,UUUU,2026-07-31,Put,17.0,4.725,4.95,True
2026-07-21,UUUUS312601750.U^G26,UUUU,2026-07-31,Put,17.5,5.175,5.3,True
2026-07-21,UUUUS312601800.U^G26,UUUU,2026-07-31,Put,18.0,5.55,,True
2026-07-21,UUUUS312601850.U^G26,UUUU,2026-07-31,Put,18.5,6.125,6.41,True
2026-07-21,UUUUT072601050.U^H26,UUUU,2026-08-07,Put,10.5,0.255,0.28,True
2026-07-21,UUUUT072601100.U^H26,UUUU,2026-08-07,Put,11.0,0.375,0.4,True
2026-07-21,UUUUT072601150.U^H26,UUUU,2026-08-07,Put,11.5,0.54,0.53,True
2026-07-21,UUUUT072601200.U^H26,UUUU,2026-08-07,Put,12.0,0.745,,True
2026-07-21,UUUUT072601250.U^H26,UUUU,2026-08-07,Put,12.5,0.995,,True
2026-07-21,UUUUT072601300.U^H26,UUUU,2026-08-07,Put,13.0,1.28,,True
2026-07-21,UUUUT072601350.U^H26,UUUU,2026-08-07,Put,13.5,1.615,,True
2026-07-21,UUUUT072601400.U^H26,UUUU,2026-08-07,Put,14.0,1.995,2.06,True
2026-07-21,UUUUT072601450.U^H26,UUUU,2026-08-07,Put,14.5,2.4,2.48,True
2026-07-21,UUUUT072601500.U^H26,UUUU,2026-08-07,Put,15.0,2.93,2.93,True
2026-07-21,UUUUT072601550.U^H26,UUUU,2026-08-07,Put,15.5,3.35,,True
2026-07-21,UUUUT072601600.U^H26,UUUU,2026-08-07,Put,16.0,3.9,3.87,True
2026-07-21,UUUUT072601650.U^H26,UUUU,2026-08-07,Put,16.5,4.325,4.32,True
2026-07-21,UUUUT072601700.U^H26,UUUU,2026-08-07,Put,17.0,4.775,,True
2026-07-21,UUUUT072601750.U^H26,UUUU,2026-08-07,Put,17.5,5.225,,True
2026-07-21,UUUUT072601800.U^H26,UUUU,2026-08-07,Put,18.0,5.9,,True
2026-07-21,UUUUT072601850.U^H26,UUUU,2026-08-07,Put,18.5,6.2,6.46,True
2026-07-21,UUUUT142601050.U^H26,UUUU,2026-08-14,Put,10.5,0.355,,True
2026-07-21,UUUUT142601100.U^H26,UUUU,2026-08-14,Put,11.0,0.475,0.48,True
2026-07-21,UUUUT142601150.U^H26,UUUU,2026-08-14,Put,11.5,0.69,0.69,True
2026-07-21,UUUUT142601200.U^H26,UUUU,2026-08-14,Put,12.0,0.9,0.92,True
2026-07-21,UUUUT142601250.U^H26,UUUU,2026-08-14,Put,12.5,1.165,,True
2026-07-21,UUUUT142601300.U^H26,UUUU,2026-08-14,Put,13.0,1.455,1.47,True
2026-07-21,UUUUT142601350.U^H26,UUUU,2026-08-14,Put,13.5,1.785,,True
2026-07-21,UUUUT142601400.U^H26,UUUU,2026-08-14,Put,14.0,2.14,,True
2026-07-21,UUUUT142601450.U^H26,UUUU,2026-08-14,Put,14.5,2.525,,True
2026-07-21,UUUUT142601500.U^H26,UUUU,2026-08-14,Put,15.0,2.845,2.91,True
2026-07-21,UUUUT142601550.U^H26,UUUU,2026-08-14,Put,15.5,3.425,,True
2026-07-21,UUUUT142601600.U^H26,UUUU,2026-08-14,Put,16.0,3.9,3.94,True
2026-07-21,UUUUT142601650.U^H26,UUUU,2026-08-14,Put,16.5,4.4,4.32,True
2026-07-21,UUUUT142601700.U^H26,UUUU,2026-08-14,Put,17.0,4.875,4.83,True
2026-07-21,UUUUT142601750.U^H26,UUUU,2026-08-14,Put,17.5,5.4,5.53,True
2026-07-21,UUUUT142601800.U^H26,UUUU,2026-08-14,Put,18.0,5.9,,True
2026-07-21,UUUUT142601850.U^H26,UUUU,2026-08-14,Put,18.5,6.425,,True
2026-07-21,UUUUT212601050.U^H26,UUUU,2026-08-21,Put,10.5,0.415,0.43,True
2026-07-21,UUUUT212601100.U^H26,UUUU,2026-08-21,Put,11.0,0.57,0.56,True
2026-07-21,UUUUT212601150.U^H26,UUUU,2026-08-21,Put,11.5,0.755,0.78,True
2026-07-21,UUUUT212601200.U^H26,UUUU,2026-08-21,Put,12.0,0.975,0.96,True
2026-07-21,UUUUT212601250.U^H26,UUUU,2026-08-21,Put,12.5,1.24,1.26,True
2026-07-21,UUUUT212601300.U^H26,UUUU,2026-08-21,Put,13.0,1.535,1.65,True
2026-07-21,UUUUT212601350.U^H26,UUUU,2026-08-21,Put,13.5,1.98,,True
2026-07-21,UUUUT212601400.U^H26,UUUU,2026-08-21,Put,14.0,2.255,2.25,True
2026-07-21,UUUUT212601450.U^H26,UUUU,2026-08-21,Put,14.5,2.73,2.67,True
2026-07-21,UUUUT212601500.U^H26,UUUU,2026-08-21,Put,15.0,3.085,3.08,True
2026-07-21,UUUUT212601550.U^H26,UUUU,2026-08-21,Put,15.5,3.55,,True
2026-07-21,UUUUT212601600.U^H26,UUUU,2026-08-21,Put,16.0,3.85,3.98,True
2026-07-21,UUUUT212601650.U^H26,UUUU,2026-08-21,Put,16.5,4.45,4.42,True
2026-07-21,UUUUT212601700.U^H26,UUUU,2026-08-21,Put,17.0,4.8,5.05,True
2026-07-21,UUUUT212601750.U^H26,UUUU,2026-08-21,Put,17.5,,,False
2026-07-21,UUUUT212601800.U^H26,UUUU,2026-08-21,Put,18.0,5.775,5.79,True
2026-07-21,UUUUT212601850.U^H26,UUUU,2026-08-21,Put,18.5,,,False
2026-07-21,UUUUT282601050.U^H26,UUUU,2026-08-28,Put,10.5,0.505,,True
2026-07-21,UUUUT282601100.U^H26,UUUU,2026-08-28,Put,11.0,0.67,0.71,True
2026-07-21,UUUUT282601150.U^H26,UUUU,2026-08-28,Put,11.5,0.885,0.84,True
2026-07-21,UUUUT282601200.U^H26,UUUU,2026-08-28,Put,12.0,1.12,1.2,True
2026-07-21,UUUUT282601250.U^H26,UUUU,2026-08-28,Put,12.5,1.41,1.41,True
2026-07-21,UUUUT282601300.U^H26,UUUU,2026-08-28,Put,13.0,1.7,,True
2026-07-21,UUUUT282601350.U^H26,UUUU,2026-08-28,Put,13.5,2.06,2.21,True
2026-07-21,UUUUT282601400.U^H26,UUUU,2026-08-28,Put,14.0,2.38,2.56,True
2026-07-21,UUUUT282601450.U^H26,UUUU,2026-08-28,Put,14.5,2.725,,True
2026-07-21,UUUUT282601500.U^H26,UUUU,2026-08-28,Put,15.0,3.125,,True
2026-07-21,UUUUT282601550.U^H26,UUUU,2026-08-28,Put,15.5,3.55,,True
2026-07-21,UUUUT282601600.U^H26,UUUU,2026-08-28,Put,16.0,4.0,,True
2026-07-21,UUUUT282601650.U^H26,UUUU,2026-08-28,Put,16.5,4.45,4.43,True
2026-07-21,UUUUT282601700.U^H26,UUUU,2026-08-28,Put,17.0,4.85,4.85,True
2026-07-21,UUUUT282601750.U^H26,UUUU,2026-08-28,Put,17.5,5.425,,True
2026-07-21,UUUUT282601800.U^H26,UUUU,2026-08-28,Put,18.0,5.775,,True
2026-07-21,UUUUT282601850.U^H26,UUUU,2026-08-28,Put,18.5,6.275,,True
2026-07-21,UUUUU042601050.U^I26,UUUU,2026-09-04,Put,10.5,,,False
2026-07-21,UUUUU042601100.U^I26,UUUU,2026-09-04,Put,11.0,,,False
2026-07-21,UUUUU042601150.U^I26,UUUU,2026-09-04,Put,11.5,,,False
2026-07-21,UUUUU042601200.U^I26,UUUU,2026-09-04,Put,12.0,,,False
2026-07-21,UUUUU042601250.U^I26,UUUU,2026-09-04,Put,12.5,,,False
2026-07-21,UUUUU042601300.U^I26,UUUU,2026-09-04,Put,13.0,,,False
2026-07-21,UUUUU042601350.U^I26,UUUU,2026-09-04,Put,13.5,,,False
2026-07-21,UUUUU042601400.U^I26,UUUU,2026-09-04,Put,14.0,,,False
2026-07-21,UUUUU042601450.U^I26,UUUU,2026-09-04,Put,14.5,,,False
2026-07-21,UUUUU042601500.U^I26,UUUU,2026-09-04,Put,15.0,,,False
2026-07-21,UUUUU042601550.U^I26,UUUU,2026-09-04,Put,15.5,,,False
2026-07-21,UUUUU042601600.U^I26,UUUU,2026-09-04,Put,16.0,,,False
2026-07-21,UUUUU042601650.U^I26,UUUU,2026-09-04,Put,16.5,,,False
2026-07-21,UUUUU042601700.U^I26,UUUU,2026-09-04,Put,17.0,,,False
2026-07-21,UUUUU042601750.U^I26,UUUU,2026-09-04,Put,17.5,,,False
2026-07-21,UUUUU042601800.U^I26,UUUU,2026-09-04,Put,18.0,,,False
2026-07-21,UUUUU042601850.U^I26,UUUU,2026-09-04,Put,18.5,,,False
2026-07-22,UUUUG242601050.U^G26,UUUU,2026-07-24,Call,10.5,1.99,2.17,True
2026-07-22,UUUUG242601100.U^G26,UUUU,2026-07-24,Call,11.0,1.465,1.64,True
2026-07-22,UUUUG242601150.U^G26,UUUU,2026-07-24,Call,11.5,0.96,1.02,True
2026-07-22,UUUUG242601200.U^G26,UUUU,2026-07-24,Call,12.0,0.485,0.52,True
2026-07-22,UUUUG242601250.U^G26,UUUU,2026-07-24,Call,12.5,0.245,0.19,True
2026-07-22,UUUUG242601300.U^G26,UUUU,2026-07-24,Call,13.0,0.09,0.1,True
2026-07-22,UUUUG242601350.U^G26,UUUU,2026-07-24,Call,13.5,0.03,0.04,True
2026-07-22,UUUUG242601400.U^G26,UUUU,2026-07-24,Call,14.0,,0.02,True
2026-07-22,UUUUG242601450.U^G26,UUUU,2026-07-24,Call,14.5,,0.02,True
2026-07-22,UUUUG242601500.U^G26,UUUU,2026-07-24,Call,15.0,,0.01,True
2026-07-22,UUUUG242601550.U^G26,UUUU,2026-07-24,Call,15.5,,,True
2026-07-22,UUUUG242601600.U^G26,UUUU,2026-07-24,Call,16.0,,0.01,True
2026-07-22,UUUUG242601650.U^G26,UUUU,2026-07-24,Call,16.5,,0.01,True
2026-07-22,UUUUG242601700.U^G26,UUUU,2026-07-24,Call,17.0,,0.01,True
2026-07-22,UUUUG242601750.U^G26,UUUU,2026-07-24,Call,17.5,,,True
2026-07-22,UUUUG242601800.U^G26,UUUU,2026-07-24,Call,18.0,,0.01,True
2026-07-22,UUUUG242601850.U^G26,UUUU,2026-07-24,Call,18.5,,,True
2026-07-22,UUUUG312601050.U^G26,UUUU,2026-07-31,Call,10.5,2.08,,True
2026-07-22,UUUUG312601100.U^G26,UUUU,2026-07-31,Call,11.0,1.52,,True
2026-07-22,UUUUG312601150.U^G26,UUUU,2026-07-31,Call,11.5,1.135,1.22,True
2026-07-22,UUUUG312601200.U^G26,UUUU,2026-07-31,Call,12.0,0.825,0.88,True
2026-07-22,UUUUG312601250.U^G26,UUUU,2026-07-31,Call,12.5,0.57,0.56,True
2026-07-22,UUUUG312601300.U^G26,UUUU,2026-07-31,Call,13.0,0.375,0.37,True
2026-07-22,UUUUG312601350.U^G26,UUUU,2026-07-31,Call,13.5,0.25,0.23,True
2026-07-22,UUUUG312601400.U^G26,UUUU,2026-07-31,Call,14.0,0.15,0.16,True
2026-07-22,UUUUG312601450.U^G26,UUUU,2026-07-31,Call,14.5,0.095,0.09,True
2026-07-22,UUUUG312601500.U^G26,UUUU,2026-07-31,Call,15.0,0.06,0.04,True
2026-07-22,UUUUG312601550.U^G26,UUUU,2026-07-31,Call,15.5,,0.07,True
2026-07-22,UUUUG312601600.U^G26,UUUU,2026-07-31,Call,16.0,,0.02,True
2026-07-22,UUUUG312601650.U^G26,UUUU,2026-07-31,Call,16.5,,,True
2026-07-22,UUUUG312601700.U^G26,UUUU,2026-07-31,Call,17.0,,0.04,True
2026-07-22,UUUUG312601750.U^G26,UUUU,2026-07-31,Call,17.5,,,True
2026-07-22,UUUUG312601800.U^G26,UUUU,2026-07-31,Call,18.0,,0.01,True
2026-07-22,UUUUG312601850.U^G26,UUUU,2026-07-31,Call,18.5,,,True
2026-07-22,UUUUH072601050.U^H26,UUUU,2026-08-07,Call,10.5,2.12,,True
2026-07-22,UUUUH072601100.U^H26,UUUU,2026-08-07,Call,11.0,1.695,1.66,True
2026-07-22,UUUUH072601150.U^H26,UUUU,2026-08-07,Call,11.5,1.36,1.45,True
2026-07-22,UUUUH072601200.U^H26,UUUU,2026-08-07,Call,12.0,1.07,,True
2026-07-22,UUUUH072601250.U^H26,UUUU,2026-08-07,Call,12.5,0.825,0.89,True
2026-07-22,UUUUH072601300.U^H26,UUUU,2026-08-07,Call,13.0,0.595,0.61,True
2026-07-22,UUUUH072601350.U^H26,UUUU,2026-08-07,Call,13.5,0.43,0.45,True
2026-07-22,UUUUH072601400.U^H26,UUUU,2026-08-07,Call,14.0,0.3,0.32,True
2026-07-22,UUUUH072601450.U^H26,UUUU,2026-08-07,Call,14.5,0.225,0.32,True
2026-07-22,UUUUH072601500.U^H26,UUUU,2026-08-07,Call,15.0,0.175,0.17,True
2026-07-22,UUUUH072601550.U^H26,UUUU,2026-08-07,Call,15.5,0.14,,True
2026-07-22,UUUUH072601600.U^H26,UUUU,2026-08-07,Call,16.0,0.125,0.11,True
2026-07-22,UUUUH072601650.U^H26,UUUU,2026-08-07,Call,16.5,,,True
2026-07-22,UUUUH072601700.U^H26,UUUU,2026-08-07,Call,17.0,,0.15,True
2026-07-22,UUUUH072601750.U^H26,UUUU,2026-08-07,Call,17.5,,,True
2026-07-22,UUUUH072601800.U^H26,UUUU,2026-08-07,Call,18.0,,0.04,True
2026-07-22,UUUUH072601850.U^H26,UUUU,2026-08-07,Call,18.5,,,True
2026-07-22,UUUUH142601050.U^H26,UUUU,2026-08-14,Call,10.5,2.265,,True
2026-07-22,UUUUH142601100.U^H26,UUUU,2026-08-14,Call,11.0,1.845,2.0,True
2026-07-22,UUUUH142601150.U^H26,UUUU,2026-08-14,Call,11.5,1.525,,True
2026-07-22,UUUUH142601200.U^H26,UUUU,2026-08-14,Call,12.0,1.245,,True
2026-07-22,UUUUH142601250.U^H26,UUUU,2026-08-14,Call,12.5,0.97,0.99,True
2026-07-22,UUUUH142601300.U^H26,UUUU,2026-08-14,Call,13.0,0.78,0.84,True
2026-07-22,UUUUH142601350.U^H26,UUUU,2026-08-14,Call,13.5,0.62,0.72,True
2026-07-22,UUUUH142601400.U^H26,UUUU,2026-08-14,Call,14.0,0.48,0.45,True
2026-07-22,UUUUH142601450.U^H26,UUUU,2026-08-14,Call,14.5,0.395,0.45,True
2026-07-22,UUUUH142601500.U^H26,UUUU,2026-08-14,Call,15.0,0.295,0.25,True
2026-07-22,UUUUH142601550.U^H26,UUUU,2026-08-14,Call,15.5,0.22,0.25,True
2026-07-22,UUUUH142601600.U^H26,UUUU,2026-08-14,Call,16.0,0.195,0.18,True
2026-07-22,UUUUH142601650.U^H26,UUUU,2026-08-14,Call,16.5,0.145,0.18,True
2026-07-22,UUUUH142601700.U^H26,UUUU,2026-08-14,Call,17.0,0.08,0.1,True
2026-07-22,UUUUH142601750.U^H26,UUUU,2026-08-14,Call,17.5,0.075,,True
2026-07-22,UUUUH142601800.U^H26,UUUU,2026-08-14,Call,18.0,0.06,0.11,True
2026-07-22,UUUUH142601850.U^H26,UUUU,2026-08-14,Call,18.5,0.08,0.16,True
2026-07-22,UUUUH212601050.U^H26,UUUU,2026-08-21,Call,10.5,2.205,2.19,True
2026-07-22,UUUUH212601100.U^H26,UUUU,2026-08-21,Call,11.0,1.915,1.9,True
2026-07-22,UUUUH212601150.U^H26,UUUU,2026-08-21,Call,11.5,1.695,1.75,True
2026-07-22,UUUUH212601200.U^H26,UUUU,2026-08-21,Call,12.0,1.335,1.32,True
2026-07-22,UUUUH212601250.U^H26,UUUU,2026-08-21,Call,12.5,1.08,,True
2026-07-22,UUUUH212601300.U^H26,UUUU,2026-08-21,Call,13.0,0.875,0.93,True
2026-07-22,UUUUH212601350.U^H26,UUUU,2026-08-21,Call,13.5,0.695,0.77,True
2026-07-22,UUUUH212601400.U^H26,UUUU,2026-08-21,Call,14.0,0.565,0.57,True
2026-07-22,UUUUH212601450.U^H26,UUUU,2026-08-21,Call,14.5,0.45,0.47,True
2026-07-22,UUUUH212601500.U^H26,UUUU,2026-08-21,Call,15.0,0.345,0.39,True
2026-07-22,UUUUH212601550.U^H26,UUUU,2026-08-21,Call,15.5,0.29,0.31,True
2026-07-22,UUUUH212601600.U^H26,UUUU,2026-08-21,Call,16.0,0.23,0.23,True
2026-07-22,UUUUH212601650.U^H26,UUUU,2026-08-21,Call,16.5,0.185,0.22,True
2026-07-22,UUUUH212601700.U^H26,UUUU,2026-08-21,Call,17.0,0.145,0.16,True
2026-07-22,UUUUH212601750.U^H26,UUUU,2026-08-21,Call,17.5,,,False
2026-07-22,UUUUH212601800.U^H26,UUUU,2026-08-21,Call,18.0,0.105,0.1,True
2026-07-22,UUUUH212601850.U^H26,UUUU,2026-08-21,Call,18.5,,,False
2026-07-22,UUUUH282601050.U^H26,UUUU,2026-08-28,Call,10.5,2.38,,True
2026-07-22,UUUUH282601100.U^H26,UUUU,2026-08-28,Call,11.0,2.07,,True
2026-07-22,UUUUH282601150.U^H26,UUUU,2026-08-28,Call,11.5,1.74,1.7,True
2026-07-22,UUUUH282601200.U^H26,UUUU,2026-08-28,Call,12.0,1.505,,True
2026-07-22,UUUUH282601250.U^H26,UUUU,2026-08-28,Call,12.5,1.275,1.22,True
2026-07-22,UUUUH282601300.U^H26,UUUU,2026-08-28,Call,13.0,1.06,1.11,True
2026-07-22,UUUUH282601350.U^H26,UUUU,2026-08-28,Call,13.5,0.855,0.89,True
2026-07-22,UUUUH282601400.U^H26,UUUU,2026-08-28,Call,14.0,0.71,0.81,True
2026-07-22,UUUUH282601450.U^H26,UUUU,2026-08-28,Call,14.5,0.63,,True
2026-07-22,UUUUH282601500.U^H26,UUUU,2026-08-28,Call,15.0,0.49,0.47,True
2026-07-22,UUUUH282601550.U^H26,UUUU,2026-08-28,Call,15.5,0.415,0.39,True
2026-07-22,UUUUH282601600.U^H26,UUUU,2026-08-28,Call,16.0,0.345,0.37,True
2026-07-22,UUUUH282601650.U^H26,UUUU,2026-08-28,Call,16.5,0.25,,True
2026-07-22,UUUUH282601700.U^H26,UUUU,2026-08-28,Call,17.0,0.26,,True
2026-07-22,UUUUH282601750.U^H26,UUUU,2026-08-28,Call,17.5,0.175,0.21,True
2026-07-22,UUUUH282601800.U^H26,UUUU,2026-08-28,Call,18.0,0.205,0.15,True
2026-07-22,UUUUH282601850.U^H26,UUUU,2026-08-28,Call,18.5,0.155,,True
2026-07-22,UUUUI042601050.U^I26,UUUU,2026-09-04,Call,10.5,,,False
2026-07-22,UUUUI042601100.U^I26,UUUU,2026-09-04,Call,11.0,,,False
2026-07-22,UUUUI042601150.U^I26,UUUU,2026-09-04,Call,11.5,,,False
2026-07-22,UUUUI042601200.U^I26,UUUU,2026-09-04,Call,12.0,,,False
2026-07-22,UUUUI042601250.U^I26,UUUU,2026-09-04,Call,12.5,,,False
2026-07-22,UUUUI042601300.U^I26,UUUU,2026-09-04,Call,13.0,,,False
2026-07-22,UUUUI042601350.U^I26,UUUU,2026-09-04,Call,13.5,,,False
2026-07-22,UUUUI042601400.U^I26,UUUU,2026-09-04,Call,14.0,,,False
2026-07-22,UUUUI042601450.U^I26,UUUU,2026-09-04,Call,14.5,,,False
2026-07-22,UUUUI042601500.U^I26,UUUU,2026-09-04,Call,15.0,,,False
2026-07-22,UUUUI042601550.U^I26,UUUU,2026-09-04,Call,15.5,,,False
2026-07-22,UUUUI042601600.U^I26,UUUU,2026-09-04,Call,16.0,,,False
2026-07-22,UUUUI042601650.U^I26,UUUU,2026-09-04,Call,16.5,,,False
2026-07-22,UUUUI042601700.U^I26,UUUU,2026-09-04,Call,17.0,,,False
2026-07-22,UUUUI042601750.U^I26,UUUU,2026-09-04,Call,17.5,,,False
2026-07-22,UUUUI042601800.U^I26,UUUU,2026-09-04,Call,18.0,,,False
2026-07-22,UUUUI042601850.U^I26,UUUU,2026-09-04,Call,18.5,,,False
2026-07-22,UUUUS242601050.U^G26,UUUU,2026-07-24,Put,10.5,0.04,,True
2026-07-22,UUUUS242601100.U^G26,UUUU,2026-07-24,Put,11.0,0.065,0.03,True
2026-07-22,UUUUS242601150.U^G26,UUUU,2026-07-24,Put,11.5,0.06,0.07,True
2026-07-22,UUUUS242601200.U^G26,UUUU,2026-07-24,Put,12.0,0.175,0.15,True
2026-07-22,UUUUS242601250.U^G26,UUUU,2026-07-24,Put,12.5,0.415,0.42,True
2026-07-22,UUUUS242601300.U^G26,UUUU,2026-07-24,Put,13.0,0.755,0.71,True
2026-07-22,UUUUS242601350.U^G26,UUUU,2026-07-24,Put,13.5,1.15,1.15,True
2026-07-22,UUUUS242601400.U^G26,UUUU,2026-07-24,Put,14.0,1.725,1.65,True
2026-07-22,UUUUS242601450.U^G26,UUUU,2026-07-24,Put,14.5,2.14,2.02,True
2026-07-22,UUUUS242601500.U^G26,UUUU,2026-07-24,Put,15.0,2.6,2.64,True
2026-07-22,UUUUS242601550.U^G26,UUUU,2026-07-24,Put,15.5,3.085,3.03,True
2026-07-22,UUUUS242601600.U^G26,UUUU,2026-07-24,Put,16.0,3.65,3.6,True
2026-07-22,UUUUS242601650.U^G26,UUUU,2026-07-24,Put,16.5,4.1,3.97,True
2026-07-22,UUUUS242601700.U^G26,UUUU,2026-07-24,Put,17.0,4.6,4.5,True
2026-07-22,UUUUS242601750.U^G26,UUUU,2026-07-24,Put,17.5,5.125,4.99,True
2026-07-22,UUUUS242601800.U^G26,UUUU,2026-07-24,Put,18.0,5.825,5.54,True
2026-07-22,UUUUS242601850.U^G26,UUUU,2026-07-24,Put,18.5,6.05,6.0,True
2026-07-22,UUUUS312601050.U^G26,UUUU,2026-07-31,Put,10.5,0.11,0.1,True
2026-07-22,UUUUS312601100.U^G26,UUUU,2026-07-31,Put,11.0,0.175,0.16,True
2026-07-22,UUUUS312601150.U^G26,UUUU,2026-07-31,Put,11.5,0.325,0.3,True
2026-07-22,UUUUS312601200.U^G26,UUUU,2026-07-31,Put,12.0,0.465,0.47,True
2026-07-22,UUUUS312601250.U^G26,UUUU,2026-07-31,Put,12.5,0.75,0.72,True
2026-07-22,UUUUS312601300.U^G26,UUUU,2026-07-31,Put,13.0,1.06,0.98,True
2026-07-22,UUUUS312601350.U^G26,UUUU,2026-07-31,Put,13.5,1.42,,True
2026-07-22,UUUUS312601400.U^G26,UUUU,2026-07-31,Put,14.0,1.77,1.84,True
2026-07-22,UUUUS312601450.U^G26,UUUU,2026-07-31,Put,14.5,2.285,,True
2026-07-22,UUUUS312601500.U^G26,UUUU,2026-07-31,Put,15.0,2.65,,True
2026-07-22,UUUUS312601550.U^G26,UUUU,2026-07-31,Put,15.5,3.135,3.01,True
2026-07-22,UUUUS312601600.U^G26,UUUU,2026-07-31,Put,16.0,3.7,3.45,True
2026-07-22,UUUUS312601650.U^G26,UUUU,2026-07-31,Put,16.5,4.2,4.13,True
2026-07-22,UUUUS312601700.U^G26,UUUU,2026-07-31,Put,17.0,4.7,4.65,True
2026-07-22,UUUUS312601750.U^G26,UUUU,2026-07-31,Put,17.5,5.15,,True
2026-07-22,UUUUS312601800.U^G26,UUUU,2026-07-31,Put,18.0,5.7,,True
2026-07-22,UUUUS312601850.U^G26,UUUU,2026-07-31,Put,18.5,6.15,6.05,True
2026-07-22,UUUUT072601050.U^H26,UUUU,2026-08-07,Put,10.5,0.21,0.21,True
2026-07-22,UUUUT072601100.U^H26,UUUU,2026-08-07,Put,11.0,0.365,0.29,True
2026-07-22,UUUUT072601150.U^H26,UUUU,2026-08-07,Put,11.5,0.52,0.47,True
2026-07-22,UUUUT072601200.U^H26,UUUU,2026-08-07,Put,12.0,0.725,0.73,True
2026-07-22,UUUUT072601250.U^H26,UUUU,2026-08-07,Put,12.5,0.98,0.89,True
2026-07-22,UUUUT072601300.U^H26,UUUU,2026-08-07,Put,13.0,1.29,1.23,True
2026-07-22,UUUUT072601350.U^H26,UUUU,2026-08-07,Put,13.5,1.61,1.53,True
2026-07-22,UUUUT072601400.U^H26,UUUU,2026-08-07,Put,14.0,2.02,1.74,True
2026-07-22,UUUUT072601450.U^H26,UUUU,2026-08-07,Put,14.5,2.355,,True
2026-07-22,UUUUT072601500.U^H26,UUUU,2026-08-07,Put,15.0,2.825,2.65,True
2026-07-22,UUUUT072601550.U^H26,UUUU,2026-08-07,Put,15.5,3.225,3.15,True
2026-07-22,UUUUT072601600.U^H26,UUUU,2026-08-07,Put,16.0,3.75,3.61,True
2026-07-22,UUUUT072601650.U^H26,UUUU,2026-08-07,Put,16.5,4.25,4.22,True
2026-07-22,UUUUT072601700.U^H26,UUUU,2026-08-07,Put,17.0,4.725,4.72,True
2026-07-22,UUUUT072601750.U^H26,UUUU,2026-08-07,Put,17.5,5.15,,True
2026-07-22,UUUUT072601800.U^H26,UUUU,2026-08-07,Put,18.0,5.625,5.6,True
2026-07-22,UUUUT072601850.U^H26,UUUU,2026-08-07,Put,18.5,6.175,,True
2026-07-22,UUUUT142601050.U^H26,UUUU,2026-08-14,Put,10.5,0.365,0.25,True
2026-07-22,UUUUT142601100.U^H26,UUUU,2026-08-14,Put,11.0,0.505,0.44,True
2026-07-22,UUUUT142601150.U^H26,UUUU,2026-08-14,Put,11.5,0.68,,True
2026-07-22,UUUUT142601200.U^H26,UUUU,2026-08-14,Put,12.0,0.86,0.85,True
2026-07-22,UUUUT142601250.U^H26,UUUU,2026-08-14,Put,12.5,1.17,1.05,True
2026-07-22,UUUUT142601300.U^H26,UUUU,2026-08-14,Put,13.0,1.435,1.37,True
2026-07-22,UUUUT142601350.U^H26,UUUU,2026-08-14,Put,13.5,1.77,1.66,True
2026-07-22,UUUUT142601400.U^H26,UUUU,2026-08-14,Put,14.0,2.14,,True
2026-07-22,UUUUT142601450.U^H26,UUUU,2026-08-14,Put,14.5,2.545,2.29,True
2026-07-22,UUUUT142601500.U^H26,UUUU,2026-08-14,Put,15.0,2.95,2.72,True
2026-07-22,UUUUT142601550.U^H26,UUUU,2026-08-14,Put,15.5,3.4,3.21,True
2026-07-22,UUUUT142601600.U^H26,UUUU,2026-08-14,Put,16.0,3.7,,True
2026-07-22,UUUUT142601650.U^H26,UUUU,2026-08-14,Put,16.5,4.25,4.2,True
2026-07-22,UUUUT142601700.U^H26,UUUU,2026-08-14,Put,17.0,4.725,4.7,True
2026-07-22,UUUUT142601750.U^H26,UUUU,2026-08-14,Put,17.5,5.275,5.1,True
2026-07-22,UUUUT142601800.U^H26,UUUU,2026-08-14,Put,18.0,5.775,,True
2026-07-22,UUUUT142601850.U^H26,UUUU,2026-08-14,Put,18.5,6.225,6.12,True
2026-07-22,UUUUT212601050.U^H26,UUUU,2026-08-21,Put,10.5,0.395,,True
2026-07-22,UUUUT212601100.U^H26,UUUU,2026-08-21,Put,11.0,0.555,0.55,True
2026-07-22,UUUUT212601150.U^H26,UUUU,2026-08-21,Put,11.5,0.74,0.7,True
2026-07-22,UUUUT212601200.U^H26,UUUU,2026-08-21,Put,12.0,0.96,0.94,True
2026-07-22,UUUUT212601250.U^H26,UUUU,2026-08-21,Put,12.5,1.255,1.22,True
2026-07-22,UUUUT212601300.U^H26,UUUU,2026-08-21,Put,13.0,1.525,1.51,True
2026-07-22,UUUUT212601350.U^H26,UUUU,2026-08-21,Put,13.5,1.91,,True
2026-07-22,UUUUT212601400.U^H26,UUUU,2026-08-21,Put,14.0,2.245,2.04,True
2026-07-22,UUUUT212601450.U^H26,UUUU,2026-08-21,Put,14.5,2.64,,True
2026-07-22,UUUUT212601500.U^H26,UUUU,2026-08-21,Put,15.0,3.0,2.94,True
2026-07-22,UUUUT212601550.U^H26,UUUU,2026-08-21,Put,15.5,3.425,3.28,True
2026-07-22,UUUUT212601600.U^H26,UUUU,2026-08-21,Put,16.0,3.9,3.71,True
2026-07-22,UUUUT212601650.U^H26,UUUU,2026-08-21,Put,16.5,4.25,4.15,True
2026-07-22,UUUUT212601700.U^H26,UUUU,2026-08-21,Put,17.0,4.75,4.75,True
2026-07-22,UUUUT212601750.U^H26,UUUU,2026-08-21,Put,17.5,,,False
2026-07-22,UUUUT212601800.U^H26,UUUU,2026-08-21,Put,18.0,5.6,,True
2026-07-22,UUUUT212601850.U^H26,UUUU,2026-08-21,Put,18.5,,,False
2026-07-22,UUUUT282601050.U^H26,UUUU,2026-08-28,Put,10.5,0.53,0.48,True
2026-07-22,UUUUT282601100.U^H26,UUUU,2026-08-28,Put,11.0,0.66,0.62,True
2026-07-22,UUUUT282601150.U^H26,UUUU,2026-08-28,Put,11.5,0.915,,True
2026-07-22,UUUUT282601200.U^H26,UUUU,2026-08-28,Put,12.0,1.15,,True
2026-07-22,UUUUT282601250.U^H26,UUUU,2026-08-28,Put,12.5,1.355,1.33,True
2026-07-22,UUUUT282601300.U^H26,UUUU,2026-08-28,Put,13.0,1.71,,True
2026-07-22,UUUUT282601350.U^H26,UUUU,2026-08-28,Put,13.5,1.985,1.9,True
2026-07-22,UUUUT282601400.U^H26,UUUU,2026-08-28,Put,14.0,2.37,2.26,True
2026-07-22,UUUUT282601450.U^H26,UUUU,2026-08-28,Put,14.5,2.695,,True
2026-07-22,UUUUT282601500.U^H26,UUUU,2026-08-28,Put,15.0,3.15,,True
2026-07-22,UUUUT282601550.U^H26,UUUU,2026-08-28,Put,15.5,3.475,,True
2026-07-22,UUUUT282601600.U^H26,UUUU,2026-08-28,Put,16.0,3.85,,True
2026-07-22,UUUUT282601650.U^H26,UUUU,2026-08-28,Put,16.5,4.425,4.39,True
2026-07-22,UUUUT282601700.U^H26,UUUU,2026-08-28,Put,17.0,4.85,4.85,True
2026-07-22,UUUUT282601750.U^H26,UUUU,2026-08-28,Put,17.5,5.15,,True
2026-07-22,UUUUT282601800.U^H26,UUUU,2026-08-28,Put,18.0,5.675,5.65,True
2026-07-22,UUUUT282601850.U^H26,UUUU,2026-08-28,Put,18.5,6.1,,True
2026-07-22,UUUUU042601050.U^I26,UUUU,2026-09-04,Put,10.5,,,False
2026-07-22,UUUUU042601100.U^I26,UUUU,2026-09-04,Put,11.0,,,False
2026-07-22,UUUUU042601150.U^I26,UUUU,2026-09-04,Put,11.5,,,False
2026-07-22,UUUUU042601200.U^I26,UUUU,2026-09-04,Put,12.0,,,False
2026-07-22,UUUUU042601250.U^I26,UUUU,2026-09-04,Put,12.5,,,False
2026-07-22,UUUUU042601300.U^I26,UUUU,2026-09-04,Put,13.0,,,False
2026-07-22,UUUUU042601350.U^I26,UUUU,2026-09-04,Put,13.5,,,False
2026-07-22,UUUUU042601400.U^I26,UUUU,2026-09-04,Put,14.0,,,False
2026-07-22,UUUUU042601450.U^I26,UUUU,2026-09-04,Put,14.5,,,False
2026-07-22,UUUUU042601500.U^I26,UUUU,2026-09-04,Put,15.0,,,False
2026-07-22,UUUUU042601550.U^I26,UUUU,2026-09-04,Put,15.5,,,False
2026-07-22,UUUUU042601600.U^I26,UUUU,2026-09-04,Put,16.0,,,False
2026-07-22,UUUUU042601650.U^I26,UUUU,2026-09-04,Put,16.5,,,False
2026-07-22,UUUUU042601700.U^I26,UUUU,2026-09-04,Put,17.0,,,False
2026-07-22,UUUUU042601750.U^I26,UUUU,2026-09-04,Put,17.5,,,False
2026-07-22,UUUUU042601800.U^I26,UUUU,2026-09-04,Put,18.0,,,False
2026-07-22,UUUUU042601850.U^I26,UUUU,2026-09-04,Put,18.5,,,False
2026-07-23,UUUUG242601050.U^G26,UUUU,2026-07-24,Call,10.5,1.675,,True
2026-07-23,UUUUG242601100.U^G26,UUUU,2026-07-24,Call,11.0,1.13,1.13,True
2026-07-23,UUUUG242601150.U^G26,UUUU,2026-07-24,Call,11.5,0.625,0.6,True
2026-07-23,UUUUG242601200.U^G26,UUUU,2026-07-24,Call,12.0,0.235,0.23,True
2026-07-23,UUUUG242601250.U^G26,UUUU,2026-07-24,Call,12.5,0.1,0.1,True
2026-07-23,UUUUG242601300.U^G26,UUUU,2026-07-24,Call,13.0,0.03,0.02,True
2026-07-23,UUUUG242601350.U^G26,UUUU,2026-07-24,Call,13.5,,0.01,True
2026-07-23,UUUUG242601400.U^G26,UUUU,2026-07-24,Call,14.0,,0.02,True
2026-07-23,UUUUG242601450.U^G26,UUUU,2026-07-24,Call,14.5,,0.01,True
2026-07-23,UUUUG242601500.U^G26,UUUU,2026-07-24,Call,15.0,,0.01,True
2026-07-23,UUUUG242601550.U^G26,UUUU,2026-07-24,Call,15.5,,0.01,True
2026-07-23,UUUUG242601600.U^G26,UUUU,2026-07-24,Call,16.0,,0.04,True
2026-07-23,UUUUG242601650.U^G26,UUUU,2026-07-24,Call,16.5,,,True
2026-07-23,UUUUG242601700.U^G26,UUUU,2026-07-24,Call,17.0,,,True
2026-07-23,UUUUG242601750.U^G26,UUUU,2026-07-24,Call,17.5,,,True
2026-07-23,UUUUG242601800.U^G26,UUUU,2026-07-24,Call,18.0,,,True
2026-07-23,UUUUG242601850.U^G26,UUUU,2026-07-24,Call,18.5,,0.07,True
2026-07-23,UUUUG312601050.U^G26,UUUU,2026-07-31,Call,10.5,1.665,,True
2026-07-23,UUUUG312601100.U^G26,UUUU,2026-07-31,Call,11.0,1.21,1.29,True
2026-07-23,UUUUG312601150.U^G26,UUUU,2026-07-31,Call,11.5,0.865,0.86,True
2026-07-23,UUUUG312601200.U^G26,UUUU,2026-07-31,Call,12.0,0.585,0.55,True
2026-07-23,UUUUG312601250.U^G26,UUUU,2026-07-31,Call,12.5,0.38,0.36,True
2026-07-23,UUUUG312601300.U^G26,UUUU,2026-07-31,Call,13.0,0.245,0.24,True
2026-07-23,UUUUG312601350.U^G26,UUUU,2026-07-31,Call,13.5,0.145,0.13,True
2026-07-23,UUUUG312601400.U^G26,UUUU,2026-07-31,Call,14.0,0.085,0.09,True
2026-07-23,UUUUG312601450.U^G26,UUUU,2026-07-31,Call,14.5,0.055,0.04,True
2026-07-23,UUUUG312601500.U^G26,UUUU,2026-07-31,Call,15.0,0.035,0.03,True
2026-07-23,UUUUG312601550.U^G26,UUUU,2026-07-31,Call,15.5,,,True
2026-07-23,UUUUG312601600.U^G26,UUUU,2026-07-31,Call,16.0,,0.02,True
2026-07-23,UUUUG312601650.U^G26,UUUU,2026-07-31,Call,16.5,,,True
2026-07-23,UUUUG312601700.U^G26,UUUU,2026-07-31,Call,17.0,,,True
2026-07-23,UUUUG312601750.U^G26,UUUU,2026-07-31,Call,17.5,,0.02,True
2026-07-23,UUUUG312601800.U^G26,UUUU,2026-07-31,Call,18.0,,,True
2026-07-23,UUUUG312601850.U^G26,UUUU,2026-07-31,Call,18.5,,,True
2026-07-23,UUUUH072601050.U^H26,UUUU,2026-08-07,Call,10.5,1.83,,True
2026-07-23,UUUUH072601100.U^H26,UUUU,2026-08-07,Call,11.0,1.335,,True
2026-07-23,UUUUH072601150.U^H26,UUUU,2026-08-07,Call,11.5,1.115,,True
2026-07-23,UUUUH072601200.U^H26,UUUU,2026-08-07,Call,12.0,0.835,0.8,True
2026-07-23,UUUUH072601250.U^H26,UUUU,2026-08-07,Call,12.5,0.64,0.68,True
2026-07-23,UUUUH072601300.U^H26,UUUU,2026-08-07,Call,13.0,0.49,0.49,True
2026-07-23,UUUUH072601350.U^H26,UUUU,2026-08-07,Call,13.5,0.375,,True
2026-07-23,UUUUH072601400.U^H26,UUUU,2026-08-07,Call,14.0,0.265,0.23,True
2026-07-23,UUUUH072601450.U^H26,UUUU,2026-08-07,Call,14.5,0.175,0.16,True
2026-07-23,UUUUH072601500.U^H26,UUUU,2026-08-07,Call,15.0,0.125,,True
2026-07-23,UUUUH072601550.U^H26,UUUU,2026-08-07,Call,15.5,0.1,0.12,True
2026-07-23,UUUUH072601600.U^H26,UUUU,2026-08-07,Call,16.0,0.135,,True
2026-07-23,UUUUH072601650.U^H26,UUUU,2026-08-07,Call,16.5,0.07,,True
2026-07-23,UUUUH072601700.U^H26,UUUU,2026-08-07,Call,17.0,0.085,,True
2026-07-23,UUUUH072601750.U^H26,UUUU,2026-08-07,Call,17.5,,,True
2026-07-23,UUUUH072601800.U^H26,UUUU,2026-08-07,Call,18.0,,0.03,True
2026-07-23,UUUUH072601850.U^H26,UUUU,2026-08-07,Call,18.5,,,True
2026-07-23,UUUUH142601050.U^H26,UUUU,2026-08-14,Call,10.5,1.92,,True
2026-07-23,UUUUH142601100.U^H26,UUUU,2026-08-14,Call,11.0,1.505,1.55,True
2026-07-23,UUUUH142601150.U^H26,UUUU,2026-08-14,Call,11.5,1.285,,True
2026-07-23,UUUUH142601200.U^H26,UUUU,2026-08-14,Call,12.0,1.035,1.05,True
2026-07-23,UUUUH142601250.U^H26,UUUU,2026-08-14,Call,12.5,0.81,0.84,True
2026-07-23,UUUUH142601300.U^H26,UUUU,2026-08-14,Call,13.0,0.63,0.65,True
2026-07-23,UUUUH142601350.U^H26,UUUU,2026-08-14,Call,13.5,0.5,0.49,True
2026-07-23,UUUUH142601400.U^H26,UUUU,2026-08-14,Call,14.0,0.39,0.36,True
2026-07-23,UUUUH142601450.U^H26,UUUU,2026-08-14,Call,14.5,0.24,,True
2026-07-23,UUUUH142601500.U^H26,UUUU,2026-08-14,Call,15.0,0.17,,True
2026-07-23,UUUUH142601550.U^H26,UUUU,2026-08-14,Call,15.5,0.15,,True
2026-07-23,UUUUH142601600.U^H26,UUUU,2026-08-14,Call,16.0,0.12,,True
2026-07-23,UUUUH142601650.U^H26,UUUU,2026-08-14,Call,16.5,0.115,0.09,True
2026-07-23,UUUUH142601700.U^H26,UUUU,2026-08-14,Call,17.0,0.055,,True
2026-07-23,UUUUH142601750.U^H26,UUUU,2026-08-14,Call,17.5,,,True
2026-07-23,UUUUH142601800.U^H26,UUUU,2026-08-14,Call,18.0,,0.11,True
2026-07-23,UUUUH142601850.U^H26,UUUU,2026-08-14,Call,18.5,,,True
2026-07-23,UUUUH212601050.U^H26,UUUU,2026-08-21,Call,10.5,1.935,,True
2026-07-23,UUUUH212601100.U^H26,UUUU,2026-08-21,Call,11.0,1.71,1.7,True
2026-07-23,UUUUH212601150.U^H26,UUUU,2026-08-21,Call,11.5,1.42,1.36,True
2026-07-23,UUUUH212601200.U^H26,UUUU,2026-08-21,Call,12.0,1.15,1.09,True
2026-07-23,UUUUH212601250.U^H26,UUUU,2026-08-21,Call,12.5,0.9,0.96,True
2026-07-23,UUUUH212601300.U^H26,UUUU,2026-08-21,Call,13.0,0.72,0.73,True
2026-07-23,UUUUH212601350.U^H26,UUUU,2026-08-21,Call,13.5,0.575,,True
2026-07-23,UUUUH212601400.U^H26,UUUU,2026-08-21,Call,14.0,0.445,0.46,True
2026-07-23,UUUUH212601450.U^H26,UUUU,2026-08-21,Call,14.5,0.35,0.36,True
2026-07-23,UUUUH212601500.U^H26,UUUU,2026-08-21,Call,15.0,0.27,0.29,True
2026-07-23,UUUUH212601550.U^H26,UUUU,2026-08-21,Call,15.5,0.215,0.27,True
2026-07-23,UUUUH212601600.U^H26,UUUU,2026-08-21,Call,16.0,0.23,0.18,True
2026-07-23,UUUUH212601650.U^H26,UUUU,2026-08-21,Call,16.5,0.16,,True
2026-07-23,UUUUH212601700.U^H26,UUUU,2026-08-21,Call,17.0,0.105,0.11,True
2026-07-23,UUUUH212601750.U^H26,UUUU,2026-08-21,Call,17.5,,,False
2026-07-23,UUUUH212601800.U^H26,UUUU,2026-08-21,Call,18.0,0.085,0.1,True
2026-07-23,UUUUH212601850.U^H26,UUUU,2026-08-21,Call,18.5,,,False
2026-07-23,UUUUH282601050.U^H26,UUUU,2026-08-28,Call,10.5,2.125,,True
2026-07-23,UUUUH282601100.U^H26,UUUU,2026-08-28,Call,11.0,1.825,,True
2026-07-23,UUUUH282601150.U^H26,UUUU,2026-08-28,Call,11.5,1.52,,True
2026-07-23,UUUUH282601200.U^H26,UUUU,2026-08-28,Call,12.0,1.28,1.22,True
2026-07-23,UUUUH282601250.U^H26,UUUU,2026-08-28,Call,12.5,1.07,,True
2026-07-23,UUUUH282601300.U^H26,UUUU,2026-08-28,Call,13.0,0.85,0.86,True
2026-07-23,UUUUH282601350.U^H26,UUUU,2026-08-28,Call,13.5,0.74,,True
2026-07-23,UUUUH282601400.U^H26,UUUU,2026-08-28,Call,14.0,0.605,0.62,True
2026-07-23,UUUUH282601450.U^H26,UUUU,2026-08-28,Call,14.5,0.5,,True
2026-07-23,UUUUH282601500.U^H26,UUUU,2026-08-28,Call,15.0,0.355,0.4,True
2026-07-23,UUUUH282601550.U^H26,UUUU,2026-08-28,Call,15.5,0.35,,True
2026-07-23,UUUUH282601600.U^H26,UUUU,2026-08-28,Call,16.0,0.245,,True
2026-07-23,UUUUH282601650.U^H26,UUUU,2026-08-28,Call,16.5,0.25,,True
2026-07-23,UUUUH282601700.U^H26,UUUU,2026-08-28,Call,17.0,0.215,,True
2026-07-23,UUUUH282601750.U^H26,UUUU,2026-08-28,Call,17.5,0.145,,True
2026-07-23,UUUUH282601800.U^H26,UUUU,2026-08-28,Call,18.0,0.145,,True
2026-07-23,UUUUH282601850.U^H26,UUUU,2026-08-28,Call,18.5,0.155,,True
2026-07-23,UUUUI042601050.U^I26,UUUU,2026-09-04,Call,10.5,2.3,,True
2026-07-23,UUUUI042601100.U^I26,UUUU,2026-09-04,Call,11.0,2.15,,True
2026-07-23,UUUUI042601150.U^I26,UUUU,2026-09-04,Call,11.5,2.48,,True
2026-07-23,UUUUI042601200.U^I26,UUUU,2026-09-04,Call,12.0,1.175,,True
2026-07-23,UUUUI042601250.U^I26,UUUU,2026-09-04,Call,12.5,1.655,,True
2026-07-23,UUUUI042601300.U^I26,UUUU,2026-09-04,Call,13.0,1.8,,True
2026-07-23,UUUUI042601350.U^I26,UUUU,2026-09-04,Call,13.5,1.72,,True
2026-07-23,UUUUI042601400.U^I26,UUUU,2026-09-04,Call,14.0,0.815,,True
2026-07-23,UUUUI042601450.U^I26,UUUU,2026-09-04,Call,14.5,0.585,0.55,True
2026-07-23,UUUUI042601500.U^I26,UUUU,2026-09-04,Call,15.0,1.3,,True
2026-07-23,UUUUI042601550.U^I26,UUUU,2026-09-04,Call,15.5,1.265,,True
2026-07-23,UUUUI042601600.U^I26,UUUU,2026-09-04,Call,16.0,0.97,,True
2026-07-23,UUUUI042601650.U^I26,UUUU,2026-09-04,Call,16.5,1.02,,True
2026-07-23,UUUUI042601700.U^I26,UUUU,2026-09-04,Call,17.0,0.25,0.39,True
2026-07-23,UUUUI042601750.U^I26,UUUU,2026-09-04,Call,17.5,,,False
2026-07-23,UUUUI042601800.U^I26,UUUU,2026-09-04,Call,18.0,,,False
2026-07-23,UUUUI042601850.U^I26,UUUU,2026-09-04,Call,18.5,,,False
2026-07-23,UUUUS242601050.U^G26,UUUU,2026-07-24,Put,10.5,0.07,0.01,True
2026-07-23,UUUUS242601100.U^G26,UUUU,2026-07-24,Put,11.0,,0.02,True
2026-07-23,UUUUS242601150.U^G26,UUUU,2026-07-24,Put,11.5,0.065,0.09,True
2026-07-23,UUUUS242601200.U^G26,UUUU,2026-07-24,Put,12.0,0.19,0.26,True
2026-07-23,UUUUS242601250.U^G26,UUUU,2026-07-24,Put,12.5,0.625,0.63,True
2026-07-23,UUUUS242601300.U^G26,UUUU,2026-07-24,Put,13.0,1.03,1.05,True
2026-07-23,UUUUS242601350.U^G26,UUUU,2026-07-24,Put,13.5,1.655,1.53,True
2026-07-23,UUUUS242601400.U^G26,UUUU,2026-07-24,Put,14.0,2.01,2.08,True
2026-07-23,UUUUS242601450.U^G26,UUUU,2026-07-24,Put,14.5,2.52,2.3,True
2026-07-23,UUUUS242601500.U^G26,UUUU,2026-07-24,Put,15.0,3.015,3.1,True
2026-07-23,UUUUS242601550.U^G26,UUUU,2026-07-24,Put,15.5,3.725,3.3,True
2026-07-23,UUUUS242601600.U^G26,UUUU,2026-07-24,Put,16.0,4.1,4.15,True
2026-07-23,UUUUS242601650.U^G26,UUUU,2026-07-24,Put,16.5,4.525,4.8,True
2026-07-23,UUUUS242601700.U^G26,UUUU,2026-07-24,Put,17.0,5.075,,True
2026-07-23,UUUUS242601750.U^G26,UUUU,2026-07-24,Put,17.5,5.55,,True
2026-07-23,UUUUS242601800.U^G26,UUUU,2026-07-24,Put,18.0,6.15,6.09,True
2026-07-23,UUUUS242601850.U^G26,UUUU,2026-07-24,Put,18.5,6.525,6.28,True
2026-07-23,UUUUS312601050.U^G26,UUUU,2026-07-31,Put,10.5,0.095,0.1,True
2026-07-23,UUUUS312601100.U^G26,UUUU,2026-07-31,Put,11.0,0.2,0.19,True
2026-07-23,UUUUS312601150.U^G26,UUUU,2026-07-31,Put,11.5,0.365,0.32,True
2026-07-23,UUUUS312601200.U^G26,UUUU,2026-07-31,Put,12.0,0.565,0.55,True
2026-07-23,UUUUS312601250.U^G26,UUUU,2026-07-31,Put,12.5,0.85,0.9,True
2026-07-23,UUUUS312601300.U^G26,UUUU,2026-07-31,Put,13.0,1.23,1.23,True
2026-07-23,UUUUS312601350.U^G26,UUUU,2026-07-31,Put,13.5,1.7,1.49,True
2026-07-23,UUUUS312601400.U^G26,UUUU,2026-07-31,Put,14.0,2.175,2.07,True
2026-07-23,UUUUS312601450.U^G26,UUUU,2026-07-31,Put,14.5,2.665,2.57,True
2026-07-23,UUUUS312601500.U^G26,UUUU,2026-07-31,Put,15.0,2.99,2.92,True
2026-07-23,UUUUS312601550.U^G26,UUUU,2026-07-31,Put,15.5,3.65,,True
2026-07-23,UUUUS312601600.U^G26,UUUU,2026-07-31,Put,16.0,4.05,,True
2026-07-23,UUUUS312601650.U^G26,UUUU,2026-07-31,Put,16.5,4.6,4.33,True
2026-07-23,UUUUS312601700.U^G26,UUUU,2026-07-31,Put,17.0,4.975,,True
2026-07-23,UUUUS312601750.U^G26,UUUU,2026-07-31,Put,17.5,5.4,5.46,True
2026-07-23,UUUUS312601800.U^G26,UUUU,2026-07-31,Put,18.0,6.05,,True
2026-07-23,UUUUS312601850.U^G26,UUUU,2026-07-31,Put,18.5,6.45,6.35,True
2026-07-23,UUUUT072601050.U^H26,UUUU,2026-08-07,Put,10.5,0.265,0.2,True
2026-07-23,UUUUT072601100.U^H26,UUUU,2026-08-07,Put,11.0,0.375,0.38,True
2026-07-23,UUUUT072601150.U^H26,UUUU,2026-08-07,Put,11.5,0.58,0.6,True
2026-07-23,UUUUT072601200.U^H26,UUUU,2026-08-07,Put,12.0,0.82,0.71,True
2026-07-23,UUUUT072601250.U^H26,UUUU,2026-08-07,Put,12.5,1.095,1.15,True
2026-07-23,UUUUT072601300.U^H26,UUUU,2026-08-07,Put,13.0,1.44,1.5,True
2026-07-23,UUUUT072601350.U^H26,UUUU,2026-08-07,Put,13.5,1.805,,True
2026-07-23,UUUUT072601400.U^H26,UUUU,2026-08-07,Put,14.0,2.23,2.27,True
2026-07-23,UUUUT072601450.U^H26,UUUU,2026-08-07,Put,14.5,2.62,,True
2026-07-23,UUUUT072601500.U^H26,UUUU,2026-08-07,Put,15.0,3.05,3.0,True
2026-07-23,UUUUT072601550.U^H26,UUUU,2026-08-07,Put,15.5,3.55,,True
2026-07-23,UUUUT072601600.U^H26,UUUU,2026-08-07,Put,16.0,4.15,,True
2026-07-23,UUUUT072601650.U^H26,UUUU,2026-08-07,Put,16.5,4.65,,True
2026-07-23,UUUUT072601700.U^H26,UUUU,2026-08-07,Put,17.0,5.1,5.01,True
2026-07-23,UUUUT072601750.U^H26,UUUU,2026-08-07,Put,17.5,5.6,,True
2026-07-23,UUUUT072601800.U^H26,UUUU,2026-08-07,Put,18.0,5.925,,True
2026-07-23,UUUUT072601850.U^H26,UUUU,2026-08-07,Put,18.5,6.4,,True
2026-07-23,UUUUT142601050.U^H26,UUUU,2026-08-14,Put,10.5,0.365,,True
2026-07-23,UUUUT142601100.U^H26,UUUU,2026-08-14,Put,11.0,0.565,0.5,True
2026-07-23,UUUUT142601150.U^H26,UUUU,2026-08-14,Put,11.5,0.75,0.74,True
2026-07-23,UUUUT142601200.U^H26,UUUU,2026-08-14,Put,12.0,1.015,0.98,True
2026-07-23,UUUUT142601250.U^H26,UUUU,2026-08-14,Put,12.5,1.27,1.2,True
2026-07-23,UUUUT142601300.U^H26,UUUU,2026-08-14,Put,13.0,1.58,1.54,True
2026-07-23,UUUUT142601350.U^H26,UUUU,2026-08-14,Put,13.5,1.94,,True
2026-07-23,UUUUT142601400.U^H26,UUUU,2026-08-14,Put,14.0,2.33,,True
2026-07-23,UUUUT142601450.U^H26,UUUU,2026-08-14,Put,14.5,2.79,2.75,True
2026-07-23,UUUUT142601500.U^H26,UUUU,2026-08-14,Put,15.0,3.225,3.07,True
2026-07-23,UUUUT142601550.U^H26,UUUU,2026-08-14,Put,15.5,3.625,3.55,True
2026-07-23,UUUUT142601600.U^H26,UUUU,2026-08-14,Put,16.0,4.0,,True
2026-07-23,UUUUT142601650.U^H26,UUUU,2026-08-14,Put,16.5,4.65,,True
2026-07-23,UUUUT142601700.U^H26,UUUU,2026-08-14,Put,17.0,5.1,4.9,True
2026-07-23,UUUUT142601750.U^H26,UUUU,2026-08-14,Put,17.5,5.6,,True
2026-07-23,UUUUT142601800.U^H26,UUUU,2026-08-14,Put,18.0,6.0,,True
2026-07-23,UUUUT142601850.U^H26,UUUU,2026-08-14,Put,18.5,6.4,,True
2026-07-23,UUUUT212601050.U^H26,UUUU,2026-08-21,Put,10.5,0.455,0.47,True
2026-07-23,UUUUT212601100.U^H26,UUUU,2026-08-21,Put,11.0,0.62,0.64,True
2026-07-23,UUUUT212601150.U^H26,UUUU,2026-08-21,Put,11.5,0.835,0.81,True
2026-07-23,UUUUT212601200.U^H26,UUUU,2026-08-21,Put,12.0,1.08,1.07,True
2026-07-23,UUUUT212601250.U^H26,UUUU,2026-08-21,Put,12.5,1.375,1.25,True
2026-07-23,UUUUT212601300.U^H26,UUUU,2026-08-21,Put,13.0,1.71,1.74,True
2026-07-23,UUUUT212601350.U^H26,UUUU,2026-08-21,Put,13.5,2.085,2.05,True
2026-07-23,UUUUT212601400.U^H26,UUUU,2026-08-21,Put,14.0,2.47,2.31,True
2026-07-23,UUUUT212601450.U^H26,UUUU,2026-08-21,Put,14.5,2.735,,True
2026-07-23,UUUUT212601500.U^H26,UUUU,2026-08-21,Put,15.0,3.225,3.25,True
2026-07-23,UUUUT212601550.U^H26,UUUU,2026-08-21,Put,15.5,3.725,3.62,True
2026-07-23,UUUUT212601600.U^H26,UUUU,2026-08-21,Put,16.0,4.125,,True
2026-07-23,UUUUT212601650.U^H26,UUUU,2026-08-21,Put,16.5,4.55,,True
2026-07-23,UUUUT212601700.U^H26,UUUU,2026-08-21,Put,17.0,5.025,5.02,True
2026-07-23,UUUUT212601750.U^H26,UUUU,2026-08-21,Put,17.5,,,False
2026-07-23,UUUUT212601800.U^H26,UUUU,2026-08-21,Put,18.0,6.025,,True
2026-07-23,UUUUT212601850.U^H26,UUUU,2026-08-21,Put,18.5,,,False
2026-07-23,UUUUT282601050.U^H26,UUUU,2026-08-28,Put,10.5,0.54,,True
2026-07-23,UUUUT282601100.U^H26,UUUU,2026-08-28,Put,11.0,0.77,0.77,True
2026-07-23,UUUUT282601150.U^H26,UUUU,2026-08-28,Put,11.5,0.995,,True
2026-07-23,UUUUT282601200.U^H26,UUUU,2026-08-28,Put,12.0,1.225,1.23,True
2026-07-23,UUUUT282601250.U^H26,UUUU,2026-08-28,Put,12.5,1.52,,True
2026-07-23,UUUUT282601300.U^H26,UUUU,2026-08-28,Put,13.0,1.83,,True
2026-07-23,UUUUT282601350.U^H26,UUUU,2026-08-28,Put,13.5,2.17,2.1,True
2026-07-23,UUUUT282601400.U^H26,UUUU,2026-08-28,Put,14.0,2.54,,True
2026-07-23,UUUUT282601450.U^H26,UUUU,2026-08-28,Put,14.5,2.885,,True
2026-07-23,UUUUT282601500.U^H26,UUUU,2026-08-28,Put,15.0,3.375,3.35,True
2026-07-23,UUUUT282601550.U^H26,UUUU,2026-08-28,Put,15.5,3.725,,True
2026-07-23,UUUUT282601600.U^H26,UUUU,2026-08-28,Put,16.0,4.125,,True
2026-07-23,UUUUT282601650.U^H26,UUUU,2026-08-28,Put,16.5,4.575,,True
2026-07-23,UUUUT282601700.U^H26,UUUU,2026-08-28,Put,17.0,5.1,5.1,True
2026-07-23,UUUUT282601750.U^H26,UUUU,2026-08-28,Put,17.5,5.575,,True
2026-07-23,UUUUT282601800.U^H26,UUUU,2026-08-28,Put,18.0,6.125,,True
2026-07-23,UUUUT282601850.U^H26,UUUU,2026-08-28,Put,18.5,6.575,6.4,True
2026-07-23,UUUUU042601050.U^I26,UUUU,2026-09-04,Put,10.5,0.61,,True
2026-07-23,UUUUU042601100.U^I26,UUUU,2026-09-04,Put,11.0,0.86,,True
2026-07-23,UUUUU042601150.U^I26,UUUU,2026-09-04,Put,11.5,1.555,,True
2026-07-23,UUUUU042601200.U^I26,UUUU,2026-09-04,Put,12.0,1.2,,True
2026-07-23,UUUUU042601250.U^I26,UUUU,2026-09-04,Put,12.5,2.1,,True
2026-07-23,UUUUU042601300.U^I26,UUUU,2026-09-04,Put,13.0,2.25,,True
2026-07-23,UUUUU042601350.U^I26,UUUU,2026-09-04,Put,13.5,2.425,,True
2026-07-23,UUUUU042601400.U^I26,UUUU,2026-09-04,Put,14.0,2.625,,True
2026-07-23,UUUUU042601450.U^I26,UUUU,2026-09-04,Put,14.5,2.935,,True
2026-07-23,UUUUU042601500.U^I26,UUUU,2026-09-04,Put,15.0,3.35,,True
2026-07-23,UUUUU042601550.U^I26,UUUU,2026-09-04,Put,15.5,3.755,,True
2026-07-23,UUUUU042601600.U^I26,UUUU,2026-09-04,Put,16.0,3.54,,True
2026-07-23,UUUUU042601650.U^I26,UUUU,2026-09-04,Put,16.5,3.9,,True
2026-07-23,UUUUU042601700.U^I26,UUUU,2026-09-04,Put,17.0,4.975,,True
2026-07-23,UUUUU042601750.U^I26,UUUU,2026-09-04,Put,17.5,5.55,,True
2026-07-23,UUUUU042601800.U^I26,UUUU,2026-09-04,Put,18.0,,,False
2026-07-23,UUUUU042601850.U^I26,UUUU,2026-09-04,Put,18.5,,,False
2026-07-24,UUUUG242601050.U^G26,UUUU,2026-07-24,Call,10.5,1.025,1.0,True
2026-07-24,UUUUG242601100.U^G26,UUUU,2026-07-24,Call,11.0,0.38,0.46,True
2026-07-24,UUUUG242601150.U^G26,UUUU,2026-07-24,Call,11.5,,0.06,True
2026-07-24,UUUUG242601200.U^G26,UUUU,2026-07-24,Call,12.0,,0.01,True
2026-07-24,UUUUG242601250.U^G26,UUUU,2026-07-24,Call,12.5,,0.02,True
2026-07-24,UUUUG242601300.U^G26,UUUU,2026-07-24,Call,13.0,,0.01,True
2026-07-24,UUUUG242601350.U^G26,UUUU,2026-07-24,Call,13.5,,0.02,True
2026-07-24,UUUUG242601400.U^G26,UUUU,2026-07-24,Call,14.0,,0.01,True
2026-07-24,UUUUG242601450.U^G26,UUUU,2026-07-24,Call,14.5,,0.01,True
2026-07-24,UUUUG242601500.U^G26,UUUU,2026-07-24,Call,15.0,,0.01,True
2026-07-24,UUUUG242601550.U^G26,UUUU,2026-07-24,Call,15.5,,,True
2026-07-24,UUUUG242601600.U^G26,UUUU,2026-07-24,Call,16.0,,0.01,True
2026-07-24,UUUUG242601650.U^G26,UUUU,2026-07-24,Call,16.5,,0.01,True
2026-07-24,UUUUG242601700.U^G26,UUUU,2026-07-24,Call,17.0,,0.01,True
2026-07-24,UUUUG242601750.U^G26,UUUU,2026-07-24,Call,17.5,,0.04,True
2026-07-24,UUUUG242601800.U^G26,UUUU,2026-07-24,Call,18.0,,,True
2026-07-24,UUUUG242601850.U^G26,UUUU,2026-07-24,Call,18.5,,,True
2026-07-24,UUUUG312601050.U^G26,UUUU,2026-07-31,Call,10.5,1.015,1.07,True
2026-07-24,UUUUG312601100.U^G26,UUUU,2026-07-31,Call,11.0,0.68,0.67,True
2026-07-24,UUUUG312601150.U^G26,UUUU,2026-07-31,Call,11.5,0.42,0.43,True
2026-07-24,UUUUG312601200.U^G26,UUUU,2026-07-31,Call,12.0,0.25,0.25,True
2026-07-24,UUUUG312601250.U^G26,UUUU,2026-07-31,Call,12.5,0.14,0.14,True
2026-07-24,UUUUG312601300.U^G26,UUUU,2026-07-31,Call,13.0,0.065,0.06,True
2026-07-24,UUUUG312601350.U^G26,UUUU,2026-07-31,Call,13.5,0.035,0.04,True
2026-07-24,UUUUG312601400.U^G26,UUUU,2026-07-31,Call,14.0,,0.03,True
2026-07-24,UUUUG312601450.U^G26,UUUU,2026-07-31,Call,14.5,,0.02,True
2026-07-24,UUUUG312601500.U^G26,UUUU,2026-07-31,Call,15.0,,0.04,True
2026-07-24,UUUUG312601550.U^G26,UUUU,2026-07-31,Call,15.5,,0.03,True
2026-07-24,UUUUG312601600.U^G26,UUUU,2026-07-31,Call,16.0,,0.01,True
2026-07-24,UUUUG312601650.U^G26,UUUU,2026-07-31,Call,16.5,,0.01,True
2026-07-24,UUUUG312601700.U^G26,UUUU,2026-07-31,Call,17.0,,,True
2026-07-24,UUUUG312601750.U^G26,UUUU,2026-07-31,Call,17.5,,0.02,True
2026-07-24,UUUUG312601800.U^G26,UUUU,2026-07-31,Call,18.0,,0.09,True
2026-07-24,UUUUG312601850.U^G26,UUUU,2026-07-31,Call,18.5,,0.01,True
2026-07-24,UUUUH072601050.U^H26,UUUU,2026-08-07,Call,10.5,1.245,,True
2026-07-24,UUUUH072601100.U^H26,UUUU,2026-08-07,Call,11.0,0.95,1.11,True
2026-07-24,UUUUH072601150.U^H26,UUUU,2026-08-07,Call,11.5,0.725,0.7,True
2026-07-24,UUUUH072601200.U^H26,UUUU,2026-08-07,Call,12.0,0.515,0.5,True
2026-07-24,UUUUH072601250.U^H26,UUUU,2026-08-07,Call,12.5,0.34,0.42,True
2026-07-24,UUUUH072601300.U^H26,UUUU,2026-08-07,Call,13.0,0.26,0.32,True
2026-07-24,UUUUH072601350.U^H26,UUUU,2026-08-07,Call,13.5,0.19,0.16,True
2026-07-24,UUUUH072601400.U^H26,UUUU,2026-08-07,Call,14.0,0.125,0.09,True
2026-07-24,UUUUH072601450.U^H26,UUUU,2026-08-07,Call,14.5,0.14,,True
2026-07-24,UUUUH072601500.U^H26,UUUU,2026-08-07,Call,15.0,0.09,0.09,True
2026-07-24,UUUUH072601550.U^H26,UUUU,2026-08-07,Call,15.5,,0.09,True
2026-07-24,UUUUH072601600.U^H26,UUUU,2026-08-07,Call,16.0,0.04,0.03,True
2026-07-24,UUUUH072601650.U^H26,UUUU,2026-08-07,Call,16.5,,,True
2026-07-24,UUUUH072601700.U^H26,UUUU,2026-08-07,Call,17.0,,0.14,True
2026-07-24,UUUUH072601750.U^H26,UUUU,2026-08-07,Call,17.5,,,True
2026-07-24,UUUUH072601800.U^H26,UUUU,2026-08-07,Call,18.0,,0.03,True
2026-07-24,UUUUH072601850.U^H26,UUUU,2026-08-07,Call,18.5,,,True
2026-07-24,UUUUH142601050.U^H26,UUUU,2026-08-14,Call,10.5,1.39,,True
2026-07-24,UUUUH142601100.U^H26,UUUU,2026-08-14,Call,11.0,1.105,1.1,True
2026-07-24,UUUUH142601150.U^H26,UUUU,2026-08-14,Call,11.5,0.865,,True
2026-07-24,UUUUH142601200.U^H26,UUUU,2026-08-14,Call,12.0,0.67,0.8,True
2026-07-24,UUUUH142601250.U^H26,UUUU,2026-08-14,Call,12.5,0.505,0.59,True
2026-07-24,UUUUH142601300.U^H26,UUUU,2026-08-14,Call,13.0,0.385,0.41,True
2026-07-24,UUUUH142601350.U^H26,UUUU,2026-08-14,Call,13.5,0.305,0.28,True
2026-07-24,UUUUH142601400.U^H26,UUUU,2026-08-14,Call,14.0,0.22,0.2,True
2026-07-24,UUUUH142601450.U^H26,UUUU,2026-08-14,Call,14.5,0.165,0.19,True
2026-07-24,UUUUH142601500.U^H26,UUUU,2026-08-14,Call,15.0,0.095,0.14,True
2026-07-24,UUUUH142601550.U^H26,UUUU,2026-08-14,Call,15.5,0.125,,True
2026-07-24,UUUUH142601600.U^H26,UUUU,2026-08-14,Call,16.0,,0.05,True
2026-07-24,UUUUH142601650.U^H26,UUUU,2026-08-14,Call,16.5,0.07,,True
2026-07-24,UUUUH142601700.U^H26,UUUU,2026-08-14,Call,17.0,,,True
2026-07-24,UUUUH142601750.U^H26,UUUU,2026-08-14,Call,17.5,,,True
2026-07-24,UUUUH142601800.U^H26,UUUU,2026-08-14,Call,18.0,,0.05,True
2026-07-24,UUUUH142601850.U^H26,UUUU,2026-08-14,Call,18.5,,,True
2026-07-24,UUUUH212601050.U^H26,UUUU,2026-08-21,Call,10.5,1.515,1.5,True
2026-07-24,UUUUH212601100.U^H26,UUUU,2026-08-21,Call,11.0,1.235,1.2,True
2026-07-24,UUUUH212601150.U^H26,UUUU,2026-08-21,Call,11.5,0.98,1.02,True
2026-07-24,UUUUH212601200.U^H26,UUUU,2026-08-21,Call,12.0,0.785,0.74,True
2026-07-24,UUUUH212601250.U^H26,UUUU,2026-08-21,Call,12.5,0.63,0.65,True
2026-07-24,UUUUH212601300.U^H26,UUUU,2026-08-21,Call,13.0,0.475,0.47,True
2026-07-24,UUUUH212601350.U^H26,UUUU,2026-08-21,Call,13.5,0.395,0.37,True
2026-07-24,UUUUH212601400.U^H26,UUUU,2026-08-21,Call,14.0,0.31,0.27,True
2026-07-24,UUUUH212601450.U^H26,UUUU,2026-08-21,Call,14.5,0.235,0.23,True
2026-07-24,UUUUH212601500.U^H26,UUUU,2026-08-21,Call,15.0,0.165,0.17,True
2026-07-24,UUUUH212601550.U^H26,UUUU,2026-08-21,Call,15.5,0.18,,True
2026-07-24,UUUUH212601600.U^H26,UUUU,2026-08-21,Call,16.0,0.12,0.11,True
2026-07-24,UUUUH212601650.U^H26,UUUU,2026-08-21,Call,16.5,0.065,,True
2026-07-24,UUUUH212601700.U^H26,UUUU,2026-08-21,Call,17.0,0.07,0.06,True
2026-07-24,UUUUH212601750.U^H26,UUUU,2026-08-21,Call,17.5,,,False
2026-07-24,UUUUH212601800.U^H26,UUUU,2026-08-21,Call,18.0,0.06,0.05,True
2026-07-24,UUUUH212601850.U^H26,UUUU,2026-08-21,Call,18.5,,,False
2026-07-24,UUUUH282601050.U^H26,UUUU,2026-08-28,Call,10.5,1.635,,True
2026-07-24,UUUUH282601100.U^H26,UUUU,2026-08-28,Call,11.0,1.36,,True
2026-07-24,UUUUH282601150.U^H26,UUUU,2026-08-28,Call,11.5,1.12,1.16,True
2026-07-24,UUUUH282601200.U^H26,UUUU,2026-08-28,Call,12.0,0.92,,True
2026-07-24,UUUUH282601250.U^H26,UUUU,2026-08-28,Call,12.5,0.755,,True
2026-07-24,UUUUH282601300.U^H26,UUUU,2026-08-28,Call,13.0,0.61,0.61,True
2026-07-24,UUUUH282601350.U^H26,UUUU,2026-08-28,Call,13.5,0.49,,True
2026-07-24,UUUUH282601400.U^H26,UUUU,2026-08-28,Call,14.0,0.385,0.44,True
2026-07-24,UUUUH282601450.U^H26,UUUU,2026-08-28,Call,14.5,0.335,,True
2026-07-24,UUUUH282601500.U^H26,UUUU,2026-08-28,Call,15.0,0.245,0.27,True
2026-07-24,UUUUH282601550.U^H26,UUUU,2026-08-28,Call,15.5,0.2,,True
2026-07-24,UUUUH282601600.U^H26,UUUU,2026-08-28,Call,16.0,0.165,,True
2026-07-24,UUUUH282601650.U^H26,UUUU,2026-08-28,Call,16.5,0.13,,True
2026-07-24,UUUUH282601700.U^H26,UUUU,2026-08-28,Call,17.0,0.175,0.15,True
2026-07-24,UUUUH282601750.U^H26,UUUU,2026-08-28,Call,17.5,0.135,,True
2026-07-24,UUUUH282601800.U^H26,UUUU,2026-08-28,Call,18.0,0.08,,True
2026-07-24,UUUUH282601850.U^H26,UUUU,2026-08-28,Call,18.5,,,True
2026-07-24,UUUUI042601050.U^I26,UUUU,2026-09-04,Call,10.5,1.725,,True
2026-07-24,UUUUI042601100.U^I26,UUUU,2026-09-04,Call,11.0,1.47,,True
2026-07-24,UUUUI042601150.U^I26,UUUU,2026-09-04,Call,11.5,1.205,,True
2026-07-24,UUUUI042601200.U^I26,UUUU,2026-09-04,Call,12.0,1.11,1.1,True
2026-07-24,UUUUI042601250.U^I26,UUUU,2026-09-04,Call,12.5,0.865,,True
2026-07-24,UUUUI042601300.U^I26,UUUU,2026-09-04,Call,13.0,0.72,,True
2026-07-24,UUUUI042601350.U^I26,UUUU,2026-09-04,Call,13.5,0.51,,True
2026-07-24,UUUUI042601400.U^I26,UUUU,2026-09-04,Call,14.0,0.495,0.4,True
2026-07-24,UUUUI042601450.U^I26,UUUU,2026-09-04,Call,14.5,0.665,0.39,True
2026-07-24,UUUUI042601500.U^I26,UUUU,2026-09-04,Call,15.0,0.34,,True
2026-07-24,UUUUI042601550.U^I26,UUUU,2026-09-04,Call,15.5,0.275,,True
2026-07-24,UUUUI042601600.U^I26,UUUU,2026-09-04,Call,16.0,1.205,,True
2026-07-24,UUUUI042601650.U^I26,UUUU,2026-09-04,Call,16.5,0.4,,True
2026-07-24,UUUUI042601700.U^I26,UUUU,2026-09-04,Call,17.0,,,True
2026-07-24,UUUUI042601750.U^I26,UUUU,2026-09-04,Call,17.5,,,False
2026-07-24,UUUUI042601800.U^I26,UUUU,2026-09-04,Call,18.0,,,False
2026-07-24,UUUUI042601850.U^I26,UUUU,2026-09-04,Call,18.5,,,False
2026-07-24,UUUUS242601050.U^G26,UUUU,2026-07-24,Put,10.5,,0.01,True
2026-07-24,UUUUS242601100.U^G26,UUUU,2026-07-24,Put,11.0,,0.01,True
2026-07-24,UUUUS242601150.U^G26,UUUU,2026-07-24,Put,11.5,0.25,0.24,True
2026-07-24,UUUUS242601200.U^G26,UUUU,2026-07-24,Put,12.0,0.75,0.73,True
2026-07-24,UUUUS242601250.U^G26,UUUU,2026-07-24,Put,12.5,1.25,1.21,True
2026-07-24,UUUUS242601300.U^G26,UUUU,2026-07-24,Put,13.0,1.755,1.72,True
2026-07-24,UUUUS242601350.U^G26,UUUU,2026-07-24,Put,13.5,2.225,2.26,True
2026-07-24,UUUUS242601400.U^G26,UUUU,2026-07-24,Put,14.0,2.685,2.63,True
2026-07-24,UUUUS242601450.U^G26,UUUU,2026-07-24,Put,14.5,3.075,,True
2026-07-24,UUUUS242601500.U^G26,UUUU,2026-07-24,Put,15.0,3.8,,True
2026-07-24,UUUUS242601550.U^G26,UUUU,2026-07-24,Put,15.5,4.15,,True
2026-07-24,UUUUS242601600.U^G26,UUUU,2026-07-24,Put,16.0,4.625,,True
2026-07-24,UUUUS242601650.U^G26,UUUU,2026-07-24,Put,16.5,5.175,5.0,True
2026-07-24,UUUUS242601700.U^G26,UUUU,2026-07-24,Put,17.0,5.725,5.43,True
2026-07-24,UUUUS242601750.U^G26,UUUU,2026-07-24,Put,17.5,6.35,6.05,True
2026-07-24,UUUUS242601800.U^G26,UUUU,2026-07-24,Put,18.0,6.8,6.45,True
2026-07-24,UUUUS242601850.U^G26,UUUU,2026-07-24,Put,18.5,7.3,6.97,True
2026-07-24,UUUUS312601050.U^G26,UUUU,2026-07-31,Put,10.5,0.18,0.18,True
2026-07-24,UUUUS312601100.U^G26,UUUU,2026-07-31,Put,11.0,0.36,0.35,True
2026-07-24,UUUUS312601150.U^G26,UUUU,2026-07-31,Put,11.5,0.545,0.58,True
2026-07-24,UUUUS312601200.U^G26,UUUU,2026-07-31,Put,12.0,0.935,0.7,True
2026-07-24,UUUUS312601250.U^G26,UUUU,2026-07-31,Put,12.5,1.325,1.3,True
2026-07-24,UUUUS312601300.U^G26,UUUU,2026-07-31,Put,13.0,1.81,1.6,True
2026-07-24,UUUUS312601350.U^G26,UUUU,2026-07-31,Put,13.5,2.28,,True
2026-07-24,UUUUS312601400.U^G26,UUUU,2026-07-31,Put,14.0,2.685,2.7,True
2026-07-24,UUUUS312601450.U^G26,UUUU,2026-07-31,Put,14.5,3.225,3.12,True
2026-07-24,UUUUS312601500.U^G26,UUUU,2026-07-31,Put,15.0,3.625,3.4,True
2026-07-24,UUUUS312601550.U^G26,UUUU,2026-07-31,Put,15.5,4.1,3.97,True
2026-07-24,UUUUS312601600.U^G26,UUUU,2026-07-31,Put,16.0,4.575,,True
2026-07-24,UUUUS312601650.U^G26,UUUU,2026-07-31,Put,16.5,5.15,,True
2026-07-24,UUUUS312601700.U^G26,UUUU,2026-07-31,Put,17.0,5.675,5.61,True
2026-07-24,UUUUS312601750.U^G26,UUUU,2026-07-31,Put,17.5,6.175,,True
2026-07-24,UUUUS312601800.U^G26,UUUU,2026-07-31,Put,18.0,6.525,,True
2026-07-24,UUUUS312601850.U^G26,UUUU,2026-07-31,Put,18.5,6.95,,True
2026-07-24,UUUUT072601050.U^H26,UUUU,2026-08-07,Put,10.5,0.43,0.44,True
2026-07-24,UUUUT072601100.U^H26,UUUU,2026-08-07,Put,11.0,0.63,0.6,True
2026-07-24,UUUUT072601150.U^H26,UUUU,2026-08-07,Put,11.5,0.88,0.79,True
2026-07-24,UUUUT072601200.U^H26,UUUU,2026-08-07,Put,12.0,1.195,1.13,True
2026-07-24,UUUUT072601250.U^H26,UUUU,2026-08-07,Put,12.5,1.54,1.52,True
2026-07-24,UUUUT072601300.U^H26,UUUU,2026-08-07,Put,13.0,1.92,1.82,True
2026-07-24,UUUUT072601350.U^H26,UUUU,2026-08-07,Put,13.5,2.375,2.27,True
2026-07-24,UUUUT072601400.U^H26,UUUU,2026-08-07,Put,14.0,2.77,2.65,True
2026-07-24,UUUUT072601450.U^H26,UUUU,2026-08-07,Put,14.5,3.3,3.29,True
2026-07-24,UUUUT072601500.U^H26,UUUU,2026-08-07,Put,15.0,3.7,3.57,True
2026-07-24,UUUUT072601550.U^H26,UUUU,2026-08-07,Put,15.5,4.15,,True
2026-07-24,UUUUT072601600.U^H26,UUUU,2026-08-07,Put,16.0,4.625,4.28,True
2026-07-24,UUUUT072601650.U^H26,UUUU,2026-08-07,Put,16.5,5.15,5.08,True
2026-07-24,UUUUT072601700.U^H26,UUUU,2026-08-07,Put,17.0,5.65,5.65,True
2026-07-24,UUUUT072601750.U^H26,UUUU,2026-08-07,Put,17.5,6.2,,True
2026-07-24,UUUUT072601800.U^H26,UUUU,2026-08-07,Put,18.0,6.6,,True
2026-07-24,UUUUT072601850.U^H26,UUUU,2026-08-07,Put,18.5,7.2,,True
2026-07-24,UUUUT142601050.U^H26,UUUU,2026-08-14,Put,10.5,0.56,0.5,True
2026-07-24,UUUUT142601100.U^H26,UUUU,2026-08-14,Put,11.0,0.765,0.71,True
2026-07-24,UUUUT142601150.U^H26,UUUU,2026-08-14,Put,11.5,1.02,0.91,True
2026-07-24,UUUUT142601200.U^H26,UUUU,2026-08-14,Put,12.0,1.32,1.23,True
2026-07-24,UUUUT142601250.U^H26,UUUU,2026-08-14,Put,12.5,1.675,,True
2026-07-24,UUUUT142601300.U^H26,UUUU,2026-08-14,Put,13.0,2.05,2.01,True
2026-07-24,UUUUT142601350.U^H26,UUUU,2026-08-14,Put,13.5,2.445,2.41,True
2026-07-24,UUUUT142601400.U^H26,UUUU,2026-08-14,Put,14.0,2.945,2.82,True
2026-07-24,UUUUT142601450.U^H26,UUUU,2026-08-14,Put,14.5,3.225,3.18,True
2026-07-24,UUUUT142601500.U^H26,UUUU,2026-08-14,Put,15.0,3.825,3.68,True
2026-07-24,UUUUT142601550.U^H26,UUUU,2026-08-14,Put,15.5,4.225,,True
2026-07-24,UUUUT142601600.U^H26,UUUU,2026-08-14,Put,16.0,4.7,4.7,True
2026-07-24,UUUUT142601650.U^H26,UUUU,2026-08-14,Put,16.5,5.175,5.12,True
2026-07-24,UUUUT142601700.U^H26,UUUU,2026-08-14,Put,17.0,5.7,5.68,True
2026-07-24,UUUUT142601750.U^H26,UUUU,2026-08-14,Put,17.5,6.35,5.8,True
2026-07-24,UUUUT142601800.U^H26,UUUU,2026-08-14,Put,18.0,6.675,,True
2026-07-24,UUUUT142601850.U^H26,UUUU,2026-08-14,Put,18.5,7.2,6.77,True
2026-07-24,UUUUT212601050.U^H26,UUUU,2026-08-21,Put,10.5,0.675,0.56,True
2026-07-24,UUUUT212601100.U^H26,UUUU,2026-08-21,Put,11.0,0.86,0.84,True
2026-07-24,UUUUT212601150.U^H26,UUUU,2026-08-21,Put,11.5,1.115,1.07,True
2026-07-24,UUUUT212601200.U^H26,UUUU,2026-08-21,Put,12.0,1.44,1.43,True
2026-07-24,UUUUT212601250.U^H26,UUUU,2026-08-21,Put,12.5,1.775,1.68,True
2026-07-24,UUUUT212601300.U^H26,UUUU,2026-08-21,Put,13.0,2.14,,True
2026-07-24,UUUUT212601350.U^H26,UUUU,2026-08-21,Put,13.5,2.54,,True
2026-07-24,UUUUT212601400.U^H26,UUUU,2026-08-21,Put,14.0,2.905,2.91,True
2026-07-24,UUUUT212601450.U^H26,UUUU,2026-08-21,Put,14.5,3.35,3.38,True
2026-07-24,UUUUT212601500.U^H26,UUUU,2026-08-21,Put,15.0,3.825,3.8,True
2026-07-24,UUUUT212601550.U^H26,UUUU,2026-08-21,Put,15.5,4.175,,True
2026-07-24,UUUUT212601600.U^H26,UUUU,2026-08-21,Put,16.0,4.65,,True
2026-07-24,UUUUT212601650.U^H26,UUUU,2026-08-21,Put,16.5,5.125,5.17,True
2026-07-24,UUUUT212601700.U^H26,UUUU,2026-08-21,Put,17.0,5.675,5.63,True
2026-07-24,UUUUT212601750.U^H26,UUUU,2026-08-21,Put,17.5,,,False
2026-07-24,UUUUT212601800.U^H26,UUUU,2026-08-21,Put,18.0,6.725,,True
2026-07-24,UUUUT212601850.U^H26,UUUU,2026-08-21,Put,18.5,,,False
2026-07-24,UUUUT282601050.U^H26,UUUU,2026-08-28,Put,10.5,0.775,0.72,True
2026-07-24,UUUUT282601100.U^H26,UUUU,2026-08-28,Put,11.0,0.955,0.9,True
2026-07-24,UUUUT282601150.U^H26,UUUU,2026-08-28,Put,11.5,1.255,1.15,True
2026-07-24,UUUUT282601200.U^H26,UUUU,2026-08-28,Put,12.0,1.56,1.41,True
2026-07-24,UUUUT282601250.U^H26,UUUU,2026-08-28,Put,12.5,1.885,1.67,True
2026-07-24,UUUUT282601300.U^H26,UUUU,2026-08-28,Put,13.0,2.245,2.0,True
2026-07-24,UUUUT282601350.U^H26,UUUU,2026-08-28,Put,13.5,2.625,,True
2026-07-24,UUUUT282601400.U^H26,UUUU,2026-08-28,Put,14.0,2.98,2.83,True
2026-07-24,UUUUT282601450.U^H26,UUUU,2026-08-28,Put,14.5,3.4,,True
2026-07-24,UUUUT282601500.U^H26,UUUU,2026-08-28,Put,15.0,3.775,,True
2026-07-24,UUUUT282601550.U^H26,UUUU,2026-08-28,Put,15.5,4.3,,True
2026-07-24,UUUUT282601600.U^H26,UUUU,2026-08-28,Put,16.0,4.775,4.77,True
2026-07-24,UUUUT282601650.U^H26,UUUU,2026-08-28,Put,16.5,5.125,5.11,True
2026-07-24,UUUUT282601700.U^H26,UUUU,2026-08-28,Put,17.0,5.8,5.8,True
2026-07-24,UUUUT282601750.U^H26,UUUU,2026-08-28,Put,17.5,6.2,,True
2026-07-24,UUUUT282601800.U^H26,UUUU,2026-08-28,Put,18.0,6.5,,True
2026-07-24,UUUUT282601850.U^H26,UUUU,2026-08-28,Put,18.5,7.05,,True
2026-07-24,UUUUU042601050.U^I26,UUUU,2026-09-04,Put,10.5,0.865,,True
2026-07-24,UUUUU042601100.U^I26,UUUU,2026-09-04,Put,11.0,1.105,1.05,True
2026-07-24,UUUUU042601150.U^I26,UUUU,2026-09-04,Put,11.5,1.36,,True
2026-07-24,UUUUU042601200.U^I26,UUUU,2026-09-04,Put,12.0,1.655,,True
2026-07-24,UUUUU042601250.U^I26,UUUU,2026-09-04,Put,12.5,1.98,,True
2026-07-24,UUUUU042601300.U^I26,UUUU,2026-09-04,Put,13.0,2.35,,True
2026-07-24,UUUUU042601350.U^I26,UUUU,2026-09-04,Put,13.5,2.73,,True
2026-07-24,UUUUU042601400.U^I26,UUUU,2026-09-04,Put,14.0,3.015,,True
2026-07-24,UUUUU042601450.U^I26,UUUU,2026-09-04,Put,14.5,3.305,,True
2026-07-24,UUUUU042601500.U^I26,UUUU,2026-09-04,Put,15.0,3.8,,True
2026-07-24,UUUUU042601550.U^I26,UUUU,2026-09-04,Put,15.5,4.635,,True
2026-07-24,UUUUU042601600.U^I26,UUUU,2026-09-04,Put,16.0,4.235,,True
2026-07-24,UUUUU042601650.U^I26,UUUU,2026-09-04,Put,16.5,5.225,,True
2026-07-24,UUUUU042601700.U^I26,UUUU,2026-09-04,Put,17.0,6.275,,True
2026-07-24,UUUUU042601750.U^I26,UUUU,2026-09-04,Put,17.5,6.825,5.84,True
2026-07-24,UUUUU042601800.U^I26,UUUU,2026-09-04,Put,18.0,6.675,,True
2026-07-24,UUUUU042601850.U^I26,UUUU,2026-09-04,Put,18.5,,,False
2026-07-27,UUUUG312601050.U^G26,UUUU,2026-07-31,Call,10.5,1.23,1.19,True
2026-07-27,UUUUG312601100.U^G26,UUUU,2026-07-31,Call,11.0,0.905,0.88,True
2026-07-27,UUUUG312601150.U^G26,UUUU,2026-07-31,Call,11.5,0.56,0.49,True
2026-07-27,UUUUG312601200.U^G26,UUUU,2026-07-31,Call,12.0,0.315,0.29,True
2026-07-27,UUUUG312601250.U^G26,UUUU,2026-07-31,Call,12.5,0.155,0.15,True
2026-07-27,UUUUG312601300.U^G26,UUUU,2026-07-31,Call,13.0,0.065,0.06,True
2026-07-27,UUUUG312601350.U^G26,UUUU,2026-07-31,Call,13.5,0.025,0.04,True
2026-07-27,UUUUG312601400.U^G26,UUUU,2026-07-31,Call,14.0,0.015,0.01,True
2026-07-27,UUUUG312601450.U^G26,UUUU,2026-07-31,Call,14.5,,0.04,True
2026-07-27,UUUUG312601500.U^G26,UUUU,2026-07-31,Call,15.0,,0.01,True
2026-07-27,UUUUG312601550.U^G26,UUUU,2026-07-31,Call,15.5,,0.01,True
2026-07-27,UUUUG312601600.U^G26,UUUU,2026-07-31,Call,16.0,,0.01,True
2026-07-27,UUUUG312601650.U^G26,UUUU,2026-07-31,Call,16.5,,0.01,True
2026-07-27,UUUUG312601700.U^G26,UUUU,2026-07-31,Call,17.0,,,True
2026-07-27,UUUUG312601750.U^G26,UUUU,2026-07-31,Call,17.5,,0.01,True
2026-07-27,UUUUG312601800.U^G26,UUUU,2026-07-31,Call,18.0,,,True
2026-07-27,UUUUG312601850.U^G26,UUUU,2026-07-31,Call,18.5,,,True
2026-07-27,UUUUH072601050.U^H26,UUUU,2026-08-07,Call,10.5,1.52,,True
2026-07-27,UUUUH072601100.U^H26,UUUU,2026-08-07,Call,11.0,1.155,1.15,True
2026-07-27,UUUUH072601150.U^H26,UUUU,2026-08-07,Call,11.5,0.825,0.79,True
2026-07-27,UUUUH072601200.U^H26,UUUU,2026-08-07,Call,12.0,0.635,0.59,True
2026-07-27,UUUUH072601250.U^H26,UUUU,2026-08-07,Call,12.5,0.405,0.38,True
2026-07-27,UUUUH072601300.U^H26,UUUU,2026-08-07,Call,13.0,0.28,0.27,True
2026-07-27,UUUUH072601350.U^H26,UUUU,2026-08-07,Call,13.5,0.19,0.19,True
2026-07-27,UUUUH072601400.U^H26,UUUU,2026-08-07,Call,14.0,0.125,0.12,True
2026-07-27,UUUUH072601450.U^H26,UUUU,2026-08-07,Call,14.5,0.08,0.08,True
2026-07-27,UUUUH072601500.U^H26,UUUU,2026-08-07,Call,15.0,0.055,0.07,True
2026-07-27,UUUUH072601550.U^H26,UUUU,2026-08-07,Call,15.5,0.04,0.01,True
2026-07-27,UUUUH072601600.U^H26,UUUU,2026-08-07,Call,16.0,0.035,0.05,True
2026-07-27,UUUUH072601650.U^H26,UUUU,2026-08-07,Call,16.5,,,True
2026-07-27,UUUUH072601700.U^H26,UUUU,2026-08-07,Call,17.0,0.045,0.05,True
2026-07-27,UUUUH072601750.U^H26,UUUU,2026-08-07,Call,17.5,,,True
2026-07-27,UUUUH072601800.U^H26,UUUU,2026-08-07,Call,18.0,,0.01,True
2026-07-27,UUUUH072601850.U^H26,UUUU,2026-08-07,Call,18.5,,,True
2026-07-27,UUUUH142601050.U^H26,UUUU,2026-08-14,Call,10.5,1.67,,True
2026-07-27,UUUUH142601100.U^H26,UUUU,2026-08-14,Call,11.0,1.315,,True
2026-07-27,UUUUH142601150.U^H26,UUUU,2026-08-14,Call,11.5,1.055,0.97,True
2026-07-27,UUUUH142601200.U^H26,UUUU,2026-08-14,Call,12.0,0.83,0.77,True
2026-07-27,UUUUH142601250.U^H26,UUUU,2026-08-14,Call,12.5,0.635,0.61,True
2026-07-27,UUUUH142601300.U^H26,UUUU,2026-08-14,Call,13.0,0.44,0.4,True
2026-07-27,UUUUH142601350.U^H26,UUUU,2026-08-14,Call,13.5,0.34,0.28,True
2026-07-27,UUUUH142601400.U^H26,UUUU,2026-08-14,Call,14.0,0.23,0.21,True
2026-07-27,UUUUH142601450.U^H26,UUUU,2026-08-14,Call,14.5,0.225,0.18,True
2026-07-27,UUUUH142601500.U^H26,UUUU,2026-08-14,Call,15.0,0.135,0.14,True
2026-07-27,UUUUH142601550.U^H26,UUUU,2026-08-14,Call,15.5,0.12,0.09,True
2026-07-27,UUUUH142601600.U^H26,UUUU,2026-08-14,Call,16.0,0.15,,True
2026-07-27,UUUUH142601650.U^H26,UUUU,2026-08-14,Call,16.5,0.035,,True
2026-07-27,UUUUH142601700.U^H26,UUUU,2026-08-14,Call,17.0,,,True
2026-07-27,UUUUH142601750.U^H26,UUUU,2026-08-14,Call,17.5,,,True
2026-07-27,UUUUH142601800.U^H26,UUUU,2026-08-14,Call,18.0,,,True
2026-07-27,UUUUH142601850.U^H26,UUUU,2026-08-14,Call,18.5,,,True
2026-07-27,UUUUH212601050.U^H26,UUUU,2026-08-21,Call,10.5,1.785,1.64,True
2026-07-27,UUUUH212601100.U^H26,UUUU,2026-08-21,Call,11.0,1.465,,True
2026-07-27,UUUUH212601150.U^H26,UUUU,2026-08-21,Call,11.5,1.175,1.08,True
2026-07-27,UUUUH212601200.U^H26,UUUU,2026-08-21,Call,12.0,0.91,0.9,True
2026-07-27,UUUUH212601250.U^H26,UUUU,2026-08-21,Call,12.5,0.725,0.66,True
2026-07-27,UUUUH212601300.U^H26,UUUU,2026-08-21,Call,13.0,0.615,0.5,True
2026-07-27,UUUUH212601350.U^H26,UUUU,2026-08-21,Call,13.5,0.445,0.42,True
2026-07-27,UUUUH212601400.U^H26,UUUU,2026-08-21,Call,14.0,0.33,0.32,True
2026-07-27,UUUUH212601450.U^H26,UUUU,2026-08-21,Call,14.5,0.28,0.24,True
2026-07-27,UUUUH212601500.U^H26,UUUU,2026-08-21,Call,15.0,0.205,0.18,True
2026-07-27,UUUUH212601550.U^H26,UUUU,2026-08-21,Call,15.5,0.125,,True
2026-07-27,UUUUH212601600.U^H26,UUUU,2026-08-21,Call,16.0,0.115,0.11,True
2026-07-27,UUUUH212601650.U^H26,UUUU,2026-08-21,Call,16.5,0.08,,True
2026-07-27,UUUUH212601700.U^H26,UUUU,2026-08-21,Call,17.0,0.065,0.07,True
2026-07-27,UUUUH212601750.U^H26,UUUU,2026-08-21,Call,17.5,,,False
2026-07-27,UUUUH212601800.U^H26,UUUU,2026-08-21,Call,18.0,0.05,0.04,True
2026-07-27,UUUUH212601850.U^H26,UUUU,2026-08-21,Call,18.5,,,False
2026-07-27,UUUUH282601050.U^H26,UUUU,2026-08-28,Call,10.5,1.86,,True
2026-07-27,UUUUH282601100.U^H26,UUUU,2026-08-28,Call,11.0,1.58,,True
2026-07-27,UUUUH282601150.U^H26,UUUU,2026-08-28,Call,11.5,1.325,1.13,True
2026-07-27,UUUUH282601200.U^H26,UUUU,2026-08-28,Call,12.0,1.105,1.01,True
2026-07-27,UUUUH282601250.U^H26,UUUU,2026-08-28,Call,12.5,0.91,,True
2026-07-27,UUUUH282601300.U^H26,UUUU,2026-08-28,Call,13.0,0.66,0.68,True
2026-07-27,UUUUH282601350.U^H26,UUUU,2026-08-28,Call,13.5,0.56,0.55,True
2026-07-27,UUUUH282601400.U^H26,UUUU,2026-08-28,Call,14.0,0.45,0.41,True
2026-07-27,UUUUH282601450.U^H26,UUUU,2026-08-28,Call,14.5,0.345,0.33,True
2026-07-27,UUUUH282601500.U^H26,UUUU,2026-08-28,Call,15.0,0.29,0.26,True
2026-07-27,UUUUH282601550.U^H26,UUUU,2026-08-28,Call,15.5,0.22,,True
2026-07-27,UUUUH282601600.U^H26,UUUU,2026-08-28,Call,16.0,0.19,0.16,True
2026-07-27,UUUUH282601650.U^H26,UUUU,2026-08-28,Call,16.5,0.145,,True
2026-07-27,UUUUH282601700.U^H26,UUUU,2026-08-28,Call,17.0,0.135,,True
2026-07-27,UUUUH282601750.U^H26,UUUU,2026-08-28,Call,17.5,0.105,,True
2026-07-27,UUUUH282601800.U^H26,UUUU,2026-08-28,Call,18.0,0.085,0.08,True
2026-07-27,UUUUH282601850.U^H26,UUUU,2026-08-28,Call,18.5,0.08,,True
2026-07-27,UUUUI042601050.U^I26,UUUU,2026-09-04,Call,10.5,2.005,,True
2026-07-27,UUUUI042601100.U^I26,UUUU,2026-09-04,Call,11.0,1.705,1.55,True
2026-07-27,UUUUI042601150.U^I26,UUUU,2026-09-04,Call,11.5,1.445,,True
2026-07-27,UUUUI042601200.U^I26,UUUU,2026-09-04,Call,12.0,1.225,1.15,True
2026-07-27,UUUUI042601250.U^I26,UUUU,2026-09-04,Call,12.5,1.025,,True
2026-07-27,UUUUI042601300.U^I26,UUUU,2026-09-04,Call,13.0,0.88,,True
2026-07-27,UUUUI042601350.U^I26,UUUU,2026-09-04,Call,13.5,0.71,0.6,True
2026-07-27,UUUUI042601400.U^I26,UUUU,2026-09-04,Call,14.0,0.57,0.47,True
2026-07-27,UUUUI042601450.U^I26,UUUU,2026-09-04,Call,14.5,0.445,,True
2026-07-27,UUUUI042601500.U^I26,UUUU,2026-09-04,Call,15.0,0.43,0.35,True
2026-07-27,UUUUI042601550.U^I26,UUUU,2026-09-04,Call,15.5,0.52,,True
2026-07-27,UUUUI042601600.U^I26,UUUU,2026-09-04,Call,16.0,0.195,,True
2026-07-27,UUUUI042601650.U^I26,UUUU,2026-09-04,Call,16.5,0.245,,True
2026-07-27,UUUUI042601700.U^I26,UUUU,2026-09-04,Call,17.0,0.2,,True
2026-07-27,UUUUI042601750.U^I26,UUUU,2026-09-04,Call,17.5,,,False
2026-07-27,UUUUI042601800.U^I26,UUUU,2026-09-04,Call,18.0,0.23,,True
2026-07-27,UUUUI042601850.U^I26,UUUU,2026-09-04,Call,18.5,,,False
2026-07-27,UUUUS312601050.U^G26,UUUU,2026-07-31,Put,10.5,0.08,0.08,True
2026-07-27,UUUUS312601100.U^G26,UUUU,2026-07-31,Put,11.0,0.185,0.19,True
2026-07-27,UUUUS312601150.U^G26,UUUU,2026-07-31,Put,11.5,0.355,0.35,True
2026-07-27,UUUUS312601200.U^G26,UUUU,2026-07-31,Put,12.0,0.615,0.68,True
2026-07-27,UUUUS312601250.U^G26,UUUU,2026-07-31,Put,12.5,0.955,1.04,True
2026-07-27,UUUUS312601300.U^G26,UUUU,2026-07-31,Put,13.0,1.47,1.54,True
2026-07-27,UUUUS312601350.U^G26,UUUU,2026-07-31,Put,13.5,1.94,2.01,True
2026-07-27,UUUUS312601400.U^G26,UUUU,2026-07-31,Put,14.0,2.35,2.35,True
2026-07-27,UUUUS312601450.U^G26,UUUU,2026-07-31,Put,14.5,2.945,3.0,True
2026-07-27,UUUUS312601500.U^G26,UUUU,2026-07-31,Put,15.0,3.35,3.45,True
2026-07-27,UUUUS312601550.U^G26,UUUU,2026-07-31,Put,15.5,3.925,3.99,True
2026-07-27,UUUUS312601600.U^G26,UUUU,2026-07-31,Put,16.0,4.35,,True
2026-07-27,UUUUS312601650.U^G26,UUUU,2026-07-31,Put,16.5,4.725,,True
2026-07-27,UUUUS312601700.U^G26,UUUU,2026-07-31,Put,17.0,5.425,5.55,True
2026-07-27,UUUUS312601750.U^G26,UUUU,2026-07-31,Put,17.5,5.875,5.98,True
2026-07-27,UUUUS312601800.U^G26,UUUU,2026-07-31,Put,18.0,6.4,6.43,True
2026-07-27,UUUUS312601850.U^G26,UUUU,2026-07-31,Put,18.5,6.8,6.83,True
2026-07-27,UUUUT072601050.U^H26,UUUU,2026-08-07,Put,10.5,0.29,0.36,True
2026-07-27,UUUUT072601100.U^H26,UUUU,2026-08-07,Put,11.0,0.44,0.5,True
2026-07-27,UUUUT072601150.U^H26,UUUU,2026-08-07,Put,11.5,0.63,0.66,True
2026-07-27,UUUUT072601200.U^H26,UUUU,2026-08-07,Put,12.0,0.9,0.86,True
2026-07-27,UUUUT072601250.U^H26,UUUU,2026-08-07,Put,12.5,1.17,1.27,True
2026-07-27,UUUUT072601300.U^H26,UUUU,2026-08-07,Put,13.0,1.58,1.74,True
2026-07-27,UUUUT072601350.U^H26,UUUU,2026-08-07,Put,13.5,2.015,2.06,True
2026-07-27,UUUUT072601400.U^H26,UUUU,2026-08-07,Put,14.0,2.52,2.61,True
2026-07-27,UUUUT072601450.U^H26,UUUU,2026-08-07,Put,14.5,2.95,3.07,True
2026-07-27,UUUUT072601500.U^H26,UUUU,2026-08-07,Put,15.0,3.475,,True
2026-07-27,UUUUT072601550.U^H26,UUUU,2026-08-07,Put,15.5,3.925,3.93,True
2026-07-27,UUUUT072601600.U^H26,UUUU,2026-08-07,Put,16.0,4.45,4.48,True
2026-07-27,UUUUT072601650.U^H26,UUUU,2026-08-07,Put,16.5,4.925,4.96,True
2026-07-27,UUUUT072601700.U^H26,UUUU,2026-08-07,Put,17.0,5.5,5.51,True
2026-07-27,UUUUT072601750.U^H26,UUUU,2026-08-07,Put,17.5,5.9,5.84,True
2026-07-27,UUUUT072601800.U^H26,UUUU,2026-08-07,Put,18.0,6.425,,True
2026-07-27,UUUUT072601850.U^H26,UUUU,2026-08-07,Put,18.5,6.95,,True
2026-07-27,UUUUT142601050.U^H26,UUUU,2026-08-14,Put,10.5,0.415,,True
2026-07-27,UUUUT142601100.U^H26,UUUU,2026-08-14,Put,11.0,0.59,0.62,True
2026-07-27,UUUUT142601150.U^H26,UUUU,2026-08-14,Put,11.5,0.82,0.84,True
2026-07-27,UUUUT142601200.U^H26,UUUU,2026-08-14,Put,12.0,1.075,,True
2026-07-27,UUUUT142601250.U^H26,UUUU,2026-08-14,Put,12.5,1.385,1.31,True
2026-07-27,UUUUT142601300.U^H26,UUUU,2026-08-14,Put,13.0,1.71,1.71,True
2026-07-27,UUUUT142601350.U^H26,UUUU,2026-08-14,Put,13.5,2.1,2.05,True
2026-07-27,UUUUT142601400.U^H26,UUUU,2026-08-14,Put,14.0,2.62,2.65,True
2026-07-27,UUUUT142601450.U^H26,UUUU,2026-08-14,Put,14.5,3.06,,True
2026-07-27,UUUUT142601500.U^H26,UUUU,2026-08-14,Put,15.0,3.5,,True
2026-07-27,UUUUT142601550.U^H26,UUUU,2026-08-14,Put,15.5,3.95,3.82,True
2026-07-27,UUUUT142601600.U^H26,UUUU,2026-08-14,Put,16.0,4.45,4.53,True
2026-07-27,UUUUT142601650.U^H26,UUUU,2026-08-14,Put,16.5,4.85,4.9,True
2026-07-27,UUUUT142601700.U^H26,UUUU,2026-08-14,Put,17.0,5.375,5.45,True
2026-07-27,UUUUT142601750.U^H26,UUUU,2026-08-14,Put,17.5,6.025,5.97,True
2026-07-27,UUUUT142601800.U^H26,UUUU,2026-08-14,Put,18.0,6.45,,True
2026-07-27,UUUUT142601850.U^H26,UUUU,2026-08-14,Put,18.5,6.975,,True
2026-07-27,UUUUT212601050.U^H26,UUUU,2026-08-21,Put,10.5,0.52,,True
2026-07-27,UUUUT212601100.U^H26,UUUU,2026-08-21,Put,11.0,0.715,0.8,True
2026-07-27,UUUUT212601150.U^H26,UUUU,2026-08-21,Put,11.5,0.95,0.94,True
2026-07-27,UUUUT212601200.U^H26,UUUU,2026-08-21,Put,12.0,1.215,1.27,True
2026-07-27,UUUUT212601250.U^H26,UUUU,2026-08-21,Put,12.5,1.52,1.49,True
2026-07-27,UUUUT212601300.U^H26,UUUU,2026-08-21,Put,13.0,1.86,,True
2026-07-27,UUUUT212601350.U^H26,UUUU,2026-08-21,Put,13.5,2.23,,True
2026-07-27,UUUUT212601400.U^H26,UUUU,2026-08-21,Put,14.0,2.605,2.61,True
2026-07-27,UUUUT212601450.U^H26,UUUU,2026-08-21,Put,14.5,3.095,3.12,True
2026-07-27,UUUUT212601500.U^H26,UUUU,2026-08-21,Put,15.0,3.5,3.6,True
2026-07-27,UUUUT212601550.U^H26,UUUU,2026-08-21,Put,15.5,4.0,4.05,True
2026-07-27,UUUUT212601600.U^H26,UUUU,2026-08-21,Put,16.0,4.45,4.57,True
2026-07-27,UUUUT212601650.U^H26,UUUU,2026-08-21,Put,16.5,4.875,4.95,True
2026-07-27,UUUUT212601700.U^H26,UUUU,2026-08-21,Put,17.0,5.35,5.52,True
2026-07-27,UUUUT212601750.U^H26,UUUU,2026-08-21,Put,17.5,,,False
2026-07-27,UUUUT212601800.U^H26,UUUU,2026-08-21,Put,18.0,6.375,6.48,True
2026-07-27,UUUUT212601850.U^H26,UUUU,2026-08-21,Put,18.5,,,False
2026-07-27,UUUUT282601050.U^H26,UUUU,2026-08-28,Put,10.5,0.635,,True
2026-07-27,UUUUT282601100.U^H26,UUUU,2026-08-28,Put,11.0,0.835,,True
2026-07-27,UUUUT282601150.U^H26,UUUU,2026-08-28,Put,11.5,1.07,,True
2026-07-27,UUUUT282601200.U^H26,UUUU,2026-08-28,Put,12.0,1.335,1.28,True
2026-07-27,UUUUT282601250.U^H26,UUUU,2026-08-28,Put,12.5,1.64,1.72,True
2026-07-27,UUUUT282601300.U^H26,UUUU,2026-08-28,Put,13.0,1.97,,True
2026-07-27,UUUUT282601350.U^H26,UUUU,2026-08-28,Put,13.5,2.335,,True
2026-07-27,UUUUT282601400.U^H26,UUUU,2026-08-28,Put,14.0,2.705,,True
2026-07-27,UUUUT282601450.U^H26,UUUU,2026-08-28,Put,14.5,3.11,3.22,True
2026-07-27,UUUUT282601500.U^H26,UUUU,2026-08-28,Put,15.0,3.625,3.3,True
2026-07-27,UUUUT282601550.U^H26,UUUU,2026-08-28,Put,15.5,4.1,4.13,True
2026-07-27,UUUUT282601600.U^H26,UUUU,2026-08-28,Put,16.0,4.45,4.59,True
2026-07-27,UUUUT282601650.U^H26,UUUU,2026-08-28,Put,16.5,4.85,5.05,True
2026-07-27,UUUUT282601700.U^H26,UUUU,2026-08-28,Put,17.0,5.35,5.43,True
2026-07-27,UUUUT282601750.U^H26,UUUU,2026-08-28,Put,17.5,5.925,,True
2026-07-27,UUUUT282601800.U^H26,UUUU,2026-08-28,Put,18.0,6.35,,True
2026-07-27,UUUUT282601850.U^H26,UUUU,2026-08-28,Put,18.5,6.875,,True
2026-07-27,UUUUU042601050.U^I26,UUUU,2026-09-04,Put,10.5,0.73,,True
2026-07-27,UUUUU042601100.U^I26,UUUU,2026-09-04,Put,11.0,0.94,,True
2026-07-27,UUUUU042601150.U^I26,UUUU,2026-09-04,Put,11.5,1.175,1.22,True
2026-07-27,UUUUU042601200.U^I26,UUUU,2026-09-04,Put,12.0,1.445,,True
2026-07-27,UUUUU042601250.U^I26,UUUU,2026-09-04,Put,12.5,1.745,1.74,True
2026-07-27,UUUUU042601300.U^I26,UUUU,2026-09-04,Put,13.0,2.08,,True
2026-07-27,UUUUU042601350.U^I26,UUUU,2026-09-04,Put,13.5,2.435,2.4,True
2026-07-27,UUUUU042601400.U^I26,UUUU,2026-09-04,Put,14.0,2.8,2.85,True
2026-07-27,UUUUU042601450.U^I26,UUUU,2026-09-04,Put,14.5,3.225,3.35,True
2026-07-27,UUUUU042601500.U^I26,UUUU,2026-09-04,Put,15.0,3.6,3.7,True
2026-07-27,UUUUU042601550.U^I26,UUUU,2026-09-04,Put,15.5,4.175,,True
2026-07-27,UUUUU042601600.U^I26,UUUU,2026-09-04,Put,16.0,4.625,,True
2026-07-27,UUUUU042601650.U^I26,UUUU,2026-09-04,Put,16.5,4.925,,True
2026-07-27,UUUUU042601700.U^I26,UUUU,2026-09-04,Put,17.0,5.3,,True
2026-07-27,UUUUU042601750.U^I26,UUUU,2026-09-04,Put,17.5,6.05,,True
2026-07-27,UUUUU042601800.U^I26,UUUU,2026-09-04,Put,18.0,6.125,,True
2026-07-27,UUUUU042601850.U^I26,UUUU,2026-09-04,Put,18.5,,,False
2026-07-28,UUUUG312601050.U^G26,UUUU,2026-07-31,Call,10.5,0.955,0.86,True
2026-07-28,UUUUG312601100.U^G26,UUUU,2026-07-31,Call,11.0,0.55,0.53,True
2026-07-28,UUUUG312601150.U^G26,UUUU,2026-07-31,Call,11.5,0.265,0.24,True
2026-07-28,UUUUG312601200.U^G26,UUUU,2026-07-31,Call,12.0,0.115,0.09,True
2026-07-28,UUUUG312601250.U^G26,UUUU,2026-07-31,Call,12.5,0.055,0.06,True
2026-07-28,UUUUG312601300.U^G26,UUUU,2026-07-31,Call,13.0,0.025,0.03,True
2026-07-28,UUUUG312601350.U^G26,UUUU,2026-07-31,Call,13.5,,0.02,True
2026-07-28,UUUUG312601400.U^G26,UUUU,2026-07-31,Call,14.0,,0.01,True
2026-07-28,UUUUG312601450.U^G26,UUUU,2026-07-31,Call,14.5,,0.01,True
2026-07-28,UUUUG312601500.U^G26,UUUU,2026-07-31,Call,15.0,,0.01,True
2026-07-28,UUUUG312601550.U^G26,UUUU,2026-07-31,Call,15.5,,0.01,True
2026-07-28,UUUUG312601600.U^G26,UUUU,2026-07-31,Call,16.0,,0.01,True
2026-07-28,UUUUG312601650.U^G26,UUUU,2026-07-31,Call,16.5,,,True
2026-07-28,UUUUG312601700.U^G26,UUUU,2026-07-31,Call,17.0,,0.01,True
2026-07-28,UUUUG312601750.U^G26,UUUU,2026-07-31,Call,17.5,,,True
2026-07-28,UUUUG312601800.U^G26,UUUU,2026-07-31,Call,18.0,,0.01,True
2026-07-28,UUUUG312601850.U^G26,UUUU,2026-07-31,Call,18.5,,0.1,True
2026-07-28,UUUUH072601050.U^H26,UUUU,2026-08-07,Call,10.5,1.225,1.14,True
2026-07-28,UUUUH072601100.U^H26,UUUU,2026-08-07,Call,11.0,0.865,,True
2026-07-28,UUUUH072601150.U^H26,UUUU,2026-08-07,Call,11.5,0.605,0.59,True
2026-07-28,UUUUH072601200.U^H26,UUUU,2026-08-07,Call,12.0,0.345,0.41,True
2026-07-28,UUUUH072601250.U^H26,UUUU,2026-08-07,Call,12.5,0.295,0.28,True
2026-07-28,UUUUH072601300.U^H26,UUUU,2026-08-07,Call,13.0,0.16,0.17,True
2026-07-28,UUUUH072601350.U^H26,UUUU,2026-08-07,Call,13.5,0.1,0.11,True
2026-07-28,UUUUH072601400.U^H26,UUUU,2026-08-07,Call,14.0,0.065,0.08,True
2026-07-28,UUUUH072601450.U^H26,UUUU,2026-08-07,Call,14.5,0.035,0.04,True
2026-07-28,UUUUH072601500.U^H26,UUUU,2026-08-07,Call,15.0,0.055,0.04,True
2026-07-28,UUUUH072601550.U^H26,UUUU,2026-08-07,Call,15.5,,,True
2026-07-28,UUUUH072601600.U^H26,UUUU,2026-08-07,Call,16.0,,0.03,True
2026-07-28,UUUUH072601650.U^H26,UUUU,2026-08-07,Call,16.5,,,True
2026-07-28,UUUUH072601700.U^H26,UUUU,2026-08-07,Call,17.0,0.07,,True
2026-07-28,UUUUH072601750.U^H26,UUUU,2026-08-07,Call,17.5,,,True
2026-07-28,UUUUH072601800.U^H26,UUUU,2026-08-07,Call,18.0,,0.05,True
2026-07-28,UUUUH072601850.U^H26,UUUU,2026-08-07,Call,18.5,,,True
2026-07-28,UUUUH142601050.U^H26,UUUU,2026-08-14,Call,10.5,1.31,,True
2026-07-28,UUUUH142601100.U^H26,UUUU,2026-08-14,Call,11.0,1.01,1.0,True
2026-07-28,UUUUH142601150.U^H26,UUUU,2026-08-14,Call,11.5,0.77,0.77,True
2026-07-28,UUUUH142601200.U^H26,UUUU,2026-08-14,Call,12.0,0.61,0.45,True
2026-07-28,UUUUH142601250.U^H26,UUUU,2026-08-14,Call,12.5,0.425,0.43,True
2026-07-28,UUUUH142601300.U^H26,UUUU,2026-08-14,Call,13.0,0.28,0.3,True
2026-07-28,UUUUH142601350.U^H26,UUUU,2026-08-14,Call,13.5,0.205,0.24,True
2026-07-28,UUUUH142601400.U^H26,UUUU,2026-08-14,Call,14.0,0.14,0.14,True
2026-07-28,UUUUH142601450.U^H26,UUUU,2026-08-14,Call,14.5,0.14,0.1,True
2026-07-28,UUUUH142601500.U^H26,UUUU,2026-08-14,Call,15.0,0.12,0.17,True
2026-07-28,UUUUH142601550.U^H26,UUUU,2026-08-14,Call,15.5,0.115,,True
2026-07-28,UUUUH142601600.U^H26,UUUU,2026-08-14,Call,16.0,,,True
2026-07-28,UUUUH142601650.U^H26,UUUU,2026-08-14,Call,16.5,0.075,,True
2026-07-28,UUUUH142601700.U^H26,UUUU,2026-08-14,Call,17.0,,0.03,True
2026-07-28,UUUUH142601750.U^H26,UUUU,2026-08-14,Call,17.5,,,True
2026-07-28,UUUUH142601800.U^H26,UUUU,2026-08-14,Call,18.0,,,True
2026-07-28,UUUUH142601850.U^H26,UUUU,2026-08-14,Call,18.5,,,True
2026-07-28,UUUUH212601050.U^H26,UUUU,2026-08-21,Call,10.5,1.385,,True
2026-07-28,UUUUH212601100.U^H26,UUUU,2026-08-21,Call,11.0,1.175,1.13,True
2026-07-28,UUUUH212601150.U^H26,UUUU,2026-08-21,Call,11.5,0.855,0.87,True
2026-07-28,UUUUH212601200.U^H26,UUUU,2026-08-21,Call,12.0,0.7,0.66,True
2026-07-28,UUUUH212601250.U^H26,UUUU,2026-08-21,Call,12.5,0.49,,True
2026-07-28,UUUUH212601300.U^H26,UUUU,2026-08-21,Call,13.0,0.41,0.4,True
2026-07-28,UUUUH212601350.U^H26,UUUU,2026-08-21,Call,13.5,0.315,0.27,True
2026-07-28,UUUUH212601400.U^H26,UUUU,2026-08-21,Call,14.0,0.245,0.24,True
2026-07-28,UUUUH212601450.U^H26,UUUU,2026-08-21,Call,14.5,0.18,0.17,True
2026-07-28,UUUUH212601500.U^H26,UUUU,2026-08-21,Call,15.0,0.135,0.12,True
2026-07-28,UUUUH212601550.U^H26,UUUU,2026-08-21,Call,15.5,0.08,,True
2026-07-28,UUUUH212601600.U^H26,UUUU,2026-08-21,Call,16.0,0.105,0.07,True
2026-07-28,UUUUH212601650.U^H26,UUUU,2026-08-21,Call,16.5,0.095,,True
2026-07-28,UUUUH212601700.U^H26,UUUU,2026-08-21,Call,17.0,0.115,0.04,True
2026-07-28,UUUUH212601750.U^H26,UUUU,2026-08-21,Call,17.5,,,False
2026-07-28,UUUUH212601800.U^H26,UUUU,2026-08-21,Call,18.0,0.04,0.06,True
2026-07-28,UUUUH212601850.U^H26,UUUU,2026-08-21,Call,18.5,,,False
2026-07-28,UUUUH282601050.U^H26,UUUU,2026-08-28,Call,10.5,1.475,,True
2026-07-28,UUUUH282601100.U^H26,UUUU,2026-08-28,Call,11.0,1.27,1.22,True
2026-07-28,UUUUH282601150.U^H26,UUUU,2026-08-28,Call,11.5,1.035,1.04,True
2026-07-28,UUUUH282601200.U^H26,UUUU,2026-08-28,Call,12.0,0.835,0.79,True
2026-07-28,UUUUH282601250.U^H26,UUUU,2026-08-28,Call,12.5,0.72,0.65,True
2026-07-28,UUUUH282601300.U^H26,UUUU,2026-08-28,Call,13.0,0.545,0.53,True
2026-07-28,UUUUH282601350.U^H26,UUUU,2026-08-28,Call,13.5,0.385,,True
2026-07-28,UUUUH282601400.U^H26,UUUU,2026-08-28,Call,14.0,0.34,0.38,True
2026-07-28,UUUUH282601450.U^H26,UUUU,2026-08-28,Call,14.5,0.235,0.25,True
2026-07-28,UUUUH282601500.U^H26,UUUU,2026-08-28,Call,15.0,0.205,0.19,True
2026-07-28,UUUUH282601550.U^H26,UUUU,2026-08-28,Call,15.5,0.155,0.14,True
2026-07-28,UUUUH282601600.U^H26,UUUU,2026-08-28,Call,16.0,0.13,0.13,True
2026-07-28,UUUUH282601650.U^H26,UUUU,2026-08-28,Call,16.5,0.125,0.09,True
2026-07-28,UUUUH282601700.U^H26,UUUU,2026-08-28,Call,17.0,0.075,0.08,True
2026-07-28,UUUUH282601750.U^H26,UUUU,2026-08-28,Call,17.5,0.13,0.07,True
2026-07-28,UUUUH282601800.U^H26,UUUU,2026-08-28,Call,18.0,,,True
2026-07-28,UUUUH282601850.U^H26,UUUU,2026-08-28,Call,18.5,,,True
2026-07-28,UUUUI042601050.U^I26,UUUU,2026-09-04,Call,10.5,1.615,,True
2026-07-28,UUUUI042601100.U^I26,UUUU,2026-09-04,Call,11.0,1.27,1.28,True
2026-07-28,UUUUI042601150.U^I26,UUUU,2026-09-04,Call,11.5,1.045,1.0,True
2026-07-28,UUUUI042601200.U^I26,UUUU,2026-09-04,Call,12.0,0.955,0.85,True
2026-07-28,UUUUI042601250.U^I26,UUUU,2026-09-04,Call,12.5,0.695,,True
2026-07-28,UUUUI042601300.U^I26,UUUU,2026-09-04,Call,13.0,0.645,,True
2026-07-28,UUUUI042601350.U^I26,UUUU,2026-09-04,Call,13.5,0.57,0.45,True
2026-07-28,UUUUI042601400.U^I26,UUUU,2026-09-04,Call,14.0,0.34,0.41,True
2026-07-28,UUUUI042601450.U^I26,UUUU,2026-09-04,Call,14.5,0.295,,True
2026-07-28,UUUUI042601500.U^I26,UUUU,2026-09-04,Call,15.0,0.36,0.25,True
2026-07-28,UUUUI042601550.U^I26,UUUU,2026-09-04,Call,15.5,0.32,,True
2026-07-28,UUUUI042601600.U^I26,UUUU,2026-09-04,Call,16.0,,,True
2026-07-28,UUUUI042601650.U^I26,UUUU,2026-09-04,Call,16.5,,,True
2026-07-28,UUUUI042601700.U^I26,UUUU,2026-09-04,Call,17.0,,,True
2026-07-28,UUUUI042601750.U^I26,UUUU,2026-09-04,Call,17.5,,,False
2026-07-28,UUUUI042601800.U^I26,UUUU,2026-09-04,Call,18.0,,,True
2026-07-28,UUUUI042601850.U^I26,UUUU,2026-09-04,Call,18.5,,,False
2026-07-28,UUUUS312601050.U^G26,UUUU,2026-07-31,Put,10.5,0.11,0.12,True
2026-07-28,UUUUS312601100.U^G26,UUUU,2026-07-31,Put,11.0,0.27,0.29,True
2026-07-28,UUUUS312601150.U^G26,UUUU,2026-07-31,Put,11.5,0.505,0.49,True
2026-07-28,UUUUS312601200.U^G26,UUUU,2026-07-31,Put,12.0,0.875,0.83,True
2026-07-28,UUUUS312601250.U^G26,UUUU,2026-07-31,Put,12.5,1.36,1.31,True
2026-07-28,UUUUS312601300.U^G26,UUUU,2026-07-31,Put,13.0,1.755,1.75,True
2026-07-28,UUUUS312601350.U^G26,UUUU,2026-07-31,Put,13.5,2.275,2.38,True
2026-07-28,UUUUS312601400.U^G26,UUUU,2026-07-31,Put,14.0,2.62,2.69,True
2026-07-28,UUUUS312601450.U^G26,UUUU,2026-07-31,Put,14.5,3.25,3.16,True
2026-07-28,UUUUS312601500.U^G26,UUUU,2026-07-31,Put,15.0,3.75,3.9,True
2026-07-28,UUUUS312601550.U^G26,UUUU,2026-07-31,Put,15.5,4.4,4.24,True
2026-07-28,UUUUS312601600.U^G26,UUUU,2026-07-31,Put,16.0,4.75,4.77,True
2026-07-28,UUUUS312601650.U^G26,UUUU,2026-07-31,Put,16.5,5.35,5.34,True
2026-07-28,UUUUS312601700.U^G26,UUUU,2026-07-31,Put,17.0,5.85,5.81,True
2026-07-28,UUUUS312601750.U^G26,UUUU,2026-07-31,Put,17.5,6.3,6.3,True
2026-07-28,UUUUS312601800.U^G26,UUUU,2026-07-31,Put,18.0,6.625,6.8,True
2026-07-28,UUUUS312601850.U^G26,UUUU,2026-07-31,Put,18.5,7.275,,True
2026-07-28,UUUUT072601050.U^H26,UUUU,2026-08-07,Put,10.5,0.35,0.35,True
2026-07-28,UUUUT072601100.U^H26,UUUU,2026-08-07,Put,11.0,0.525,0.54,True
2026-07-28,UUUUT072601150.U^H26,UUUU,2026-08-07,Put,11.5,0.775,1.06,True
2026-07-28,UUUUT072601200.U^H26,UUUU,2026-08-07,Put,12.0,1.07,1.11,True
2026-07-28,UUUUT072601250.U^H26,UUUU,2026-08-07,Put,12.5,1.495,1.52,True
2026-07-28,UUUUT072601300.U^H26,UUUU,2026-08-07,Put,13.0,1.915,1.98,True
2026-07-28,UUUUT072601350.U^H26,UUUU,2026-08-07,Put,13.5,2.345,2.56,True
2026-07-28,UUUUT072601400.U^H26,UUUU,2026-08-07,Put,14.0,2.865,,True
2026-07-28,UUUUT072601450.U^H26,UUUU,2026-08-07,Put,14.5,3.325,3.4,True
2026-07-28,UUUUT072601500.U^H26,UUUU,2026-08-07,Put,15.0,3.85,3.87,True
2026-07-28,UUUUT072601550.U^H26,UUUU,2026-08-07,Put,15.5,4.375,,True
2026-07-28,UUUUT072601600.U^H26,UUUU,2026-08-07,Put,16.0,4.875,,True
2026-07-28,UUUUT072601650.U^H26,UUUU,2026-08-07,Put,16.5,5.425,,True
2026-07-28,UUUUT072601700.U^H26,UUUU,2026-08-07,Put,17.0,5.95,5.88,True
2026-07-28,UUUUT072601750.U^H26,UUUU,2026-08-07,Put,17.5,6.375,,True
2026-07-28,UUUUT072601800.U^H26,UUUU,2026-08-07,Put,18.0,6.775,6.8,True
2026-07-28,UUUUT072601850.U^H26,UUUU,2026-08-07,Put,18.5,7.325,,True
2026-07-28,UUUUT142601050.U^H26,UUUU,2026-08-14,Put,10.5,0.505,0.5,True
2026-07-28,UUUUT142601100.U^H26,UUUU,2026-08-14,Put,11.0,0.7,0.74,True
2026-07-28,UUUUT142601150.U^H26,UUUU,2026-08-14,Put,11.5,0.955,1.0,True
2026-07-28,UUUUT142601200.U^H26,UUUU,2026-08-14,Put,12.0,1.26,1.29,True
2026-07-28,UUUUT142601250.U^H26,UUUU,2026-08-14,Put,12.5,1.565,1.63,True
2026-07-28,UUUUT142601300.U^H26,UUUU,2026-08-14,Put,13.0,2.015,2.12,True
2026-07-28,UUUUT142601350.U^H26,UUUU,2026-08-14,Put,13.5,2.46,2.46,True
2026-07-28,UUUUT142601400.U^H26,UUUU,2026-08-14,Put,14.0,2.88,2.93,True
2026-07-28,UUUUT142601450.U^H26,UUUU,2026-08-14,Put,14.5,3.4,,True
2026-07-28,UUUUT142601500.U^H26,UUUU,2026-08-14,Put,15.0,3.85,3.92,True
2026-07-28,UUUUT142601550.U^H26,UUUU,2026-08-14,Put,15.5,4.375,,True
2026-07-28,UUUUT142601600.U^H26,UUUU,2026-08-14,Put,16.0,4.825,,True
2026-07-28,UUUUT142601650.U^H26,UUUU,2026-08-14,Put,16.5,5.375,5.38,True
2026-07-28,UUUUT142601700.U^H26,UUUU,2026-08-14,Put,17.0,5.85,,True
2026-07-28,UUUUT142601750.U^H26,UUUU,2026-08-14,Put,17.5,6.3,6.3,True
2026-07-28,UUUUT142601800.U^H26,UUUU,2026-08-14,Put,18.0,6.775,,True
2026-07-28,UUUUT142601850.U^H26,UUUU,2026-08-14,Put,18.5,7.25,,True
2026-07-28,UUUUT212601050.U^H26,UUUU,2026-08-21,Put,10.5,0.57,0.65,True
2026-07-28,UUUUT212601100.U^H26,UUUU,2026-08-21,Put,11.0,0.785,0.87,True
2026-07-28,UUUUT212601150.U^H26,UUUU,2026-08-21,Put,11.5,1.03,1.18,True
2026-07-28,UUUUT212601200.U^H26,UUUU,2026-08-21,Put,12.0,1.305,1.57,True
2026-07-28,UUUUT212601250.U^H26,UUUU,2026-08-21,Put,12.5,1.685,,True
2026-07-28,UUUUT212601300.U^H26,UUUU,2026-08-21,Put,13.0,2.145,2.25,True
2026-07-28,UUUUT212601350.U^H26,UUUU,2026-08-21,Put,13.5,2.52,2.59,True
2026-07-28,UUUUT212601400.U^H26,UUUU,2026-08-21,Put,14.0,2.975,,True
2026-07-28,UUUUT212601450.U^H26,UUUU,2026-08-21,Put,14.5,3.425,,True
2026-07-28,UUUUT212601500.U^H26,UUUU,2026-08-21,Put,15.0,3.825,3.82,True
2026-07-28,UUUUT212601550.U^H26,UUUU,2026-08-21,Put,15.5,4.4,4.4,True
2026-07-28,UUUUT212601600.U^H26,UUUU,2026-08-21,Put,16.0,4.85,,True
2026-07-28,UUUUT212601650.U^H26,UUUU,2026-08-21,Put,16.5,5.375,5.38,True
2026-07-28,UUUUT212601700.U^H26,UUUU,2026-08-21,Put,17.0,5.825,5.87,True
2026-07-28,UUUUT212601750.U^H26,UUUU,2026-08-21,Put,17.5,,,False
2026-07-28,UUUUT212601800.U^H26,UUUU,2026-08-21,Put,18.0,6.825,,True
2026-07-28,UUUUT212601850.U^H26,UUUU,2026-08-21,Put,18.5,,,False
2026-07-28,UUUUT282601050.U^H26,UUUU,2026-08-28,Put,10.5,0.69,0.66,True
2026-07-28,UUUUT282601100.U^H26,UUUU,2026-08-28,Put,11.0,0.95,0.93,True
2026-07-28,UUUUT282601150.U^H26,UUUU,2026-08-28,Put,11.5,1.205,1.29,True
2026-07-28,UUUUT282601200.U^H26,UUUU,2026-08-28,Put,12.0,1.53,,True
2026-07-28,UUUUT282601250.U^H26,UUUU,2026-08-28,Put,12.5,1.85,2.02,True
2026-07-28,UUUUT282601300.U^H26,UUUU,2026-08-28,Put,13.0,2.205,2.22,True
2026-07-28,UUUUT282601350.U^H26,UUUU,2026-08-28,Put,13.5,2.545,2.7,True
2026-07-28,UUUUT282601400.U^H26,UUUU,2026-08-28,Put,14.0,3.03,3.1,True
2026-07-28,UUUUT282601450.U^H26,UUUU,2026-08-28,Put,14.5,3.5,3.52,True
2026-07-28,UUUUT282601500.U^H26,UUUU,2026-08-28,Put,15.0,3.925,4.24,True
2026-07-28,UUUUT282601550.U^H26,UUUU,2026-08-28,Put,15.5,4.375,4.47,True
2026-07-28,UUUUT282601600.U^H26,UUUU,2026-08-28,Put,16.0,4.85,5.04,True
2026-07-28,UUUUT282601650.U^H26,UUUU,2026-08-28,Put,16.5,5.25,5.39,True
2026-07-28,UUUUT282601700.U^H26,UUUU,2026-08-28,Put,17.0,5.8,5.89,True
2026-07-28,UUUUT282601750.U^H26,UUUU,2026-08-28,Put,17.5,6.375,6.37,True
2026-07-28,UUUUT282601800.U^H26,UUUU,2026-08-28,Put,18.0,6.775,,True
2026-07-28,UUUUT282601850.U^H26,UUUU,2026-08-28,Put,18.5,7.3,,True
2026-07-28,UUUUU042601050.U^I26,UUUU,2026-09-04,Put,10.5,0.76,,True
2026-07-28,UUUUU042601100.U^I26,UUUU,2026-09-04,Put,11.0,1.095,,True
2026-07-28,UUUUU042601150.U^I26,UUUU,2026-09-04,Put,11.5,1.335,,True
2026-07-28,UUUUU042601200.U^I26,UUUU,2026-09-04,Put,12.0,1.655,1.63,True
2026-07-28,UUUUU042601250.U^I26,UUUU,2026-09-04,Put,12.5,1.975,1.93,True
2026-07-28,UUUUU042601300.U^I26,UUUU,2026-09-04,Put,13.0,2.21,,True
2026-07-28,UUUUU042601350.U^I26,UUUU,2026-09-04,Put,13.5,2.71,,True
2026-07-28,UUUUU042601400.U^I26,UUUU,2026-09-04,Put,14.0,3.05,,True
2026-07-28,UUUUU042601450.U^I26,UUUU,2026-09-04,Put,14.5,3.4,,True
2026-07-28,UUUUU042601500.U^I26,UUUU,2026-09-04,Put,15.0,3.9,,True
2026-07-28,UUUUU042601550.U^I26,UUUU,2026-09-04,Put,15.5,4.325,4.55,True
2026-07-28,UUUUU042601600.U^I26,UUUU,2026-09-04,Put,16.0,4.8,,True
2026-07-28,UUUUU042601650.U^I26,UUUU,2026-09-04,Put,16.5,5.175,5.28,True
2026-07-28,UUUUU042601700.U^I26,UUUU,2026-09-04,Put,17.0,5.75,,True
2026-07-28,UUUUU042601750.U^I26,UUUU,2026-09-04,Put,17.5,6.2,,True
2026-07-28,UUUUU042601800.U^I26,UUUU,2026-09-04,Put,18.0,6.65,,True
2026-07-28,UUUUU042601850.U^I26,UUUU,2026-09-04,Put,18.5,,,False
2026-07-29,UUUUG312601050.U^G26,UUUU,2026-07-31,Call,10.5,0.505,0.59,True
2026-07-29,UUUUG312601100.U^G26,UUUU,2026-07-31,Call,11.0,0.22,0.21,True
2026-07-29,UUUUG312601150.U^G26,UUUU,2026-07-31,Call,11.5,0.09,0.1,True
2026-07-29,UUUUG312601200.U^G26,UUUU,2026-07-31,Call,12.0,0.03,0.11,True
2026-07-29,UUUUG312601250.U^G26,UUUU,2026-07-31,Call,12.5,0.03,0.03,True
2026-07-29,UUUUG312601300.U^G26,UUUU,2026-07-31,Call,13.0,0.015,0.01,True
2026-07-29,UUUUG312601350.U^G26,UUUU,2026-07-31,Call,13.5,,0.01,True
2026-07-29,UUUUG312601400.U^G26,UUUU,2026-07-31,Call,14.0,,0.01,True
2026-07-29,UUUUG312601450.U^G26,UUUU,2026-07-31,Call,14.5,,,True
2026-07-29,UUUUG312601500.U^G26,UUUU,2026-07-31,Call,15.0,,0.02,True
2026-07-29,UUUUG312601550.U^G26,UUUU,2026-07-31,Call,15.5,,,True
2026-07-29,UUUUG312601600.U^G26,UUUU,2026-07-31,Call,16.0,,,True
2026-07-29,UUUUG312601650.U^G26,UUUU,2026-07-31,Call,16.5,,,True
2026-07-29,UUUUG312601700.U^G26,UUUU,2026-07-31,Call,17.0,,,True
2026-07-29,UUUUG312601750.U^G26,UUUU,2026-07-31,Call,17.5,,,True
2026-07-29,UUUUG312601800.U^G26,UUUU,2026-07-31,Call,18.0,,0.02,True
2026-07-29,UUUUG312601850.U^G26,UUUU,2026-07-31,Call,18.5,,0.16,True
2026-07-29,UUUUH072601050.U^H26,UUUU,2026-08-07,Call,10.5,0.76,0.9,True
2026-07-29,UUUUH072601100.U^H26,UUUU,2026-08-07,Call,11.0,0.555,0.71,True
2026-07-29,UUUUH072601150.U^H26,UUUU,2026-08-07,Call,11.5,0.4,0.33,True
2026-07-29,UUUUH072601200.U^H26,UUUU,2026-08-07,Call,12.0,0.27,0.33,True
2026-07-29,UUUUH072601250.U^H26,UUUU,2026-08-07,Call,12.5,0.14,0.22,True
2026-07-29,UUUUH072601300.U^H26,UUUU,2026-08-07,Call,13.0,0.115,0.11,True
2026-07-29,UUUUH072601350.U^H26,UUUU,2026-08-07,Call,13.5,0.08,0.07,True
2026-07-29,UUUUH072601400.U^H26,UUUU,2026-08-07,Call,14.0,0.045,0.07,True
2026-07-29,UUUUH072601450.U^H26,UUUU,2026-08-07,Call,14.5,,,True
2026-07-29,UUUUH072601500.U^H26,UUUU,2026-08-07,Call,15.0,0.05,0.03,True
2026-07-29,UUUUH072601550.U^H26,UUUU,2026-08-07,Call,15.5,,0.04,True
2026-07-29,UUUUH072601600.U^H26,UUUU,2026-08-07,Call,16.0,,0.02,True
2026-07-29,UUUUH072601650.U^H26,UUUU,2026-08-07,Call,16.5,,0.02,True
2026-07-29,UUUUH072601700.U^H26,UUUU,2026-08-07,Call,17.0,,0.09,True
2026-07-29,UUUUH072601750.U^H26,UUUU,2026-08-07,Call,17.5,,,True
2026-07-29,UUUUH072601800.U^H26,UUUU,2026-08-07,Call,18.0,,0.03,True
2026-07-29,UUUUH072601850.U^H26,UUUU,2026-08-07,Call,18.5,,,True
2026-07-29,UUUUH142601050.U^H26,UUUU,2026-08-14,Call,10.5,0.995,,True
2026-07-29,UUUUH142601100.U^H26,UUUU,2026-08-14,Call,11.0,0.715,0.78,True
2026-07-29,UUUUH142601150.U^H26,UUUU,2026-08-14,Call,11.5,0.565,0.56,True
2026-07-29,UUUUH142601200.U^H26,UUUU,2026-08-14,Call,12.0,0.415,,True
2026-07-29,UUUUH142601250.U^H26,UUUU,2026-08-14,Call,12.5,0.3,,True
2026-07-29,UUUUH142601300.U^H26,UUUU,2026-08-14,Call,13.0,0.215,0.24,True
2026-07-29,UUUUH142601350.U^H26,UUUU,2026-08-14,Call,13.5,0.17,,True
2026-07-29,UUUUH142601400.U^H26,UUUU,2026-08-14,Call,14.0,0.115,0.12,True
2026-07-29,UUUUH142601450.U^H26,UUUU,2026-08-14,Call,14.5,0.125,0.14,True
2026-07-29,UUUUH142601500.U^H26,UUUU,2026-08-14,Call,15.0,0.07,,True
2026-07-29,UUUUH142601550.U^H26,UUUU,2026-08-14,Call,15.5,0.16,,True
2026-07-29,UUUUH142601600.U^H26,UUUU,2026-08-14,Call,16.0,,,True
2026-07-29,UUUUH142601650.U^H26,UUUU,2026-08-14,Call,16.5,,0.03,True
2026-07-29,UUUUH142601700.U^H26,UUUU,2026-08-14,Call,17.0,,,True
2026-07-29,UUUUH142601750.U^H26,UUUU,2026-08-14,Call,17.5,,,True
2026-07-29,UUUUH142601800.U^H26,UUUU,2026-08-14,Call,18.0,0.025,0.02,True
2026-07-29,UUUUH142601850.U^H26,UUUU,2026-08-14,Call,18.5,,0.13,True
2026-07-29,UUUUH212601050.U^H26,UUUU,2026-08-21,Call,10.5,1.135,1.12,True
2026-07-29,UUUUH212601100.U^H26,UUUU,2026-08-21,Call,11.0,0.86,0.86,True
2026-07-29,UUUUH212601150.U^H26,UUUU,2026-08-21,Call,11.5,0.655,0.75,True
2026-07-29,UUUUH212601200.U^H26,UUUU,2026-08-21,Call,12.0,0.55,0.64,True
2026-07-29,UUUUH212601250.U^H26,UUUU,2026-08-21,Call,12.5,0.42,0.5,True
2026-07-29,UUUUH212601300.U^H26,UUUU,2026-08-21,Call,13.0,0.335,0.38,True
2026-07-29,UUUUH212601350.U^H26,UUUU,2026-08-21,Call,13.5,0.245,0.25,True
2026-07-29,UUUUH212601400.U^H26,UUUU,2026-08-21,Call,14.0,0.185,0.16,True
2026-07-29,UUUUH212601450.U^H26,UUUU,2026-08-21,Call,14.5,0.16,0.13,True
2026-07-29,UUUUH212601500.U^H26,UUUU,2026-08-21,Call,15.0,0.12,0.13,True
2026-07-29,UUUUH212601550.U^H26,UUUU,2026-08-21,Call,15.5,0.08,,True
2026-07-29,UUUUH212601600.U^H26,UUUU,2026-08-21,Call,16.0,0.08,0.08,True
2026-07-29,UUUUH212601650.U^H26,UUUU,2026-08-21,Call,16.5,0.165,,True
2026-07-29,UUUUH212601700.U^H26,UUUU,2026-08-21,Call,17.0,0.055,0.05,True
2026-07-29,UUUUH212601750.U^H26,UUUU,2026-08-21,Call,17.5,,,False
2026-07-29,UUUUH212601800.U^H26,UUUU,2026-08-21,Call,18.0,0.075,0.02,True
2026-07-29,UUUUH212601850.U^H26,UUUU,2026-08-21,Call,18.5,,,False
2026-07-29,UUUUH282601050.U^H26,UUUU,2026-08-28,Call,10.5,1.205,,True
2026-07-29,UUUUH282601100.U^H26,UUUU,2026-08-28,Call,11.0,1.01,0.99,True
2026-07-29,UUUUH282601150.U^H26,UUUU,2026-08-28,Call,11.5,0.785,,True
2026-07-29,UUUUH282601200.U^H26,UUUU,2026-08-28,Call,12.0,0.63,0.7,True
2026-07-29,UUUUH282601250.U^H26,UUUU,2026-08-28,Call,12.5,0.495,0.59,True
2026-07-29,UUUUH282601300.U^H26,UUUU,2026-08-28,Call,13.0,0.395,0.43,True
2026-07-29,UUUUH282601350.U^H26,UUUU,2026-08-28,Call,13.5,0.305,,True
2026-07-29,UUUUH282601400.U^H26,UUUU,2026-08-28,Call,14.0,0.23,,True
2026-07-29,UUUUH282601450.U^H26,UUUU,2026-08-28,Call,14.5,0.225,,True
2026-07-29,UUUUH282601500.U^H26,UUUU,2026-08-28,Call,15.0,0.145,0.18,True
2026-07-29,UUUUH282601550.U^H26,UUUU,2026-08-28,Call,15.5,0.135,,True
2026-07-29,UUUUH282601600.U^H26,UUUU,2026-08-28,Call,16.0,0.115,0.1,True
2026-07-29,UUUUH282601650.U^H26,UUUU,2026-08-28,Call,16.5,0.08,0.1,True
2026-07-29,UUUUH282601700.U^H26,UUUU,2026-08-28,Call,17.0,0.165,,True
2026-07-29,UUUUH282601750.U^H26,UUUU,2026-08-28,Call,17.5,,,True
2026-07-29,UUUUH282601800.U^H26,UUUU,2026-08-28,Call,18.0,,0.05,True
2026-07-29,UUUUH282601850.U^H26,UUUU,2026-08-28,Call,18.5,,,True
2026-07-29,UUUUI042601050.U^I26,UUUU,2026-09-04,Call,10.5,1.325,,True
2026-07-29,UUUUI042601100.U^I26,UUUU,2026-09-04,Call,11.0,1.09,1.19,True
2026-07-29,UUUUI042601150.U^I26,UUUU,2026-09-04,Call,11.5,0.995,1.08,True
2026-07-29,UUUUI042601200.U^I26,UUUU,2026-09-04,Call,12.0,0.735,0.75,True
2026-07-29,UUUUI042601250.U^I26,UUUU,2026-09-04,Call,12.5,0.595,0.75,True
2026-07-29,UUUUI042601300.U^I26,UUUU,2026-09-04,Call,13.0,0.49,,True
2026-07-29,UUUUI042601350.U^I26,UUUU,2026-09-04,Call,13.5,0.45,0.58,True
2026-07-29,UUUUI042601400.U^I26,UUUU,2026-09-04,Call,14.0,0.345,,True
2026-07-29,UUUUI042601450.U^I26,UUUU,2026-09-04,Call,14.5,0.175,0.28,True
2026-07-29,UUUUI042601500.U^I26,UUUU,2026-09-04,Call,15.0,0.355,0.34,True
2026-07-29,UUUUI042601550.U^I26,UUUU,2026-09-04,Call,15.5,1.185,,True
2026-07-29,UUUUI042601600.U^I26,UUUU,2026-09-04,Call,16.0,0.52,,True
2026-07-29,UUUUI042601650.U^I26,UUUU,2026-09-04,Call,16.5,,,True
2026-07-29,UUUUI042601700.U^I26,UUUU,2026-09-04,Call,17.0,,,True
2026-07-29,UUUUI042601750.U^I26,UUUU,2026-09-04,Call,17.5,,,False
2026-07-29,UUUUI042601800.U^I26,UUUU,2026-09-04,Call,18.0,,,True
2026-07-29,UUUUI042601850.U^I26,UUUU,2026-09-04,Call,18.5,,,False
2026-07-29,UUUUS312601050.U^G26,UUUU,2026-07-31,Put,10.5,0.21,0.2,True
2026-07-29,UUUUS312601100.U^G26,UUUU,2026-07-31,Put,11.0,0.475,0.53,True
2026-07-29,UUUUS312601150.U^G26,UUUU,2026-07-31,Put,11.5,0.855,0.87,True
2026-07-29,UUUUS312601200.U^G26,UUUU,2026-07-31,Put,12.0,1.335,1.27,True
2026-07-29,UUUUS312601250.U^G26,UUUU,2026-07-31,Put,12.5,1.76,1.55,True
2026-07-29,UUUUS312601300.U^G26,UUUU,2026-07-31,Put,13.0,2.305,2.2,True
2026-07-29,UUUUS312601350.U^G26,UUUU,2026-07-31,Put,13.5,2.665,2.38,True
2026-07-29,UUUUS312601400.U^G26,UUUU,2026-07-31,Put,14.0,3.225,2.9,True
2026-07-29,UUUUS312601450.U^G26,UUUU,2026-07-31,Put,14.5,3.675,3.5,True
2026-07-29,UUUUS312601500.U^G26,UUUU,2026-07-31,Put,15.0,4.1,4.06,True
2026-07-29,UUUUS312601550.U^G26,UUUU,2026-07-31,Put,15.5,4.725,4.49,True
2026-07-29,UUUUS312601600.U^G26,UUUU,2026-07-31,Put,16.0,5.175,4.92,True
2026-07-29,UUUUS312601650.U^G26,UUUU,2026-07-31,Put,16.5,5.7,5.6,True
2026-07-29,UUUUS312601700.U^G26,UUUU,2026-07-31,Put,17.0,6.2,6.02,True
2026-07-29,UUUUS312601750.U^G26,UUUU,2026-07-31,Put,17.5,6.7,6.43,True
2026-07-29,UUUUS312601800.U^G26,UUUU,2026-07-31,Put,18.0,7.2,6.93,True
2026-07-29,UUUUS312601850.U^G26,UUUU,2026-07-31,Put,18.5,7.7,7.68,True
2026-07-29,UUUUT072601050.U^H26,UUUU,2026-08-07,Put,10.5,0.5,0.52,True
2026-07-29,UUUUT072601100.U^H26,UUUU,2026-08-07,Put,11.0,0.755,0.77,True
2026-07-29,UUUUT072601150.U^H26,UUUU,2026-08-07,Put,11.5,1.12,0.96,True
2026-07-29,UUUUT072601200.U^H26,UUUU,2026-08-07,Put,12.0,1.56,1.54,True
2026-07-29,UUUUT072601250.U^H26,UUUU,2026-08-07,Put,12.5,1.97,1.95,True
2026-07-29,UUUUT072601300.U^H26,UUUU,2026-08-07,Put,13.0,2.275,2.31,True
2026-07-29,UUUUT072601350.U^H26,UUUU,2026-08-07,Put,13.5,2.745,2.53,True
2026-07-29,UUUUT072601400.U^H26,UUUU,2026-08-07,Put,14.0,3.205,2.9,True
2026-07-29,UUUUT072601450.U^H26,UUUU,2026-08-07,Put,14.5,3.8,,True
2026-07-29,UUUUT072601500.U^H26,UUUU,2026-08-07,Put,15.0,4.2,3.7,True
2026-07-29,UUUUT072601550.U^H26,UUUU,2026-08-07,Put,15.5,4.675,,True
2026-07-29,UUUUT072601600.U^H26,UUUU,2026-08-07,Put,16.0,5.175,5.17,True
2026-07-29,UUUUT072601650.U^H26,UUUU,2026-08-07,Put,16.5,5.875,5.45,True
2026-07-29,UUUUT072601700.U^H26,UUUU,2026-08-07,Put,17.0,6.2,,True
2026-07-29,UUUUT072601750.U^H26,UUUU,2026-08-07,Put,17.5,6.675,,True
2026-07-29,UUUUT072601800.U^H26,UUUU,2026-08-07,Put,18.0,7.2,,True
2026-07-29,UUUUT072601850.U^H26,UUUU,2026-08-07,Put,18.5,7.7,,True
2026-07-29,UUUUT142601050.U^H26,UUUU,2026-08-14,Put,10.5,0.72,0.71,True
2026-07-29,UUUUT142601100.U^H26,UUUU,2026-08-14,Put,11.0,0.94,0.75,True
2026-07-29,UUUUT142601150.U^H26,UUUU,2026-08-14,Put,11.5,1.26,1.15,True
2026-07-29,UUUUT142601200.U^H26,UUUU,2026-08-14,Put,12.0,1.7,1.53,True
2026-07-29,UUUUT142601250.U^H26,UUUU,2026-08-14,Put,12.5,2.065,2.05,True
2026-07-29,UUUUT142601300.U^H26,UUUU,2026-08-14,Put,13.0,2.435,2.47,True
2026-07-29,UUUUT142601350.U^H26,UUUU,2026-08-14,Put,13.5,2.855,2.67,True
2026-07-29,UUUUT142601400.U^H26,UUUU,2026-08-14,Put,14.0,3.35,3.04,True
2026-07-29,UUUUT142601450.U^H26,UUUU,2026-08-14,Put,14.5,3.825,,True
2026-07-29,UUUUT142601500.U^H26,UUUU,2026-08-14,Put,15.0,4.2,4.01,True
2026-07-29,UUUUT142601550.U^H26,UUUU,2026-08-14,Put,15.5,4.725,,True
2026-07-29,UUUUT142601600.U^H26,UUUU,2026-08-14,Put,16.0,5.35,,True
2026-07-29,UUUUT142601650.U^H26,UUUU,2026-08-14,Put,16.5,5.925,5.47,True
2026-07-29,UUUUT142601700.U^H26,UUUU,2026-08-14,Put,17.0,6.25,,True
2026-07-29,UUUUT142601750.U^H26,UUUU,2026-08-14,Put,17.5,6.625,,True
2026-07-29,UUUUT142601800.U^H26,UUUU,2026-08-14,Put,18.0,7.125,,True
2026-07-29,UUUUT142601850.U^H26,UUUU,2026-08-14,Put,18.5,7.675,,True
2026-07-29,UUUUT212601050.U^H26,UUUU,2026-08-21,Put,10.5,0.815,0.8,True
2026-07-29,UUUUT212601100.U^H26,UUUU,2026-08-21,Put,11.0,1.125,0.95,True
2026-07-29,UUUUT212601150.U^H26,UUUU,2026-08-21,Put,11.5,1.37,1.1,True
2026-07-29,UUUUT212601200.U^H26,UUUU,2026-08-21,Put,12.0,1.805,1.56,True
2026-07-29,UUUUT212601250.U^H26,UUUU,2026-08-21,Put,12.5,2.105,2.01,True
2026-07-29,UUUUT212601300.U^H26,UUUU,2026-08-21,Put,13.0,2.56,,True
2026-07-29,UUUUT212601350.U^H26,UUUU,2026-08-21,Put,13.5,2.94,,True
2026-07-29,UUUUT212601400.U^H26,UUUU,2026-08-21,Put,14.0,3.425,3.19,True
2026-07-29,UUUUT212601450.U^H26,UUUU,2026-08-21,Put,14.5,3.875,3.55,True
2026-07-29,UUUUT212601500.U^H26,UUUU,2026-08-21,Put,15.0,4.4,4.4,True
2026-07-29,UUUUT212601550.U^H26,UUUU,2026-08-21,Put,15.5,4.825,,True
2026-07-29,UUUUT212601600.U^H26,UUUU,2026-08-21,Put,16.0,5.225,5.11,True
2026-07-29,UUUUT212601650.U^H26,UUUU,2026-08-21,Put,16.5,5.85,5.52,True
2026-07-29,UUUUT212601700.U^H26,UUUU,2026-08-21,Put,17.0,6.175,6.01,True
2026-07-29,UUUUT212601750.U^H26,UUUU,2026-08-21,Put,17.5,,,False
2026-07-29,UUUUT212601800.U^H26,UUUU,2026-08-21,Put,18.0,7.225,7.2,True
2026-07-29,UUUUT212601850.U^H26,UUUU,2026-08-21,Put,18.5,,,False
2026-07-29,UUUUT282601050.U^H26,UUUU,2026-08-28,Put,10.5,0.965,0.82,True
2026-07-29,UUUUT282601100.U^H26,UUUU,2026-08-28,Put,11.0,1.22,1.13,True
2026-07-29,UUUUT282601150.U^H26,UUUU,2026-08-28,Put,11.5,1.49,1.25,True
2026-07-29,UUUUT282601200.U^H26,UUUU,2026-08-28,Put,12.0,1.85,,True
2026-07-29,UUUUT282601250.U^H26,UUUU,2026-08-28,Put,12.5,2.19,2.02,True
2026-07-29,UUUUT282601300.U^H26,UUUU,2026-08-28,Put,13.0,2.655,,True
2026-07-29,UUUUT282601350.U^H26,UUUU,2026-08-28,Put,13.5,2.9,,True
2026-07-29,UUUUT282601400.U^H26,UUUU,2026-08-28,Put,14.0,3.325,3.25,True
2026-07-29,UUUUT282601450.U^H26,UUUU,2026-08-28,Put,14.5,3.9,3.65,True
2026-07-29,UUUUT282601500.U^H26,UUUU,2026-08-28,Put,15.0,4.425,4.37,True
2026-07-29,UUUUT282601550.U^H26,UUUU,2026-08-28,Put,15.5,4.8,,True
2026-07-29,UUUUT282601600.U^H26,UUUU,2026-08-28,Put,16.0,5.275,5.21,True
2026-07-29,UUUUT282601650.U^H26,UUUU,2026-08-28,Put,16.5,5.725,5.54,True
2026-07-29,UUUUT282601700.U^H26,UUUU,2026-08-28,Put,17.0,6.15,6.15,True
2026-07-29,UUUUT282601750.U^H26,UUUU,2026-08-28,Put,17.5,6.675,,True
2026-07-29,UUUUT282601800.U^H26,UUUU,2026-08-28,Put,18.0,7.075,,True
2026-07-29,UUUUT282601850.U^H26,UUUU,2026-08-28,Put,18.5,7.575,,True
2026-07-29,UUUUU042601050.U^I26,UUUU,2026-09-04,Put,10.5,1.02,0.91,True
2026-07-29,UUUUU042601100.U^I26,UUUU,2026-09-04,Put,11.0,1.35,1.22,True
2026-07-29,UUUUU042601150.U^I26,UUUU,2026-09-04,Put,11.5,1.62,1.37,True
2026-07-29,UUUUU042601200.U^I26,UUUU,2026-09-04,Put,12.0,2.755,,True
2026-07-29,UUUUU042601250.U^I26,UUUU,2026-09-04,Put,12.5,2.46,,True
2026-07-29,UUUUU042601300.U^I26,UUUU,2026-09-04,Put,13.0,2.79,2.28,True
2026-07-29,UUUUU042601350.U^I26,UUUU,2026-09-04,Put,13.5,3.21,,True
2026-07-29,UUUUU042601400.U^I26,UUUU,2026-09-04,Put,14.0,3.05,,True
2026-07-29,UUUUU042601450.U^I26,UUUU,2026-09-04,Put,14.5,4.05,,True
2026-07-29,UUUUU042601500.U^I26,UUUU,2026-09-04,Put,15.0,4.45,4.36,True
2026-07-29,UUUUU042601550.U^I26,UUUU,2026-09-04,Put,15.5,4.875,,True
2026-07-29,UUUUU042601600.U^I26,UUUU,2026-09-04,Put,16.0,5.6,,True
2026-07-29,UUUUU042601650.U^I26,UUUU,2026-09-04,Put,16.5,5.9,,True
2026-07-29,UUUUU042601700.U^I26,UUUU,2026-09-04,Put,17.0,5.55,,True
2026-07-29,UUUUU042601750.U^I26,UUUU,2026-09-04,Put,17.5,7.075,,True
2026-07-29,UUUUU042601800.U^I26,UUUU,2026-09-04,Put,18.0,6.575,,True
2026-07-29,UUUUU042601850.U^I26,UUUU,2026-09-04,Put,18.5,,,False
2026-07-30,UUUUG312601050.U^G26,UUUU,2026-07-31,Call,10.5,1.27,1.17,True
2026-07-30,UUUUG312601100.U^G26,UUUU,2026-07-31,Call,11.0,0.765,0.75,True
2026-07-30,UUUUG312601150.U^G26,UUUU,2026-07-31,Call,11.5,0.35,0.38,True
2026-07-30,UUUUG312601200.U^G26,UUUU,2026-07-31,Call,12.0,0.125,0.13,True
2026-07-30,UUUUG312601250.U^G26,UUUU,2026-07-31,Call,12.5,0.035,0.04,True
2026-07-30,UUUUG312601300.U^G26,UUUU,2026-07-31,Call,13.0,0.015,0.01,True
2026-07-30,UUUUG312601350.U^G26,UUUU,2026-07-31,Call,13.5,,0.01,True
2026-07-30,UUUUG312601400.U^G26,UUUU,2026-07-31,Call,14.0,,0.01,True
2026-07-30,UUUUG312601450.U^G26,UUUU,2026-07-31,Call,14.5,,0.01,True
2026-07-30,UUUUG312601500.U^G26,UUUU,2026-07-31,Call,15.0,,,True
2026-07-30,UUUUG312601550.U^G26,UUUU,2026-07-31,Call,15.5,,0.02,True
2026-07-30,UUUUG312601600.U^G26,UUUU,2026-07-31,Call,16.0,,0.01,True
2026-07-30,UUUUG312601650.U^G26,UUUU,2026-07-31,Call,16.5,,,True
2026-07-30,UUUUG312601700.U^G26,UUUU,2026-07-31,Call,17.0,,,True
2026-07-30,UUUUG312601750.U^G26,UUUU,2026-07-31,Call,17.5,,,True
2026-07-30,UUUUG312601800.U^G26,UUUU,2026-07-31,Call,18.0,,,True
2026-07-30,UUUUG312601850.U^G26,UUUU,2026-07-31,Call,18.5,,,True
2026-07-30,UUUUH072601050.U^H26,UUUU,2026-08-07,Call,10.5,1.395,1.4,True
2026-07-30,UUUUH072601100.U^H26,UUUU,2026-08-07,Call,11.0,0.995,0.91,True
2026-07-30,UUUUH072601150.U^H26,UUUU,2026-08-07,Call,11.5,0.75,0.8,True
2026-07-30,UUUUH072601200.U^H26,UUUU,2026-08-07,Call,12.0,0.485,0.51,True
2026-07-30,UUUUH072601250.U^H26,UUUU,2026-08-07,Call,12.5,0.355,0.35,True
2026-07-30,UUUUH072601300.U^H26,UUUU,2026-08-07,Call,13.0,0.225,0.23,True
2026-07-30,UUUUH072601350.U^H26,UUUU,2026-08-07,Call,13.5,0.145,0.15,True
2026-07-30,UUUUH072601400.U^H26,UUUU,2026-08-07,Call,14.0,0.105,0.09,True
2026-07-30,UUUUH072601450.U^H26,UUUU,2026-08-07,Call,14.5,0.06,0.07,True
2026-07-30,UUUUH072601500.U^H26,UUUU,2026-08-07,Call,15.0,0.055,0.03,True
2026-07-30,UUUUH072601550.U^H26,UUUU,2026-08-07,Call,15.5,,0.04,True
2026-07-30,UUUUH072601600.U^H26,UUUU,2026-08-07,Call,16.0,,0.02,True
2026-07-30,UUUUH072601650.U^H26,UUUU,2026-08-07,Call,16.5,,,True
2026-07-30,UUUUH072601700.U^H26,UUUU,2026-08-07,Call,17.0,,0.04,True
2026-07-30,UUUUH072601750.U^H26,UUUU,2026-08-07,Call,17.5,,,True
2026-07-30,UUUUH072601800.U^H26,UUUU,2026-08-07,Call,18.0,,0.03,True
2026-07-30,UUUUH072601850.U^H26,UUUU,2026-08-07,Call,18.5,,0.01,True
2026-07-30,UUUUH142601050.U^H26,UUUU,2026-08-14,Call,10.5,1.49,,True
2026-07-30,UUUUH142601100.U^H26,UUUU,2026-08-14,Call,11.0,1.225,1.01,True
2026-07-30,UUUUH142601150.U^H26,UUUU,2026-08-14,Call,11.5,0.875,0.9,True
2026-07-30,UUUUH142601200.U^H26,UUUU,2026-08-14,Call,12.0,0.71,0.67,True
2026-07-30,UUUUH142601250.U^H26,UUUU,2026-08-14,Call,12.5,0.445,0.5,True
2026-07-30,UUUUH142601300.U^H26,UUUU,2026-08-14,Call,13.0,0.37,0.38,True
2026-07-30,UUUUH142601350.U^H26,UUUU,2026-08-14,Call,13.5,0.26,0.28,True
2026-07-30,UUUUH142601400.U^H26,UUUU,2026-08-14,Call,14.0,0.12,0.19,True
2026-07-30,UUUUH142601450.U^H26,UUUU,2026-08-14,Call,14.5,0.16,0.11,True
2026-07-30,UUUUH142601500.U^H26,UUUU,2026-08-14,Call,15.0,0.1,0.1,True
2026-07-30,UUUUH142601550.U^H26,UUUU,2026-08-14,Call,15.5,0.05,,True
2026-07-30,UUUUH142601600.U^H26,UUUU,2026-08-14,Call,16.0,0.125,,True
2026-07-30,UUUUH142601650.U^H26,UUUU,2026-08-14,Call,16.5,,,True
2026-07-30,UUUUH142601700.U^H26,UUUU,2026-08-14,Call,17.0,0.14,,True
2026-07-30,UUUUH142601750.U^H26,UUUU,2026-08-14,Call,17.5,,,True
2026-07-30,UUUUH142601800.U^H26,UUUU,2026-08-14,Call,18.0,,,True
2026-07-30,UUUUH142601850.U^H26,UUUU,2026-08-14,Call,18.5,,,True
2026-07-30,UUUUH212601050.U^H26,UUUU,2026-08-21,Call,10.5,1.655,,True
2026-07-30,UUUUH212601100.U^H26,UUUU,2026-08-21,Call,11.0,1.42,1.39,True
2026-07-30,UUUUH212601150.U^H26,UUUU,2026-08-21,Call,11.5,1.1,0.99,True
2026-07-30,UUUUH212601200.U^H26,UUUU,2026-08-21,Call,12.0,0.85,0.89,True
2026-07-30,UUUUH212601250.U^H26,UUUU,2026-08-21,Call,12.5,0.7,0.68,True
2026-07-30,UUUUH212601300.U^H26,UUUU,2026-08-21,Call,13.0,0.57,0.55,True
2026-07-30,UUUUH212601350.U^H26,UUUU,2026-08-21,Call,13.5,0.43,0.35,True
2026-07-30,UUUUH212601400.U^H26,UUUU,2026-08-21,Call,14.0,0.33,0.3,True
2026-07-30,UUUUH212601450.U^H26,UUUU,2026-08-21,Call,14.5,0.22,0.17,True
2026-07-30,UUUUH212601500.U^H26,UUUU,2026-08-21,Call,15.0,0.18,0.2,True
2026-07-30,UUUUH212601550.U^H26,UUUU,2026-08-21,Call,15.5,0.13,0.12,True
2026-07-30,UUUUH212601600.U^H26,UUUU,2026-08-21,Call,16.0,0.085,0.07,True
2026-07-30,UUUUH212601650.U^H26,UUUU,2026-08-21,Call,16.5,0.095,0.08,True
2026-07-30,UUUUH212601700.U^H26,UUUU,2026-08-21,Call,17.0,0.09,0.07,True
2026-07-30,UUUUH212601750.U^H26,UUUU,2026-08-21,Call,17.5,,,False
2026-07-30,UUUUH212601800.U^H26,UUUU,2026-08-21,Call,18.0,0.035,0.03,True
2026-07-30,UUUUH212601850.U^H26,UUUU,2026-08-21,Call,18.5,,,False
2026-07-30,UUUUH282601050.U^H26,UUUU,2026-08-28,Call,10.5,1.855,,True
2026-07-30,UUUUH282601100.U^H26,UUUU,2026-08-28,Call,11.0,1.535,,True
2026-07-30,UUUUH282601150.U^H26,UUUU,2026-08-28,Call,11.5,1.26,1.05,True
2026-07-30,UUUUH282601200.U^H26,UUUU,2026-08-28,Call,12.0,1.025,,True
2026-07-30,UUUUH282601250.U^H26,UUUU,2026-08-28,Call,12.5,0.82,0.7,True
2026-07-30,UUUUH282601300.U^H26,UUUU,2026-08-28,Call,13.0,0.68,0.64,True
2026-07-30,UUUUH282601350.U^H26,UUUU,2026-08-28,Call,13.5,0.51,0.45,True
2026-07-30,UUUUH282601400.U^H26,UUUU,2026-08-28,Call,14.0,0.42,0.38,True
2026-07-30,UUUUH282601450.U^H26,UUUU,2026-08-28,Call,14.5,0.34,,True
2026-07-30,UUUUH282601500.U^H26,UUUU,2026-08-28,Call,15.0,0.26,0.25,True
2026-07-30,UUUUH282601550.U^H26,UUUU,2026-08-28,Call,15.5,0.21,0.21,True
2026-07-30,UUUUH282601600.U^H26,UUUU,2026-08-28,Call,16.0,0.19,0.19,True
2026-07-30,UUUUH282601650.U^H26,UUUU,2026-08-28,Call,16.5,0.125,,True
2026-07-30,UUUUH282601700.U^H26,UUUU,2026-08-28,Call,17.0,0.15,0.1,True
2026-07-30,UUUUH282601750.U^H26,UUUU,2026-08-28,Call,17.5,0.13,,True
2026-07-30,UUUUH282601800.U^H26,UUUU,2026-08-28,Call,18.0,0.05,0.06,True
2026-07-30,UUUUH282601850.U^H26,UUUU,2026-08-28,Call,18.5,0.165,,True
2026-07-30,UUUUI042601050.U^I26,UUUU,2026-09-04,Call,10.5,1.96,,True
2026-07-30,UUUUI042601100.U^I26,UUUU,2026-09-04,Call,11.0,1.66,1.5,True
2026-07-30,UUUUI042601150.U^I26,UUUU,2026-09-04,Call,11.5,1.4,,True
2026-07-30,UUUUI042601200.U^I26,UUUU,2026-09-04,Call,12.0,1.17,1.04,True
2026-07-30,UUUUI042601250.U^I26,UUUU,2026-09-04,Call,12.5,0.94,,True
2026-07-30,UUUUI042601300.U^I26,UUUU,2026-09-04,Call,13.0,0.775,0.68,True
2026-07-30,UUUUI042601350.U^I26,UUUU,2026-09-04,Call,13.5,0.655,0.6,True
2026-07-30,UUUUI042601400.U^I26,UUUU,2026-09-04,Call,14.0,0.48,0.5,True
2026-07-30,UUUUI042601450.U^I26,UUUU,2026-09-04,Call,14.5,0.445,,True
2026-07-30,UUUUI042601500.U^I26,UUUU,2026-09-04,Call,15.0,0.43,0.28,True
2026-07-30,UUUUI042601550.U^I26,UUUU,2026-09-04,Call,15.5,0.22,,True
2026-07-30,UUUUI042601600.U^I26,UUUU,2026-09-04,Call,16.0,0.15,,True
2026-07-30,UUUUI042601650.U^I26,UUUU,2026-09-04,Call,16.5,0.22,,True
2026-07-30,UUUUI042601700.U^I26,UUUU,2026-09-04,Call,17.0,0.165,,True
2026-07-30,UUUUI042601750.U^I26,UUUU,2026-09-04,Call,17.5,,,False
2026-07-30,UUUUI042601800.U^I26,UUUU,2026-09-04,Call,18.0,,,True
2026-07-30,UUUUI042601850.U^I26,UUUU,2026-09-04,Call,18.5,,,False
2026-07-30,UUUUS312601050.U^G26,UUUU,2026-07-31,Put,10.5,0.065,0.02,True
2026-07-30,UUUUS312601100.U^G26,UUUU,2026-07-31,Put,11.0,0.05,0.05,True
2026-07-30,UUUUS312601150.U^G26,UUUU,2026-07-31,Put,11.5,0.175,0.17,True
2026-07-30,UUUUS312601200.U^G26,UUUU,2026-07-31,Put,12.0,0.44,0.49,True
2026-07-30,UUUUS312601250.U^G26,UUUU,2026-07-31,Put,12.5,0.805,0.82,True
2026-07-30,UUUUS312601300.U^G26,UUUU,2026-07-31,Put,13.0,1.41,1.33,True
2026-07-30,UUUUS312601350.U^G26,UUUU,2026-07-31,Put,13.5,1.91,1.98,True
2026-07-30,UUUUS312601400.U^G26,UUUU,2026-07-31,Put,14.0,2.425,2.74,True
2026-07-30,UUUUS312601450.U^G26,UUUU,2026-07-31,Put,14.5,2.86,3.08,True
2026-07-30,UUUUS312601500.U^G26,UUUU,2026-07-31,Put,15.0,3.475,3.53,True
2026-07-30,UUUUS312601550.U^G26,UUUU,2026-07-31,Put,15.5,3.95,4.36,True
2026-07-30,UUUUS312601600.U^G26,UUUU,2026-07-31,Put,16.0,4.375,4.56,True
2026-07-30,UUUUS312601650.U^G26,UUUU,2026-07-31,Put,16.5,4.65,5.25,True
2026-07-30,UUUUS312601700.U^G26,UUUU,2026-07-31,Put,17.0,5.3,5.57,True
2026-07-30,UUUUS312601750.U^G26,UUUU,2026-07-31,Put,17.5,6.075,,True
2026-07-30,UUUUS312601800.U^G26,UUUU,2026-07-31,Put,18.0,6.45,,True
2026-07-30,UUUUS312601850.U^G26,UUUU,2026-07-31,Put,18.5,6.9,7.06,True
2026-07-30,UUUUT072601050.U^H26,UUUU,2026-08-07,Put,10.5,0.23,0.3,True
2026-07-30,UUUUT072601100.U^H26,UUUU,2026-08-07,Put,11.0,0.36,0.51,True
2026-07-30,UUUUT072601150.U^H26,UUUU,2026-08-07,Put,11.5,0.53,0.59,True
2026-07-30,UUUUT072601200.U^H26,UUUU,2026-08-07,Put,12.0,0.815,0.87,True
2026-07-30,UUUUT072601250.U^H26,UUUU,2026-08-07,Put,12.5,1.09,1.22,True
2026-07-30,UUUUT072601300.U^H26,UUUU,2026-08-07,Put,13.0,1.5,1.53,True
2026-07-30,UUUUT072601350.U^H26,UUUU,2026-08-07,Put,13.5,1.94,2.01,True
2026-07-30,UUUUT072601400.U^H26,UUUU,2026-08-07,Put,14.0,2.455,2.66,True
2026-07-30,UUUUT072601450.U^H26,UUUU,2026-08-07,Put,14.5,2.955,2.89,True
2026-07-30,UUUUT072601500.U^H26,UUUU,2026-08-07,Put,15.0,3.575,3.64,True
2026-07-30,UUUUT072601550.U^H26,UUUU,2026-08-07,Put,15.5,4.125,,True
2026-07-30,UUUUT072601600.U^H26,UUUU,2026-08-07,Put,16.0,4.275,,True
2026-07-30,UUUUT072601650.U^H26,UUUU,2026-08-07,Put,16.5,5.05,,True
2026-07-30,UUUUT072601700.U^H26,UUUU,2026-08-07,Put,17.0,5.575,,True
2026-07-30,UUUUT072601750.U^H26,UUUU,2026-08-07,Put,17.5,5.925,,True
2026-07-30,UUUUT072601800.U^H26,UUUU,2026-08-07,Put,18.0,6.475,,True
2026-07-30,UUUUT072601850.U^H26,UUUU,2026-08-07,Put,18.5,6.9,,True
2026-07-30,UUUUT142601050.U^H26,UUUU,2026-08-14,Put,10.5,0.355,0.43,True
2026-07-30,UUUUT142601100.U^H26,UUUU,2026-08-14,Put,11.0,0.495,0.52,True
2026-07-30,UUUUT142601150.U^H26,UUUU,2026-08-14,Put,11.5,0.73,0.69,True
2026-07-30,UUUUT142601200.U^H26,UUUU,2026-08-14,Put,12.0,0.995,1.13,True
2026-07-30,UUUUT142601250.U^H26,UUUU,2026-08-14,Put,12.5,1.3,1.5,True
2026-07-30,UUUUT142601300.U^H26,UUUU,2026-08-14,Put,13.0,1.63,2.07,True
2026-07-30,UUUUT142601350.U^H26,UUUU,2026-08-14,Put,13.5,2.025,2.48,True
2026-07-30,UUUUT142601400.U^H26,UUUU,2026-08-14,Put,14.0,2.495,,True
2026-07-30,UUUUT142601450.U^H26,UUUU,2026-08-14,Put,14.5,2.975,2.99,True
2026-07-30,UUUUT142601500.U^H26,UUUU,2026-08-14,Put,15.0,3.425,,True
2026-07-30,UUUUT142601550.U^H26,UUUU,2026-08-14,Put,15.5,3.9,,True
2026-07-30,UUUUT142601600.U^H26,UUUU,2026-08-14,Put,16.0,4.35,4.57,True
2026-07-30,UUUUT142601650.U^H26,UUUU,2026-08-14,Put,16.5,5.025,5.3,True
2026-07-30,UUUUT142601700.U^H26,UUUU,2026-08-14,Put,17.0,5.25,5.55,True
2026-07-30,UUUUT142601750.U^H26,UUUU,2026-08-14,Put,17.5,5.875,,True
2026-07-30,UUUUT142601800.U^H26,UUUU,2026-08-14,Put,18.0,6.4,,True
2026-07-30,UUUUT142601850.U^H26,UUUU,2026-08-14,Put,18.5,6.925,,True
2026-07-30,UUUUT212601050.U^H26,UUUU,2026-08-21,Put,10.5,0.475,0.46,True
2026-07-30,UUUUT212601100.U^H26,UUUU,2026-08-21,Put,11.0,0.64,0.62,True
2026-07-30,UUUUT212601150.U^H26,UUUU,2026-08-21,Put,11.5,0.865,0.85,True
2026-07-30,UUUUT212601200.U^H26,UUUU,2026-08-21,Put,12.0,1.14,1.31,True
2026-07-30,UUUUT212601250.U^H26,UUUU,2026-08-21,Put,12.5,1.465,,True
2026-07-30,UUUUT212601300.U^H26,UUUU,2026-08-21,Put,13.0,1.785,1.95,True
2026-07-30,UUUUT212601350.U^H26,UUUU,2026-08-21,Put,13.5,2.135,2.43,True
2026-07-30,UUUUT212601400.U^H26,UUUU,2026-08-21,Put,14.0,2.535,2.72,True
2026-07-30,UUUUT212601450.U^H26,UUUU,2026-08-21,Put,14.5,3.005,3.12,True
2026-07-30,UUUUT212601500.U^H26,UUUU,2026-08-21,Put,15.0,3.425,3.65,True
2026-07-30,UUUUT212601550.U^H26,UUUU,2026-08-21,Put,15.5,4.0,,True
2026-07-30,UUUUT212601600.U^H26,UUUU,2026-08-21,Put,16.0,4.375,4.6,True
2026-07-30,UUUUT212601650.U^H26,UUUU,2026-08-21,Put,16.5,4.95,5.31,True
2026-07-30,UUUUT212601700.U^H26,UUUU,2026-08-21,Put,17.0,5.45,5.45,True
2026-07-30,UUUUT212601750.U^H26,UUUU,2026-08-21,Put,17.5,,,False
2026-07-30,UUUUT212601800.U^H26,UUUU,2026-08-21,Put,18.0,6.425,6.68,True
2026-07-30,UUUUT212601850.U^H26,UUUU,2026-08-21,Put,18.5,,,False
2026-07-30,UUUUT282601050.U^H26,UUUU,2026-08-28,Put,10.5,0.58,,True
2026-07-30,UUUUT282601100.U^H26,UUUU,2026-08-28,Put,11.0,0.775,0.84,True
2026-07-30,UUUUT282601150.U^H26,UUUU,2026-08-28,Put,11.5,1.005,1.12,True
2026-07-30,UUUUT282601200.U^H26,UUUU,2026-08-28,Put,12.0,1.26,1.44,True
2026-07-30,UUUUT282601250.U^H26,UUUU,2026-08-28,Put,12.5,1.57,1.73,True
2026-07-30,UUUUT282601300.U^H26,UUUU,2026-08-28,Put,13.0,1.905,2.03,True
2026-07-30,UUUUT282601350.U^H26,UUUU,2026-08-28,Put,13.5,2.27,2.45,True
2026-07-30,UUUUT282601400.U^H26,UUUU,2026-08-28,Put,14.0,2.66,,True
2026-07-30,UUUUT282601450.U^H26,UUUU,2026-08-28,Put,14.5,3.115,,True
2026-07-30,UUUUT282601500.U^H26,UUUU,2026-08-28,Put,15.0,3.5,3.8,True
2026-07-30,UUUUT282601550.U^H26,UUUU,2026-08-28,Put,15.5,4.05,,True
2026-07-30,UUUUT282601600.U^H26,UUUU,2026-08-28,Put,16.0,4.55,4.56,True
2026-07-30,UUUUT282601650.U^H26,UUUU,2026-08-28,Put,16.5,4.95,4.99,True
2026-07-30,UUUUT282601700.U^H26,UUUU,2026-08-28,Put,17.0,5.475,5.47,True
2026-07-30,UUUUT282601750.U^H26,UUUU,2026-08-28,Put,17.5,5.925,,True
2026-07-30,UUUUT282601800.U^H26,UUUU,2026-08-28,Put,18.0,6.3,,True
2026-07-30,UUUUT282601850.U^H26,UUUU,2026-08-28,Put,18.5,7.05,,True
2026-07-30,UUUUU042601050.U^I26,UUUU,2026-09-04,Put,10.5,0.675,,True
2026-07-30,UUUUU042601100.U^I26,UUUU,2026-09-04,Put,11.0,0.84,0.87,True
2026-07-30,UUUUU042601150.U^I26,UUUU,2026-09-04,Put,11.5,1.11,,True
2026-07-30,UUUUU042601200.U^I26,UUUU,2026-09-04,Put,12.0,1.38,1.54,True
2026-07-30,UUUUU042601250.U^I26,UUUU,2026-09-04,Put,12.5,1.7,,True
2026-07-30,UUUUU042601300.U^I26,UUUU,2026-09-04,Put,13.0,1.945,2.22,True
2026-07-30,UUUUU042601350.U^I26,UUUU,2026-09-04,Put,13.5,2.37,,True
2026-07-30,UUUUU042601400.U^I26,UUUU,2026-09-04,Put,14.0,2.755,2.98,True
2026-07-30,UUUUU042601450.U^I26,UUUU,2026-09-04,Put,14.5,3.35,,True
2026-07-30,UUUUU042601500.U^I26,UUUU,2026-09-04,Put,15.0,3.8,,True
2026-07-30,UUUUU042601550.U^I26,UUUU,2026-09-04,Put,15.5,4.4,,True
2026-07-30,UUUUU042601600.U^I26,UUUU,2026-09-04,Put,16.0,4.45,4.63,True
2026-07-30,UUUUU042601650.U^I26,UUUU,2026-09-04,Put,16.5,5.025,5.06,True
2026-07-30,UUUUU042601700.U^I26,UUUU,2026-09-04,Put,17.0,5.225,5.67,True
2026-07-30,UUUUU042601750.U^I26,UUUU,2026-09-04,Put,17.5,5.975,,True
2026-07-30,UUUUU042601800.U^I26,UUUU,2026-09-04,Put,18.0,6.4,,True
2026-07-30,UUUUU042601850.U^I26,UUUU,2026-09-04,Put,18.5,,,False
2026-07-31,UUUUG312601050.U^G26,UUUU,2026-07-31,Call,10.5,0.995,0.94,True
2026-07-31,UUUUG312601100.U^G26,UUUU,2026-07-31,Call,11.0,0.43,0.43,True
2026-07-31,UUUUG312601150.U^G26,UUUU,2026-07-31,Call,11.5,0.09,0.08,True
2026-07-31,UUUUG312601200.U^G26,UUUU,2026-07-31,Call,12.0,,0.01,True
2026-07-31,UUUUG312601250.U^G26,UUUU,2026-07-31,Call,12.5,,0.01,True
2026-07-31,UUUUG312601300.U^G26,UUUU,2026-07-31,Call,13.0,,0.04,True
2026-07-31,UUUUG312601350.U^G26,UUUU,2026-07-31,Call,13.5,,0.01,True
2026-07-31,UUUUG312601400.U^G26,UUUU,2026-07-31,Call,14.0,,0.04,True
2026-07-31,UUUUG312601450.U^G26,UUUU,2026-07-31,Call,14.5,,0.13,True
2026-07-31,UUUUG312601500.U^G26,UUUU,2026-07-31,Call,15.0,,0.01,True
2026-07-31,UUUUG312601550.U^G26,UUUU,2026-07-31,Call,15.5,,,True
2026-07-31,UUUUG312601600.U^G26,UUUU,2026-07-31,Call,16.0,,,True
2026-07-31,UUUUG312601650.U^G26,UUUU,2026-07-31,Call,16.5,,0.03,True
2026-07-31,UUUUG312601700.U^G26,UUUU,2026-07-31,Call,17.0,,,True
2026-07-31,UUUUG312601750.U^G26,UUUU,2026-07-31,Call,17.5,,,True
2026-07-31,UUUUG312601800.U^G26,UUUU,2026-07-31,Call,18.0,,0.01,True
2026-07-31,UUUUG312601850.U^G26,UUUU,2026-07-31,Call,18.5,,,True
2026-07-31,UUUUH072601050.U^H26,UUUU,2026-08-07,Call,10.5,1.2,1.19,True
2026-07-31,UUUUH072601100.U^H26,UUUU,2026-08-07,Call,11.0,0.875,0.96,True
2026-07-31,UUUUH072601150.U^H26,UUUU,2026-08-07,Call,11.5,0.605,0.57,True
2026-07-31,UUUUH072601200.U^H26,UUUU,2026-08-07,Call,12.0,0.355,0.37,True
2026-07-31,UUUUH072601250.U^H26,UUUU,2026-08-07,Call,12.5,0.235,0.21,True
2026-07-31,UUUUH072601300.U^H26,UUUU,2026-08-07,Call,13.0,0.145,0.16,True
2026-07-31,UUUUH072601350.U^H26,UUUU,2026-08-07,Call,13.5,0.1,0.1,True
2026-07-31,UUUUH072601400.U^H26,UUUU,2026-08-07,Call,14.0,0.06,0.07,True
2026-07-31,UUUUH072601450.U^H26,UUUU,2026-08-07,Call,14.5,,0.05,True
2026-07-31,UUUUH072601500.U^H26,UUUU,2026-08-07,Call,15.0,0.05,0.02,True
2026-07-31,UUUUH072601550.U^H26,UUUU,2026-08-07,Call,15.5,,0.02,True
2026-07-31,UUUUH072601600.U^H26,UUUU,2026-08-07,Call,16.0,,0.05,True
2026-07-31,UUUUH072601650.U^H26,UUUU,2026-08-07,Call,16.5,,,True
2026-07-31,UUUUH072601700.U^H26,UUUU,2026-08-07,Call,17.0,,0.02,True
2026-07-31,UUUUH072601750.U^H26,UUUU,2026-08-07,Call,17.5,,,True
2026-07-31,UUUUH072601800.U^H26,UUUU,2026-08-07,Call,18.0,,,True
2026-07-31,UUUUH072601850.U^H26,UUUU,2026-08-07,Call,18.5,,,True
2026-07-31,UUUUH142601050.U^H26,UUUU,2026-08-14,Call,10.5,1.35,,True
2026-07-31,UUUUH142601100.U^H26,UUUU,2026-08-14,Call,11.0,1.04,1.08,True
2026-07-31,UUUUH142601150.U^H26,UUUU,2026-08-14,Call,11.5,0.77,0.81,True
2026-07-31,UUUUH142601200.U^H26,UUUU,2026-08-14,Call,12.0,0.555,0.55,True
2026-07-31,UUUUH142601250.U^H26,UUUU,2026-08-14,Call,12.5,0.415,0.43,True
2026-07-31,UUUUH142601300.U^H26,UUUU,2026-08-14,Call,13.0,0.295,0.3,True
2026-07-31,UUUUH142601350.U^H26,UUUU,2026-08-14,Call,13.5,0.205,0.22,True
2026-07-31,UUUUH142601400.U^H26,UUUU,2026-08-14,Call,14.0,0.15,0.15,True
2026-07-31,UUUUH142601450.U^H26,UUUU,2026-08-14,Call,14.5,0.11,0.3,True
2026-07-31,UUUUH142601500.U^H26,UUUU,2026-08-14,Call,15.0,0.09,0.07,True
2026-07-31,UUUUH142601550.U^H26,UUUU,2026-08-14,Call,15.5,,,True
2026-07-31,UUUUH142601600.U^H26,UUUU,2026-08-14,Call,16.0,0.03,0.03,True
2026-07-31,UUUUH142601650.U^H26,UUUU,2026-08-14,Call,16.5,,,True
2026-07-31,UUUUH142601700.U^H26,UUUU,2026-08-14,Call,17.0,,,True
2026-07-31,UUUUH142601750.U^H26,UUUU,2026-08-14,Call,17.5,,,True
2026-07-31,UUUUH142601800.U^H26,UUUU,2026-08-14,Call,18.0,,,True
2026-07-31,UUUUH142601850.U^H26,UUUU,2026-08-14,Call,18.5,,,True
2026-07-31,UUUUH212601050.U^H26,UUUU,2026-08-21,Call,10.5,1.51,1.5,True
2026-07-31,UUUUH212601100.U^H26,UUUU,2026-08-21,Call,11.0,1.21,1.28,True
2026-07-31,UUUUH212601150.U^H26,UUUU,2026-08-21,Call,11.5,0.945,0.99,True
2026-07-31,UUUUH212601200.U^H26,UUUU,2026-08-21,Call,12.0,0.735,0.73,True
2026-07-31,UUUUH212601250.U^H26,UUUU,2026-08-21,Call,12.5,0.56,0.56,True
2026-07-31,UUUUH212601300.U^H26,UUUU,2026-08-21,Call,13.0,0.445,0.43,True
2026-07-31,UUUUH212601350.U^H26,UUUU,2026-08-21,Call,13.5,0.34,0.36,True
2026-07-31,UUUUH212601400.U^H26,UUUU,2026-08-21,Call,14.0,0.255,0.25,True
2026-07-31,UUUUH212601450.U^H26,UUUU,2026-08-21,Call,14.5,0.195,,True
2026-07-31,UUUUH212601500.U^H26,UUUU,2026-08-21,Call,15.0,0.15,0.13,True
2026-07-31,UUUUH212601550.U^H26,UUUU,2026-08-21,Call,15.5,0.1,0.12,True
2026-07-31,UUUUH212601600.U^H26,UUUU,2026-08-21,Call,16.0,0.11,0.1,True
2026-07-31,UUUUH212601650.U^H26,UUUU,2026-08-21,Call,16.5,0.075,,True
2026-07-31,UUUUH212601700.U^H26,UUUU,2026-08-21,Call,17.0,0.055,0.05,True
2026-07-31,UUUUH212601750.U^H26,UUUU,2026-08-21,Call,17.5,,,False
2026-07-31,UUUUH212601800.U^H26,UUUU,2026-08-21,Call,18.0,,0.04,True
2026-07-31,UUUUH212601850.U^H26,UUUU,2026-08-21,Call,18.5,,,False
2026-07-31,UUUUH282601050.U^H26,UUUU,2026-08-28,Call,10.5,1.615,,True
2026-07-31,UUUUH282601100.U^H26,UUUU,2026-08-28,Call,11.0,1.325,,True
2026-07-31,UUUUH282601150.U^H26,UUUU,2026-08-28,Call,11.5,1.07,1.09,True
2026-07-31,UUUUH282601200.U^H26,UUUU,2026-08-28,Call,12.0,0.865,0.85,True
2026-07-31,UUUUH282601250.U^H26,UUUU,2026-08-28,Call,12.5,0.675,,True
2026-07-31,UUUUH282601300.U^H26,UUUU,2026-08-28,Call,13.0,0.55,0.56,True
2026-07-31,UUUUH282601350.U^H26,UUUU,2026-08-28,Call,13.5,0.43,0.42,True
2026-07-31,UUUUH282601400.U^H26,UUUU,2026-08-28,Call,14.0,0.305,0.37,True
2026-07-31,UUUUH282601450.U^H26,UUUU,2026-08-28,Call,14.5,0.265,0.28,True
2026-07-31,UUUUH282601500.U^H26,UUUU,2026-08-28,Call,15.0,0.18,0.25,True
2026-07-31,UUUUH282601550.U^H26,UUUU,2026-08-28,Call,15.5,0.17,0.17,True
2026-07-31,UUUUH282601600.U^H26,UUUU,2026-08-28,Call,16.0,0.14,0.13,True
2026-07-31,UUUUH282601650.U^H26,UUUU,2026-08-28,Call,16.5,0.08,0.11,True
2026-07-31,UUUUH282601700.U^H26,UUUU,2026-08-28,Call,17.0,0.065,0.09,True
2026-07-31,UUUUH282601750.U^H26,UUUU,2026-08-28,Call,17.5,0.13,,True
2026-07-31,UUUUH282601800.U^H26,UUUU,2026-08-28,Call,18.0,,,True
2026-07-31,UUUUH282601850.U^H26,UUUU,2026-08-28,Call,18.5,0.095,,True
2026-07-31,UUUUI042601050.U^I26,UUUU,2026-09-04,Call,10.5,1.725,,True
2026-07-31,UUUUI042601100.U^I26,UUUU,2026-09-04,Call,11.0,1.44,1.91,True
2026-07-31,UUUUI042601150.U^I26,UUUU,2026-09-04,Call,11.5,1.2,1.38,True
2026-07-31,UUUUI042601200.U^I26,UUUU,2026-09-04,Call,12.0,0.985,1.03,True
2026-07-31,UUUUI042601250.U^I26,UUUU,2026-09-04,Call,12.5,0.81,0.87,True
2026-07-31,UUUUI042601300.U^I26,UUUU,2026-09-04,Call,13.0,0.66,,True
2026-07-31,UUUUI042601350.U^I26,UUUU,2026-09-04,Call,13.5,0.545,0.54,True
2026-07-31,UUUUI042601400.U^I26,UUUU,2026-09-04,Call,14.0,0.43,0.44,True
2026-07-31,UUUUI042601450.U^I26,UUUU,2026-09-04,Call,14.5,0.365,0.37,True
2026-07-31,UUUUI042601500.U^I26,UUUU,2026-09-04,Call,15.0,0.29,0.3,True
2026-07-31,UUUUI042601550.U^I26,UUUU,2026-09-04,Call,15.5,0.21,,True
2026-07-31,UUUUI042601600.U^I26,UUUU,2026-09-04,Call,16.0,0.195,0.21,True
2026-07-31,UUUUI042601650.U^I26,UUUU,2026-09-04,Call,16.5,0.165,,True
2026-07-31,UUUUI042601700.U^I26,UUUU,2026-09-04,Call,17.0,0.135,,True
2026-07-31,UUUUI042601750.U^I26,UUUU,2026-09-04,Call,17.5,0.14,,True
2026-07-31,UUUUI042601800.U^I26,UUUU,2026-09-04,Call,18.0,0.15,,True
2026-07-31,UUUUI042601850.U^I26,UUUU,2026-09-04,Call,18.5,,,False
2026-07-31,UUUUS312601050.U^G26,UUUU,2026-07-31,Put,10.5,,0.01,True
2026-07-31,UUUUS312601100.U^G26,UUUU,2026-07-31,Put,11.0,,0.03,True
2026-07-31,UUUUS312601150.U^G26,UUUU,2026-07-31,Put,11.5,0.135,0.15,True
2026-07-31,UUUUS312601200.U^G26,UUUU,2026-07-31,Put,12.0,0.64,0.62,True
2026-07-31,UUUUS312601250.U^G26,UUUU,2026-07-31,Put,12.5,1.015,1.02,True
2026-07-31,UUUUS312601300.U^G26,UUUU,2026-07-31,Put,13.0,1.575,1.6,True
2026-07-31,UUUUS312601350.U^G26,UUUU,2026-07-31,Put,13.5,2.01,2.05,True
2026-07-31,UUUUS312601400.U^G26,UUUU,2026-07-31,Put,14.0,2.685,2.51,True
2026-07-31,UUUUS312601450.U^G26,UUUU,2026-07-31,Put,14.5,3.23,3.1,True
2026-07-31,UUUUS312601500.U^G26,UUUU,2026-07-31,Put,15.0,3.7,3.6,True
2026-07-31,UUUUS312601550.U^G26,UUUU,2026-07-31,Put,15.5,4.2,,True
2026-07-31,UUUUS312601600.U^G26,UUUU,2026-07-31,Put,16.0,4.65,4.32,True
2026-07-31,UUUUS312601650.U^G26,UUUU,2026-07-31,Put,16.5,5.175,5.1,True
2026-07-31,UUUUS312601700.U^G26,UUUU,2026-07-31,Put,17.0,5.6,,True
2026-07-31,UUUUS312601750.U^G26,UUUU,2026-07-31,Put,17.5,6.175,6.0,True
2026-07-31,UUUUS312601800.U^G26,UUUU,2026-07-31,Put,18.0,6.575,6.6,True
2026-07-31,UUUUS312601850.U^G26,UUUU,2026-07-31,Put,18.5,7.025,6.78,True
2026-07-31,UUUUT072601050.U^H26,UUUU,2026-08-07,Put,10.5,0.21,0.23,True
2026-07-31,UUUUT072601100.U^H26,UUUU,2026-08-07,Put,11.0,0.395,0.42,True
2026-07-31,UUUUT072601150.U^H26,UUUU,2026-08-07,Put,11.5,0.61,0.66,True
2026-07-31,UUUUT072601200.U^H26,UUUU,2026-08-07,Put,12.0,0.895,0.95,True
2026-07-31,UUUUT072601250.U^H26,UUUU,2026-08-07,Put,12.5,1.285,1.25,True
2026-07-31,UUUUT072601300.U^H26,UUUU,2026-08-07,Put,13.0,1.66,1.69,True
2026-07-31,UUUUT072601350.U^H26,UUUU,2026-08-07,Put,13.5,2.195,2.13,True
2026-07-31,UUUUT072601400.U^H26,UUUU,2026-08-07,Put,14.0,2.695,,True
2026-07-31,UUUUT072601450.U^H26,UUUU,2026-08-07,Put,14.5,3.215,,True
2026-07-31,UUUUT072601500.U^H26,UUUU,2026-08-07,Put,15.0,3.525,,True
2026-07-31,UUUUT072601550.U^H26,UUUU,2026-08-07,Put,15.5,4.025,3.95,True
2026-07-31,UUUUT072601600.U^H26,UUUU,2026-08-07,Put,16.0,4.675,4.6,True
2026-07-31,UUUUT072601650.U^H26,UUUU,2026-08-07,Put,16.5,5.1,,True
2026-07-31,UUUUT072601700.U^H26,UUUU,2026-08-07,Put,17.0,5.475,5.4,True
2026-07-31,UUUUT072601750.U^H26,UUUU,2026-08-07,Put,17.5,5.95,5.55,True
2026-07-31,UUUUT072601800.U^H26,UUUU,2026-08-07,Put,18.0,6.675,6.17,True
2026-07-31,UUUUT072601850.U^H26,UUUU,2026-08-07,Put,18.5,7.125,,True
2026-07-31,UUUUT142601050.U^H26,UUUU,2026-08-14,Put,10.5,0.37,0.39,True
2026-07-31,UUUUT142601100.U^H26,UUUU,2026-08-14,Put,11.0,0.59,0.63,True
2026-07-31,UUUUT142601150.U^H26,UUUU,2026-08-14,Put,11.5,0.83,0.82,True
2026-07-31,UUUUT142601200.U^H26,UUUU,2026-08-14,Put,12.0,1.1,1.03,True
2026-07-31,UUUUT142601250.U^H26,UUUU,2026-08-14,Put,12.5,1.455,1.4,True
2026-07-31,UUUUT142601300.U^H26,UUUU,2026-08-14,Put,13.0,1.83,1.85,True
2026-07-31,UUUUT142601350.U^H26,UUUU,2026-08-14,Put,13.5,2.255,,True
2026-07-31,UUUUT142601400.U^H26,UUUU,2026-08-14,Put,14.0,2.67,,True
2026-07-31,UUUUT142601450.U^H26,UUUU,2026-08-14,Put,14.5,3.165,,True
2026-07-31,UUUUT142601500.U^H26,UUUU,2026-08-14,Put,15.0,3.675,,True
2026-07-31,UUUUT142601550.U^H26,UUUU,2026-08-14,Put,15.5,4.175,,True
2026-07-31,UUUUT142601600.U^H26,UUUU,2026-08-14,Put,16.0,4.5,,True
2026-07-31,UUUUT142601650.U^H26,UUUU,2026-08-14,Put,16.5,5.15,5.08,True
2026-07-31,UUUUT142601700.U^H26,UUUU,2026-08-14,Put,17.0,5.525,5.52,True
2026-07-31,UUUUT142601750.U^H26,UUUU,2026-08-14,Put,17.5,6.1,,True
2026-07-31,UUUUT142601800.U^H26,UUUU,2026-08-14,Put,18.0,6.625,,True
2026-07-31,UUUUT142601850.U^H26,UUUU,2026-08-14,Put,18.5,7.1,,True
2026-07-31,UUUUT212601050.U^H26,UUUU,2026-08-21,Put,10.5,0.52,0.51,True
2026-07-31,UUUUT212601100.U^H26,UUUU,2026-08-21,Put,11.0,0.735,0.76,True
2026-07-31,UUUUT212601150.U^H26,UUUU,2026-08-21,Put,11.5,0.98,0.97,True
2026-07-31,UUUUT212601200.U^H26,UUUU,2026-08-21,Put,12.0,1.27,1.27,True
2026-07-31,UUUUT212601250.U^H26,UUUU,2026-08-21,Put,12.5,1.515,1.57,True
2026-07-31,UUUUT212601300.U^H26,UUUU,2026-08-21,Put,13.0,1.965,1.9,True
2026-07-31,UUUUT212601350.U^H26,UUUU,2026-08-21,Put,13.5,2.35,,True
2026-07-31,UUUUT212601400.U^H26,UUUU,2026-08-21,Put,14.0,2.785,2.78,True
2026-07-31,UUUUT212601450.U^H26,UUUU,2026-08-21,Put,14.5,3.22,,True
2026-07-31,UUUUT212601500.U^H26,UUUU,2026-08-21,Put,15.0,3.65,3.65,True
2026-07-31,UUUUT212601550.U^H26,UUUU,2026-08-21,Put,15.5,4.125,,True
2026-07-31,UUUUT212601600.U^H26,UUUU,2026-08-21,Put,16.0,4.625,4.57,True
2026-07-31,UUUUT212601650.U^H26,UUUU,2026-08-21,Put,16.5,5.125,5.1,True
2026-07-31,UUUUT212601700.U^H26,UUUU,2026-08-21,Put,17.0,5.625,5.2,True
2026-07-31,UUUUT212601750.U^H26,UUUU,2026-08-21,Put,17.5,,,False
2026-07-31,UUUUT212601800.U^H26,UUUU,2026-08-21,Put,18.0,6.55,6.47,True
2026-07-31,UUUUT212601850.U^H26,UUUU,2026-08-21,Put,18.5,,,False
2026-07-31,UUUUT282601050.U^H26,UUUU,2026-08-28,Put,10.5,0.645,,True
2026-07-31,UUUUT282601100.U^H26,UUUU,2026-08-28,Put,11.0,0.86,0.86,True
2026-07-31,UUUUT282601150.U^H26,UUUU,2026-08-28,Put,11.5,1.105,1.07,True
2026-07-31,UUUUT282601200.U^H26,UUUU,2026-08-28,Put,12.0,1.385,1.31,True
2026-07-31,UUUUT282601250.U^H26,UUUU,2026-08-28,Put,12.5,1.72,1.63,True
2026-07-31,UUUUT282601300.U^H26,UUUU,2026-08-28,Put,13.0,2.08,2.05,True
2026-07-31,UUUUT282601350.U^H26,UUUU,2026-08-28,Put,13.5,2.445,,True
2026-07-31,UUUUT282601400.U^H26,UUUU,2026-08-28,Put,14.0,2.815,,True
2026-07-31,UUUUT282601450.U^H26,UUUU,2026-08-28,Put,14.5,3.27,,True
2026-07-31,UUUUT282601500.U^H26,UUUU,2026-08-28,Put,15.0,3.75,,True
2026-07-31,UUUUT282601550.U^H26,UUUU,2026-08-28,Put,15.5,4.225,,True
2026-07-31,UUUUT282601600.U^H26,UUUU,2026-08-28,Put,16.0,4.625,4.62,True
2026-07-31,UUUUT282601650.U^H26,UUUU,2026-08-28,Put,16.5,5.175,5.17,True
2026-07-31,UUUUT282601700.U^H26,UUUU,2026-08-28,Put,17.0,5.65,5.55,True
2026-07-31,UUUUT282601750.U^H26,UUUU,2026-08-28,Put,17.5,6.15,,True
2026-07-31,UUUUT282601800.U^H26,UUUU,2026-08-28,Put,18.0,6.45,6.54,True
2026-07-31,UUUUT282601850.U^H26,UUUU,2026-08-28,Put,18.5,7.1,,True
2026-07-31,UUUUU042601050.U^I26,UUUU,2026-09-04,Put,10.5,0.755,0.8,True
2026-07-31,UUUUU042601100.U^I26,UUUU,2026-09-04,Put,11.0,0.96,0.96,True
2026-07-31,UUUUU042601150.U^I26,UUUU,2026-09-04,Put,11.5,1.22,0.94,True
2026-07-31,UUUUU042601200.U^I26,UUUU,2026-09-04,Put,12.0,1.51,1.52,True
2026-07-31,UUUUU042601250.U^I26,UUUU,2026-09-04,Put,12.5,1.83,1.81,True
2026-07-31,UUUUU042601300.U^I26,UUUU,2026-09-04,Put,13.0,2.185,,True
2026-07-31,UUUUU042601350.U^I26,UUUU,2026-09-04,Put,13.5,2.565,,True
2026-07-31,UUUUU042601400.U^I26,UUUU,2026-09-04,Put,14.0,2.96,,True
2026-07-31,UUUUU042601450.U^I26,UUUU,2026-09-04,Put,14.5,3.325,,True
2026-07-31,UUUUU042601500.U^I26,UUUU,2026-09-04,Put,15.0,3.775,,True
2026-07-31,UUUUU042601550.U^I26,UUUU,2026-09-04,Put,15.5,4.225,,True
2026-07-31,UUUUU042601600.U^I26,UUUU,2026-09-04,Put,16.0,4.625,,True
2026-07-31,UUUUU042601650.U^I26,UUUU,2026-09-04,Put,16.5,5.175,5.18,True
2026-07-31,UUUUU042601700.U^I26,UUUU,2026-09-04,Put,17.0,5.6,,True
2026-07-31,UUUUU042601750.U^I26,UUUU,2026-09-04,Put,17.5,6.125,,True
2026-07-31,UUUUU042601800.U^I26,UUUU,2026-09-04,Put,18.0,6.55,,True
2026-07-31,UUUUU042601850.U^I26,UUUU,2026-09-04,Put,18.5,,,False
2026-08-03,UUUUH072601050.U^H26,UUUU,2026-08-07,Call,10.5,1.71,1.71,True
2026-08-03,UUUUH072601100.U^H26,UUUU,2026-08-07,Call,11.0,1.29,1.3,True
2026-08-03,UUUUH072601150.U^H26,UUUU,2026-08-07,Call,11.5,0.965,1.0,True
2026-08-03,UUUUH072601200.U^H26,UUUU,2026-08-07,Call,12.0,0.665,0.67,True
2026-08-03,UUUUH072601250.U^H26,UUUU,2026-08-07,Call,12.5,0.43,0.35,True
2026-08-03,UUUUH072601300.U^H26,UUUU,2026-08-07,Call,13.0,0.255,0.25,True
2026-08-03,UUUUH072601350.U^H26,UUUU,2026-08-07,Call,13.5,0.15,0.14,True
2026-08-03,UUUUH072601400.U^H26,UUUU,2026-08-07,Call,14.0,0.085,0.08,True
2026-08-03,UUUUH072601450.U^H26,UUUU,2026-08-07,Call,14.5,0.045,0.03,True
2026-08-03,UUUUH072601500.U^H26,UUUU,2026-08-07,Call,15.0,0.02,0.01,True
2026-08-03,UUUUH072601550.U^H26,UUUU,2026-08-07,Call,15.5,,0.01,True
2026-08-03,UUUUH072601600.U^H26,UUUU,2026-08-07,Call,16.0,,0.02,True
2026-08-03,UUUUH072601650.U^H26,UUUU,2026-08-07,Call,16.5,,,True
2026-08-03,UUUUH072601700.U^H26,UUUU,2026-08-07,Call,17.0,,0.01,True
2026-08-03,UUUUH072601750.U^H26,UUUU,2026-08-07,Call,17.5,,0.01,True
2026-08-03,UUUUH072601800.U^H26,UUUU,2026-08-07,Call,18.0,,,True
2026-08-03,UUUUH072601850.U^H26,UUUU,2026-08-07,Call,18.5,,0.01,True
2026-08-03,UUUUH142601050.U^H26,UUUU,2026-08-14,Call,10.5,1.865,,True
2026-08-03,UUUUH142601100.U^H26,UUUU,2026-08-14,Call,11.0,1.525,1.36,True
2026-08-03,UUUUH142601150.U^H26,UUUU,2026-08-14,Call,11.5,1.17,1.12,True
2026-08-03,UUUUH142601200.U^H26,UUUU,2026-08-14,Call,12.0,0.895,0.92,True
2026-08-03,UUUUH142601250.U^H26,UUUU,2026-08-14,Call,12.5,0.65,0.67,True
2026-08-03,UUUUH142601300.U^H26,UUUU,2026-08-14,Call,13.0,0.47,0.47,True
2026-08-03,UUUUH142601350.U^H26,UUUU,2026-08-14,Call,13.5,0.325,0.34,True
2026-08-03,UUUUH142601400.U^H26,UUUU,2026-08-14,Call,14.0,0.24,0.25,True
2026-08-03,UUUUH142601450.U^H26,UUUU,2026-08-14,Call,14.5,0.17,0.17,True
2026-08-03,UUUUH142601500.U^H26,UUUU,2026-08-14,Call,15.0,0.125,0.11,True
2026-08-03,UUUUH142601550.U^H26,UUUU,2026-08-14,Call,15.5,0.1,0.09,True
2026-08-03,UUUUH142601600.U^H26,UUUU,2026-08-14,Call,16.0,,0.06,True
2026-08-03,UUUUH142601650.U^H26,UUUU,2026-08-14,Call,16.5,,0.03,True
2026-08-03,UUUUH142601700.U^H26,UUUU,2026-08-14,Call,17.0,,,True
2026-08-03,UUUUH142601750.U^H26,UUUU,2026-08-14,Call,17.5,,,True
2026-08-03,UUUUH142601800.U^H26,UUUU,2026-08-14,Call,18.0,,,True
2026-08-03,UUUUH142601850.U^H26,UUUU,2026-08-14,Call,18.5,,,True
2026-08-03,UUUUH212601050.U^H26,UUUU,2026-08-21,Call,10.5,2.025,1.94,True
2026-08-03,UUUUH212601100.U^H26,UUUU,2026-08-21,Call,11.0,1.665,1.7,True
2026-08-03,UUUUH212601150.U^H26,UUUU,2026-08-21,Call,11.5,1.325,1.26,True
2026-08-03,UUUUH212601200.U^H26,UUUU,2026-08-21,Call,12.0,1.055,1.05,True
2026-08-03,UUUUH212601250.U^H26,UUUU,2026-08-21,Call,12.5,0.815,0.8,True
2026-08-03,UUUUH212601300.U^H26,UUUU,2026-08-21,Call,13.0,0.65,0.63,True
2026-08-03,UUUUH212601350.U^H26,UUUU,2026-08-21,Call,13.5,0.505,0.49,True
2026-08-03,UUUUH212601400.U^H26,UUUU,2026-08-21,Call,14.0,0.385,0.38,True
2026-08-03,UUUUH212601450.U^H26,UUUU,2026-08-21,Call,14.5,0.28,0.3,True
2026-08-03,UUUUH212601500.U^H26,UUUU,2026-08-21,Call,15.0,0.225,0.22,True
2026-08-03,UUUUH212601550.U^H26,UUUU,2026-08-21,Call,15.5,0.17,0.14,True
2026-08-03,UUUUH212601600.U^H26,UUUU,2026-08-21,Call,16.0,0.12,0.11,True
2026-08-03,UUUUH212601650.U^H26,UUUU,2026-08-21,Call,16.5,0.105,0.09,True
2026-08-03,UUUUH212601700.U^H26,UUUU,2026-08-21,Call,17.0,0.07,,True
2026-08-03,UUUUH212601750.U^H26,UUUU,2026-08-21,Call,17.5,,,False
2026-08-03,UUUUH212601800.U^H26,UUUU,2026-08-21,Call,18.0,0.04,0.04,True
2026-08-03,UUUUH212601850.U^H26,UUUU,2026-08-21,Call,18.5,,,False
2026-08-03,UUUUH282601050.U^H26,UUUU,2026-08-28,Call,10.5,2.14,,True
2026-08-03,UUUUH282601100.U^H26,UUUU,2026-08-28,Call,11.0,1.795,1.7,True
2026-08-03,UUUUH282601150.U^H26,UUUU,2026-08-28,Call,11.5,1.465,1.21,True
2026-08-03,UUUUH282601200.U^H26,UUUU,2026-08-28,Call,12.0,1.2,1.18,True
2026-08-03,UUUUH282601250.U^H26,UUUU,2026-08-28,Call,12.5,0.985,0.95,True
2026-08-03,UUUUH282601300.U^H26,UUUU,2026-08-28,Call,13.0,0.785,0.8,True
2026-08-03,UUUUH282601350.U^H26,UUUU,2026-08-28,Call,13.5,0.63,0.67,True
2026-08-03,UUUUH282601400.U^H26,UUUU,2026-08-28,Call,14.0,0.485,0.5,True
2026-08-03,UUUUH282601450.U^H26,UUUU,2026-08-28,Call,14.5,0.405,0.4,True
2026-08-03,UUUUH282601500.U^H26,UUUU,2026-08-28,Call,15.0,0.32,0.32,True
2026-08-03,UUUUH282601550.U^H26,UUUU,2026-08-28,Call,15.5,0.25,0.23,True
2026-08-03,UUUUH282601600.U^H26,UUUU,2026-08-28,Call,16.0,0.255,0.21,True
2026-08-03,UUUUH282601650.U^H26,UUUU,2026-08-28,Call,16.5,0.21,0.15,True
2026-08-03,UUUUH282601700.U^H26,UUUU,2026-08-28,Call,17.0,0.12,0.13,True
2026-08-03,UUUUH282601750.U^H26,UUUU,2026-08-28,Call,17.5,0.095,0.12,True
2026-08-03,UUUUH282601800.U^H26,UUUU,2026-08-28,Call,18.0,0.095,,True
2026-08-03,UUUUH282601850.U^H26,UUUU,2026-08-28,Call,18.5,0.155,0.15,True
2026-08-03,UUUUI042601050.U^I26,UUUU,2026-09-04,Call,10.5,2.225,,True
2026-08-03,UUUUI042601100.U^I26,UUUU,2026-09-04,Call,11.0,1.885,1.8,True
2026-08-03,UUUUI042601150.U^I26,UUUU,2026-09-04,Call,11.5,1.605,,True
2026-08-03,UUUUI042601200.U^I26,UUUU,2026-09-04,Call,12.0,1.33,1.39,True
2026-08-03,UUUUI042601250.U^I26,UUUU,2026-09-04,Call,12.5,1.115,,True
2026-08-03,UUUUI042601300.U^I26,UUUU,2026-09-04,Call,13.0,0.92,0.94,True
2026-08-03,UUUUI042601350.U^I26,UUUU,2026-09-04,Call,13.5,0.75,,True
2026-08-03,UUUUI042601400.U^I26,UUUU,2026-09-04,Call,14.0,0.625,0.65,True
2026-08-03,UUUUI042601450.U^I26,UUUU,2026-09-04,Call,14.5,0.51,0.45,True
2026-08-03,UUUUI042601500.U^I26,UUUU,2026-09-04,Call,15.0,0.415,0.42,True
2026-08-03,UUUUI042601550.U^I26,UUUU,2026-09-04,Call,15.5,0.385,0.31,True
2026-08-03,UUUUI042601600.U^I26,UUUU,2026-09-04,Call,16.0,0.29,0.26,True
2026-08-03,UUUUI042601650.U^I26,UUUU,2026-09-04,Call,16.5,0.275,0.22,True
2026-08-03,UUUUI042601700.U^I26,UUUU,2026-09-04,Call,17.0,0.205,0.2,True
2026-08-03,UUUUI042601750.U^I26,UUUU,2026-09-04,Call,17.5,0.14,0.14,True
2026-08-03,UUUUI042601800.U^I26,UUUU,2026-09-04,Call,18.0,0.08,0.08,True
2026-08-03,UUUUI042601850.U^I26,UUUU,2026-09-04,Call,18.5,,,False
2026-08-03,UUUUT072601050.U^H26,UUUU,2026-08-07,Put,10.5,0.09,0.09,True
2026-08-03,UUUUT072601100.U^H26,UUUU,2026-08-07,Put,11.0,0.155,0.15,True
2026-08-03,UUUUT072601150.U^H26,UUUU,2026-08-07,Put,11.5,0.305,0.28,True
2026-08-03,UUUUT072601200.U^H26,UUUU,2026-08-07,Put,12.0,0.5,0.49,True
2026-08-03,UUUUT072601250.U^H26,UUUU,2026-08-07,Put,12.5,0.765,,True
2026-08-03,UUUUT072601300.U^H26,UUUU,2026-08-07,Put,13.0,1.095,1.18,True
2026-08-03,UUUUT072601350.U^H26,UUUU,2026-08-07,Put,13.5,1.56,1.68,True
2026-08-03,UUUUT072601400.U^H26,UUUU,2026-08-07,Put,14.0,2.08,2.07,True
2026-08-03,UUUUT072601450.U^H26,UUUU,2026-08-07,Put,14.5,2.505,2.65,True
2026-08-03,UUUUT072601500.U^H26,UUUU,2026-08-07,Put,15.0,2.9,2.97,True
2026-08-03,UUUUT072601550.U^H26,UUUU,2026-08-07,Put,15.5,3.475,,True
2026-08-03,UUUUT072601600.U^H26,UUUU,2026-08-07,Put,16.0,3.95,4.3,True
2026-08-03,UUUUT072601650.U^H26,UUUU,2026-08-07,Put,16.5,4.475,4.65,True
2026-08-03,UUUUT072601700.U^H26,UUUU,2026-08-07,Put,17.0,4.975,,True
2026-08-03,UUUUT072601750.U^H26,UUUU,2026-08-07,Put,17.5,5.45,5.67,True
2026-08-03,UUUUT072601800.U^H26,UUUU,2026-08-07,Put,18.0,6.075,6.57,True
2026-08-03,UUUUT072601850.U^H26,UUUU,2026-08-07,Put,18.5,6.5,,True
2026-08-03,UUUUT142601050.U^H26,UUUU,2026-08-14,Put,10.5,0.225,0.26,True
2026-08-03,UUUUT142601100.U^H26,UUUU,2026-08-14,Put,11.0,0.34,0.33,True
2026-08-03,UUUUT142601150.U^H26,UUUU,2026-08-14,Put,11.5,0.49,0.49,True
2026-08-03,UUUUT142601200.U^H26,UUUU,2026-08-14,Put,12.0,0.725,0.69,True
2026-08-03,UUUUT142601250.U^H26,UUUU,2026-08-14,Put,12.5,0.975,1.05,True
2026-08-03,UUUUT142601300.U^H26,UUUU,2026-08-14,Put,13.0,1.305,1.37,True
2026-08-03,UUUUT142601350.U^H26,UUUU,2026-08-14,Put,13.5,1.66,1.74,True
2026-08-03,UUUUT142601400.U^H26,UUUU,2026-08-14,Put,14.0,2.09,2.25,True
2026-08-03,UUUUT142601450.U^H26,UUUU,2026-08-14,Put,14.5,2.57,2.91,True
2026-08-03,UUUUT142601500.U^H26,UUUU,2026-08-14,Put,15.0,3.055,3.11,True
2026-08-03,UUUUT142601550.U^H26,UUUU,2026-08-14,Put,15.5,3.575,4.08,True
2026-08-03,UUUUT142601600.U^H26,UUUU,2026-08-14,Put,16.0,4.05,4.15,True
2026-08-03,UUUUT142601650.U^H26,UUUU,2026-08-14,Put,16.5,4.425,4.62,True
2026-08-03,UUUUT142601700.U^H26,UUUU,2026-08-14,Put,17.0,5.025,5.5,True
2026-08-03,UUUUT142601750.U^H26,UUUU,2026-08-14,Put,17.5,5.7,,True
2026-08-03,UUUUT142601800.U^H26,UUUU,2026-08-14,Put,18.0,6.1,,True
2026-08-03,UUUUT142601850.U^H26,UUUU,2026-08-14,Put,18.5,6.675,,True
2026-08-03,UUUUT212601050.U^H26,UUUU,2026-08-21,Put,10.5,0.34,0.39,True
2026-08-03,UUUUT212601100.U^H26,UUUU,2026-08-21,Put,11.0,0.48,0.48,True
2026-08-03,UUUUT212601150.U^H26,UUUU,2026-08-21,Put,11.5,0.675,0.7,True
2026-08-03,UUUUT212601200.U^H26,UUUU,2026-08-21,Put,12.0,0.9,0.88,True
2026-08-03,UUUUT212601250.U^H26,UUUU,2026-08-21,Put,12.5,1.16,,True
2026-08-03,UUUUT212601300.U^H26,UUUU,2026-08-21,Put,13.0,1.475,1.51,True
2026-08-03,UUUUT212601350.U^H26,UUUU,2026-08-21,Put,13.5,1.8,2.35,True
2026-08-03,UUUUT212601400.U^H26,UUUU,2026-08-21,Put,14.0,2.2,2.32,True
2026-08-03,UUUUT212601450.U^H26,UUUU,2026-08-21,Put,14.5,2.6,2.96,True
2026-08-03,UUUUT212601500.U^H26,UUUU,2026-08-21,Put,15.0,3.09,3.12,True
2026-08-03,UUUUT212601550.U^H26,UUUU,2026-08-21,Put,15.5,3.625,3.63,True
2026-08-03,UUUUT212601600.U^H26,UUUU,2026-08-21,Put,16.0,4.0,4.04,True
2026-08-03,UUUUT212601650.U^H26,UUUU,2026-08-21,Put,16.5,4.5,,True
2026-08-03,UUUUT212601700.U^H26,UUUU,2026-08-21,Put,17.0,4.975,5.0,True
2026-08-03,UUUUT212601750.U^H26,UUUU,2026-08-21,Put,17.5,,,False
2026-08-03,UUUUT212601800.U^H26,UUUU,2026-08-21,Put,18.0,5.975,6.0,True
2026-08-03,UUUUT212601850.U^H26,UUUU,2026-08-21,Put,18.5,,,False
2026-08-03,UUUUT282601050.U^H26,UUUU,2026-08-28,Put,10.5,0.435,,True
2026-08-03,UUUUT282601100.U^H26,UUUU,2026-08-28,Put,11.0,0.59,0.62,True
2026-08-03,UUUUT282601150.U^H26,UUUU,2026-08-28,Put,11.5,0.8,0.84,True
2026-08-03,UUUUT282601200.U^H26,UUUU,2026-08-28,Put,12.0,1.025,1.13,True
2026-08-03,UUUUT282601250.U^H26,UUUU,2026-08-28,Put,12.5,1.305,,True
2026-08-03,UUUUT282601300.U^H26,UUUU,2026-08-28,Put,13.0,1.61,1.86,True
2026-08-03,UUUUT282601350.U^H26,UUUU,2026-08-28,Put,13.5,1.955,,True
2026-08-03,UUUUT282601400.U^H26,UUUU,2026-08-28,Put,14.0,2.325,,True
2026-08-03,UUUUT282601450.U^H26,UUUU,2026-08-28,Put,14.5,2.715,,True
2026-08-03,UUUUT282601500.U^H26,UUUU,2026-08-28,Put,15.0,3.225,3.24,True
2026-08-03,UUUUT282601550.U^H26,UUUU,2026-08-28,Put,15.5,3.7,,True
2026-08-03,UUUUT282601600.U^H26,UUUU,2026-08-28,Put,16.0,4.1,4.12,True
2026-08-03,UUUUT282601650.U^H26,UUUU,2026-08-28,Put,16.5,4.525,4.53,True
2026-08-03,UUUUT282601700.U^H26,UUUU,2026-08-28,Put,17.0,5.05,5.05,True
2026-08-03,UUUUT282601750.U^H26,UUUU,2026-08-28,Put,17.5,5.6,,True
2026-08-03,UUUUT282601800.U^H26,UUUU,2026-08-28,Put,18.0,6.025,6.1,True
2026-08-03,UUUUT282601850.U^H26,UUUU,2026-08-28,Put,18.5,6.625,6.6,True
2026-08-03,UUUUU042601050.U^I26,UUUU,2026-09-04,Put,10.5,0.54,0.58,True
2026-08-03,UUUUU042601100.U^I26,UUUU,2026-09-04,Put,11.0,0.705,0.7,True
2026-08-03,UUUUU042601150.U^I26,UUUU,2026-09-04,Put,11.5,0.91,,True
2026-08-03,UUUUU042601200.U^I26,UUUU,2026-09-04,Put,12.0,1.165,1.18,True
2026-08-03,UUUUU042601250.U^I26,UUUU,2026-09-04,Put,12.5,1.435,,True
2026-08-03,UUUUU042601300.U^I26,UUUU,2026-09-04,Put,13.0,1.735,,True
2026-08-03,UUUUU042601350.U^I26,UUUU,2026-09-04,Put,13.5,2.07,2.22,True
2026-08-03,UUUUU042601400.U^I26,UUUU,2026-09-04,Put,14.0,2.44,2.4,True
2026-08-03,UUUUU042601450.U^I26,UUUU,2026-09-04,Put,14.5,2.825,,True
2026-08-03,UUUUU042601500.U^I26,UUUU,2026-09-04,Put,15.0,3.3,,True
2026-08-03,UUUUU042601550.U^I26,UUUU,2026-09-04,Put,15.5,3.675,3.8,True
2026-08-03,UUUUU042601600.U^I26,UUUU,2026-09-04,Put,16.0,4.15,4.17,True
2026-08-03,UUUUU042601650.U^I26,UUUU,2026-09-04,Put,16.5,4.6,4.6,True
2026-08-03,UUUUU042601700.U^I26,UUUU,2026-09-04,Put,17.0,5.05,,True
2026-08-03,UUUUU042601750.U^I26,UUUU,2026-09-04,Put,17.5,5.575,,True
2026-08-03,UUUUU042601800.U^I26,UUUU,2026-09-04,Put,18.0,6.025,6.2,True
2026-08-03,UUUUU042601850.U^I26,UUUU,2026-09-04,Put,18.5,,,False
2026-08-04,UUUUH072601050.U^H26,UUUU,2026-08-07,Call,10.5,2.465,2.17,True
2026-08-04,UUUUH072601100.U^H26,UUUU,2026-08-07,Call,11.0,1.99,1.85,True
2026-08-04,UUUUH072601150.U^H26,UUUU,2026-08-07,Call,11.5,1.61,1.27,True
2026-08-04,UUUUH072601200.U^H26,UUUU,2026-08-07,Call,12.0,1.145,1.15,True
2026-08-04,UUUUH072601250.U^H26,UUUU,2026-08-07,Call,12.5,0.825,0.8,True
2026-08-04,UUUUH072601300.U^H26,UUUU,2026-08-07,Call,13.0,0.5,0.52,True
2026-08-04,UUUUH072601350.U^H26,UUUU,2026-08-07,Call,13.5,0.33,0.34,True
2026-08-04,UUUUH072601400.U^H26,UUUU,2026-08-07,Call,14.0,0.21,0.18,True
2026-08-04,UUUUH072601450.U^H26,UUUU,2026-08-07,Call,14.5,0.125,0.11,True
2026-08-04,UUUUH072601500.U^H26,UUUU,2026-08-07,Call,15.0,0.07,0.08,True
2026-08-04,UUUUH072601550.U^H26,UUUU,2026-08-07,Call,15.5,0.045,0.04,True
2026-08-04,UUUUH072601600.U^H26,UUUU,2026-08-07,Call,16.0,,0.03,True
2026-08-04,UUUUH072601650.U^H26,UUUU,2026-08-07,Call,16.5,,0.02,True
2026-08-04,UUUUH072601700.U^H26,UUUU,2026-08-07,Call,17.0,,0.01,True
2026-08-04,UUUUH072601750.U^H26,UUUU,2026-08-07,Call,17.5,,,True
2026-08-04,UUUUH072601800.U^H26,UUUU,2026-08-07,Call,18.0,,,True
2026-08-04,UUUUH072601850.U^H26,UUUU,2026-08-07,Call,18.5,,0.01,True
2026-08-04,UUUUH142601050.U^H26,UUUU,2026-08-14,Call,10.5,2.565,,True
2026-08-04,UUUUH142601100.U^H26,UUUU,2026-08-14,Call,11.0,2.065,2.18,True
2026-08-04,UUUUH142601150.U^H26,UUUU,2026-08-14,Call,11.5,1.7,1.75,True
2026-08-04,UUUUH142601200.U^H26,UUUU,2026-08-14,Call,12.0,1.33,1.31,True
2026-08-04,UUUUH142601250.U^H26,UUUU,2026-08-14,Call,12.5,1.06,1.01,True
2026-08-04,UUUUH142601300.U^H26,UUUU,2026-08-14,Call,13.0,0.715,0.8,True
2026-08-04,UUUUH142601350.U^H26,UUUU,2026-08-14,Call,13.5,0.52,0.62,True
2026-08-04,UUUUH142601400.U^H26,UUUU,2026-08-14,Call,14.0,0.375,0.43,True
2026-08-04,UUUUH142601450.U^H26,UUUU,2026-08-14,Call,14.5,0.28,0.34,True
2026-08-04,UUUUH142601500.U^H26,UUUU,2026-08-14,Call,15.0,0.23,0.24,True
2026-08-04,UUUUH142601550.U^H26,UUUU,2026-08-14,Call,15.5,0.18,0.15,True
2026-08-04,UUUUH142601600.U^H26,UUUU,2026-08-14,Call,16.0,0.16,0.11,True
2026-08-04,UUUUH142601650.U^H26,UUUU,2026-08-14,Call,16.5,0.085,0.07,True
2026-08-04,UUUUH142601700.U^H26,UUUU,2026-08-14,Call,17.0,,0.05,True
2026-08-04,UUUUH142601750.U^H26,UUUU,2026-08-14,Call,17.5,0.055,,True
2026-08-04,UUUUH142601800.U^H26,UUUU,2026-08-14,Call,18.0,,,True
2026-08-04,UUUUH142601850.U^H26,UUUU,2026-08-14,Call,18.5,,,True
2026-08-04,UUUUH212601050.U^H26,UUUU,2026-08-21,Call,10.5,2.65,2.72,True
2026-08-04,UUUUH212601100.U^H26,UUUU,2026-08-21,Call,11.0,2.175,2.18,True
2026-08-04,UUUUH212601150.U^H26,UUUU,2026-08-21,Call,11.5,1.85,1.71,True
2026-08-04,UUUUH212601200.U^H26,UUUU,2026-08-21,Call,12.0,1.545,1.6,True
2026-08-04,UUUUH212601250.U^H26,UUUU,2026-08-21,Call,12.5,1.26,1.26,True
2026-08-04,UUUUH212601300.U^H26,UUUU,2026-08-21,Call,13.0,0.985,0.97,True
2026-08-04,UUUUH212601350.U^H26,UUUU,2026-08-21,Call,13.5,0.795,0.77,True
2026-08-04,UUUUH212601400.U^H26,UUUU,2026-08-21,Call,14.0,0.635,0.61,True
2026-08-04,UUUUH212601450.U^H26,UUUU,2026-08-21,Call,14.5,0.5,0.48,True
2026-08-04,UUUUH212601500.U^H26,UUUU,2026-08-21,Call,15.0,0.375,0.37,True
2026-08-04,UUUUH212601550.U^H26,UUUU,2026-08-21,Call,15.5,0.29,0.29,True
2026-08-04,UUUUH212601600.U^H26,UUUU,2026-08-21,Call,16.0,0.225,0.24,True
2026-08-04,UUUUH212601650.U^H26,UUUU,2026-08-21,Call,16.5,0.165,0.16,True
2026-08-04,UUUUH212601700.U^H26,UUUU,2026-08-21,Call,17.0,0.13,0.15,True
2026-08-04,UUUUH212601750.U^H26,UUUU,2026-08-21,Call,17.5,,,False
2026-08-04,UUUUH212601800.U^H26,UUUU,2026-08-21,Call,18.0,0.065,0.07,True
2026-08-04,UUUUH212601850.U^H26,UUUU,2026-08-21,Call,18.5,,,False
2026-08-04,UUUUH282601050.U^H26,UUUU,2026-08-28,Call,10.5,2.735,,True
2026-08-04,UUUUH282601100.U^H26,UUUU,2026-08-28,Call,11.0,2.365,2.37,True
2026-08-04,UUUUH282601150.U^H26,UUUU,2026-08-28,Call,11.5,1.965,1.89,True
2026-08-04,UUUUH282601200.U^H26,UUUU,2026-08-28,Call,12.0,1.68,1.62,True
2026-08-04,UUUUH282601250.U^H26,UUUU,2026-08-28,Call,12.5,1.345,1.44,True
2026-08-04,UUUUH282601300.U^H26,UUUU,2026-08-28,Call,13.0,1.13,1.1,True
2026-08-04,UUUUH282601350.U^H26,UUUU,2026-08-28,Call,13.5,0.965,0.94,True
2026-08-04,UUUUH282601400.U^H26,UUUU,2026-08-28,Call,14.0,0.765,0.8,True
2026-08-04,UUUUH282601450.U^H26,UUUU,2026-08-28,Call,14.5,0.57,0.61,True
2026-08-04,UUUUH282601500.U^H26,UUUU,2026-08-28,Call,15.0,0.525,0.52,True
2026-08-04,UUUUH282601550.U^H26,UUUU,2026-08-28,Call,15.5,0.36,0.4,True
2026-08-04,UUUUH282601600.U^H26,UUUU,2026-08-28,Call,16.0,0.285,0.33,True
2026-08-04,UUUUH282601650.U^H26,UUUU,2026-08-28,Call,16.5,0.305,0.22,True
2026-08-04,UUUUH282601700.U^H26,UUUU,2026-08-28,Call,17.0,0.195,0.19,True
2026-08-04,UUUUH282601750.U^H26,UUUU,2026-08-28,Call,17.5,0.185,0.18,True
2026-08-04,UUUUH282601800.U^H26,UUUU,2026-08-28,Call,18.0,0.085,0.14,True
2026-08-04,UUUUH282601850.U^H26,UUUU,2026-08-28,Call,18.5,0.145,,True
2026-08-04,UUUUI042601050.U^I26,UUUU,2026-09-04,Call,10.5,2.855,,True
2026-08-04,UUUUI042601100.U^I26,UUUU,2026-09-04,Call,11.0,2.475,,True
2026-08-04,UUUUI042601150.U^I26,UUUU,2026-09-04,Call,11.5,2.08,,True
2026-08-04,UUUUI042601200.U^I26,UUUU,2026-09-04,Call,12.0,1.765,1.87,True
2026-08-04,UUUUI042601250.U^I26,UUUU,2026-09-04,Call,12.5,1.51,1.61,True
2026-08-04,UUUUI042601300.U^I26,UUUU,2026-09-04,Call,13.0,1.255,1.23,True
2026-08-04,UUUUI042601350.U^I26,UUUU,2026-09-04,Call,13.5,1.1,1.11,True
2026-08-04,UUUUI042601400.U^I26,UUUU,2026-09-04,Call,14.0,0.85,0.96,True
2026-08-04,UUUUI042601450.U^I26,UUUU,2026-09-04,Call,14.5,0.76,,True
2026-08-04,UUUUI042601500.U^I26,UUUU,2026-09-04,Call,15.0,0.57,0.63,True
2026-08-04,UUUUI042601550.U^I26,UUUU,2026-09-04,Call,15.5,0.565,0.5,True
2026-08-04,UUUUI042601600.U^I26,UUUU,2026-09-04,Call,16.0,0.48,0.46,True
2026-08-04,UUUUI042601650.U^I26,UUUU,2026-09-04,Call,16.5,0.335,0.36,True
2026-08-04,UUUUI042601700.U^I26,UUUU,2026-09-04,Call,17.0,0.295,0.31,True
2026-08-04,UUUUI042601750.U^I26,UUUU,2026-09-04,Call,17.5,0.295,,True
2026-08-04,UUUUI042601800.U^I26,UUUU,2026-09-04,Call,18.0,0.2,0.18,True
2026-08-04,UUUUI042601850.U^I26,UUUU,2026-09-04,Call,18.5,,,False
2026-08-04,UUUUT072601050.U^H26,UUUU,2026-08-07,Put,10.5,0.13,0.03,True
2026-08-04,UUUUT072601100.U^H26,UUUU,2026-08-07,Put,11.0,0.13,0.06,True
2026-08-04,UUUUT072601150.U^H26,UUUU,2026-08-07,Put,11.5,0.165,0.11,True
2026-08-04,UUUUT072601200.U^H26,UUUU,2026-08-07,Put,12.0,0.225,0.22,True
2026-08-04,UUUUT072601250.U^H26,UUUU,2026-08-07,Put,12.5,0.405,0.38,True
2026-08-04,UUUUT072601300.U^H26,UUUU,2026-08-07,Put,13.0,0.735,0.62,True
2026-08-04,UUUUT072601350.U^H26,UUUU,2026-08-07,Put,13.5,1.03,1.05,True
2026-08-04,UUUUT072601400.U^H26,UUUU,2026-08-07,Put,14.0,1.375,1.51,True
2026-08-04,UUUUT072601450.U^H26,UUUU,2026-08-07,Put,14.5,1.81,1.9,True
2026-08-04,UUUUT072601500.U^H26,UUUU,2026-08-07,Put,15.0,2.235,2.36,True
2026-08-04,UUUUT072601550.U^H26,UUUU,2026-08-07,Put,15.5,2.605,2.88,True
2026-08-04,UUUUT072601600.U^H26,UUUU,2026-08-07,Put,16.0,3.1,3.4,True
2026-08-04,UUUUT072601650.U^H26,UUUU,2026-08-07,Put,16.5,3.8,3.83,True
2026-08-04,UUUUT072601700.U^H26,UUUU,2026-08-07,Put,17.0,4.125,4.07,True
2026-08-04,UUUUT072601750.U^H26,UUUU,2026-08-07,Put,17.5,4.925,4.55,True
2026-08-04,UUUUT072601800.U^H26,UUUU,2026-08-07,Put,18.0,5.275,5.25,True
2026-08-04,UUUUT072601850.U^H26,UUUU,2026-08-07,Put,18.5,5.625,5.72,True
2026-08-04,UUUUT142601050.U^H26,UUUU,2026-08-14,Put,10.5,0.105,0.11,True
2026-08-04,UUUUT142601100.U^H26,UUUU,2026-08-14,Put,11.0,0.2,0.14,True
2026-08-04,UUUUT142601150.U^H26,UUUU,2026-08-14,Put,11.5,0.28,0.28,True
2026-08-04,UUUUT142601200.U^H26,UUUU,2026-08-14,Put,12.0,0.455,0.4,True
2026-08-04,UUUUT142601250.U^H26,UUUU,2026-08-14,Put,12.5,0.675,0.66,True
2026-08-04,UUUUT142601300.U^H26,UUUU,2026-08-14,Put,13.0,0.92,0.87,True
2026-08-04,UUUUT142601350.U^H26,UUUU,2026-08-14,Put,13.5,1.22,,True
2026-08-04,UUUUT142601400.U^H26,UUUU,2026-08-14,Put,14.0,1.575,,True
2026-08-04,UUUUT142601450.U^H26,UUUU,2026-08-14,Put,14.5,1.915,,True
2026-08-04,UUUUT142601500.U^H26,UUUU,2026-08-14,Put,15.0,2.305,2.47,True
2026-08-04,UUUUT142601550.U^H26,UUUU,2026-08-14,Put,15.5,2.72,,True
2026-08-04,UUUUT142601600.U^H26,UUUU,2026-08-14,Put,16.0,3.225,3.22,True
2026-08-04,UUUUT142601650.U^H26,UUUU,2026-08-14,Put,16.5,3.775,3.66,True
2026-08-04,UUUUT142601700.U^H26,UUUU,2026-08-14,Put,17.0,4.225,4.22,True
2026-08-04,UUUUT142601750.U^H26,UUUU,2026-08-14,Put,17.5,4.8,,True
2026-08-04,UUUUT142601800.U^H26,UUUU,2026-08-14,Put,18.0,5.325,5.16,True
2026-08-04,UUUUT142601850.U^H26,UUUU,2026-08-14,Put,18.5,5.775,,True
2026-08-04,UUUUT212601050.U^H26,UUUU,2026-08-21,Put,10.5,0.215,0.2,True
2026-08-04,UUUUT212601100.U^H26,UUUU,2026-08-21,Put,11.0,0.29,0.3,True
2026-08-04,UUUUT212601150.U^H26,UUUU,2026-08-21,Put,11.5,0.43,0.42,True
2026-08-04,UUUUT212601200.U^H26,UUUU,2026-08-21,Put,12.0,0.67,0.58,True
2026-08-04,UUUUT212601250.U^H26,UUUU,2026-08-21,Put,12.5,0.845,0.84,True
2026-08-04,UUUUT212601300.U^H26,UUUU,2026-08-21,Put,13.0,1.085,1.03,True
2026-08-04,UUUUT212601350.U^H26,UUUU,2026-08-21,Put,13.5,1.335,1.38,True
2026-08-04,UUUUT212601400.U^H26,UUUU,2026-08-21,Put,14.0,1.73,1.78,True
2026-08-04,UUUUT212601450.U^H26,UUUU,2026-08-21,Put,14.5,2.05,,True
2026-08-04,UUUUT212601500.U^H26,UUUU,2026-08-21,Put,15.0,2.445,2.46,True
2026-08-04,UUUUT212601550.U^H26,UUUU,2026-08-21,Put,15.5,2.78,,True
2026-08-04,UUUUT212601600.U^H26,UUUU,2026-08-21,Put,16.0,3.35,3.34,True
2026-08-04,UUUUT212601650.U^H26,UUUU,2026-08-21,Put,16.5,3.75,,True
2026-08-04,UUUUT212601700.U^H26,UUUU,2026-08-21,Put,17.0,4.225,4.25,True
2026-08-04,UUUUT212601750.U^H26,UUUU,2026-08-21,Put,17.5,,,False
2026-08-04,UUUUT212601800.U^H26,UUUU,2026-08-21,Put,18.0,5.2,,True
2026-08-04,UUUUT212601850.U^H26,UUUU,2026-08-21,Put,18.5,,,False
2026-08-04,UUUUT282601050.U^H26,UUUU,2026-08-28,Put,10.5,0.285,0.28,True
2026-08-04,UUUUT282601100.U^H26,UUUU,2026-08-28,Put,11.0,0.39,0.39,True
2026-08-04,UUUUT282601150.U^H26,UUUU,2026-08-28,Put,11.5,0.605,0.6,True
2026-08-04,UUUUT282601200.U^H26,UUUU,2026-08-28,Put,12.0,0.785,0.81,True
2026-08-04,UUUUT282601250.U^H26,UUUU,2026-08-28,Put,12.5,0.98,0.92,True
2026-08-04,UUUUT282601300.U^H26,UUUU,2026-08-28,Put,13.0,1.265,1.15,True
2026-08-04,UUUUT282601350.U^H26,UUUU,2026-08-28,Put,13.5,1.555,,True
2026-08-04,UUUUT282601400.U^H26,UUUU,2026-08-28,Put,14.0,1.855,,True
2026-08-04,UUUUT282601450.U^H26,UUUU,2026-08-28,Put,14.5,2.155,2.31,True
2026-08-04,UUUUT282601500.U^H26,UUUU,2026-08-28,Put,15.0,2.635,2.74,True
2026-08-04,UUUUT282601550.U^H26,UUUU,2026-08-28,Put,15.5,2.925,3.19,True
2026-08-04,UUUUT282601600.U^H26,UUUU,2026-08-28,Put,16.0,3.375,,True
2026-08-04,UUUUT282601650.U^H26,UUUU,2026-08-28,Put,16.5,3.8,3.81,True
2026-08-04,UUUUT282601700.U^H26,UUUU,2026-08-28,Put,17.0,4.275,4.27,True
2026-08-04,UUUUT282601750.U^H26,UUUU,2026-08-28,Put,17.5,4.725,,True
2026-08-04,UUUUT282601800.U^H26,UUUU,2026-08-28,Put,18.0,5.2,,True
2026-08-04,UUUUT282601850.U^H26,UUUU,2026-08-28,Put,18.5,5.725,,True
2026-08-04,UUUUU042601050.U^I26,UUUU,2026-09-04,Put,10.5,0.37,0.38,True
2026-08-04,UUUUU042601100.U^I26,UUUU,2026-09-04,Put,11.0,0.48,0.47,True
2026-08-04,UUUUU042601150.U^I26,UUUU,2026-09-04,Put,11.5,0.705,0.65,True
2026-08-04,UUUUU042601200.U^I26,UUUU,2026-09-04,Put,12.0,0.9,0.92,True
2026-08-04,UUUUU042601250.U^I26,UUUU,2026-09-04,Put,12.5,1.11,1.16,True
2026-08-04,UUUUU042601300.U^I26,UUUU,2026-09-04,Put,13.0,1.395,1.39,True
2026-08-04,UUUUU042601350.U^I26,UUUU,2026-09-04,Put,13.5,1.7,,True
2026-08-04,UUUUU042601400.U^I26,UUUU,2026-09-04,Put,14.0,2.02,,True
2026-08-04,UUUUU042601450.U^I26,UUUU,2026-09-04,Put,14.5,2.325,2.42,True
2026-08-04,UUUUU042601500.U^I26,UUUU,2026-09-04,Put,15.0,2.73,,True
2026-08-04,UUUUU042601550.U^I26,UUUU,2026-09-04,Put,15.5,3.125,3.27,True
2026-08-04,UUUUU042601600.U^I26,UUUU,2026-09-04,Put,16.0,3.45,,True
2026-08-04,UUUUU042601650.U^I26,UUUU,2026-09-04,Put,16.5,3.9,3.9,True
2026-08-04,UUUUU042601700.U^I26,UUUU,2026-09-04,Put,17.0,4.35,4.35,True
2026-08-04,UUUUU042601750.U^I26,UUUU,2026-09-04,Put,17.5,4.825,,True
2026-08-04,UUUUU042601800.U^I26,UUUU,2026-09-04,Put,18.0,5.25,5.39,True
2026-08-04,UUUUU042601850.U^I26,UUUU,2026-09-04,Put,18.5,,,False
2026-08-05,UUUUH072601050.U^H26,UUUU,2026-08-07,Call,10.5,2.075,2.27,True
2026-08-05,UUUUH072601100.U^H26,UUUU,2026-08-07,Call,11.0,1.625,1.89,True
2026-08-05,UUUUH072601150.U^H26,UUUU,2026-08-07,Call,11.5,1.19,1.33,True
2026-08-05,UUUUH072601200.U^H26,UUUU,2026-08-07,Call,12.0,0.675,0.7,True
2026-08-05,UUUUH072601250.U^H26,UUUU,2026-08-07,Call,12.5,0.47,0.43,True
2026-08-05,UUUUH072601300.U^H26,UUUU,2026-08-07,Call,13.0,0.26,0.25,True
2026-08-05,UUUUH072601350.U^H26,UUUU,2026-08-07,Call,13.5,0.14,0.16,True
2026-08-05,UUUUH072601400.U^H26,UUUU,2026-08-07,Call,14.0,0.08,0.08,True
2026-08-05,UUUUH072601450.U^H26,UUUU,2026-08-07,Call,14.5,0.045,0.03,True
2026-08-05,UUUUH072601500.U^H26,UUUU,2026-08-07,Call,15.0,0.025,0.04,True
2026-08-05,UUUUH072601550.U^H26,UUUU,2026-08-07,Call,15.5,0.07,0.02,True
2026-08-05,UUUUH072601600.U^H26,UUUU,2026-08-07,Call,16.0,,0.02,True
2026-08-05,UUUUH072601650.U^H26,UUUU,2026-08-07,Call,16.5,0.03,0.09,True
2026-08-05,UUUUH072601700.U^H26,UUUU,2026-08-07,Call,17.0,,0.01,True
2026-08-05,UUUUH072601750.U^H26,UUUU,2026-08-07,Call,17.5,,0.01,True
2026-08-05,UUUUH072601800.U^H26,UUUU,2026-08-07,Call,18.0,,,True
2026-08-05,UUUUH072601850.U^H26,UUUU,2026-08-07,Call,18.5,,0.02,True
2026-08-05,UUUUH142601050.U^H26,UUUU,2026-08-14,Call,10.5,2.195,,True
2026-08-05,UUUUH142601100.U^H26,UUUU,2026-08-14,Call,11.0,1.73,1.91,True
2026-08-05,UUUUH142601150.U^H26,UUUU,2026-08-14,Call,11.5,1.325,1.44,True
2026-08-05,UUUUH142601200.U^H26,UUUU,2026-08-14,Call,12.0,1.01,1.19,True
2026-08-05,UUUUH142601250.U^H26,UUUU,2026-08-14,Call,12.5,0.71,0.71,True
2026-08-05,UUUUH142601300.U^H26,UUUU,2026-08-14,Call,13.0,0.53,0.52,True
2026-08-05,UUUUH142601350.U^H26,UUUU,2026-08-14,Call,13.5,0.345,0.47,True
2026-08-05,UUUUH142601400.U^H26,UUUU,2026-08-14,Call,14.0,0.25,0.3,True
2026-08-05,UUUUH142601450.U^H26,UUUU,2026-08-14,Call,14.5,0.155,0.2,True
2026-08-05,UUUUH142601500.U^H26,UUUU,2026-08-14,Call,15.0,0.135,0.15,True
2026-08-05,UUUUH142601550.U^H26,UUUU,2026-08-14,Call,15.5,0.09,0.12,True
2026-08-05,UUUUH142601600.U^H26,UUUU,2026-08-14,Call,16.0,0.065,0.07,True
2026-08-05,UUUUH142601650.U^H26,UUUU,2026-08-14,Call,16.5,,0.08,True
2026-08-05,UUUUH142601700.U^H26,UUUU,2026-08-14,Call,17.0,,,True
2026-08-05,UUUUH142601750.U^H26,UUUU,2026-08-14,Call,17.5,,,True
2026-08-05,UUUUH142601800.U^H26,UUUU,2026-08-14,Call,18.0,,0.02,True
2026-08-05,UUUUH142601850.U^H26,UUUU,2026-08-14,Call,18.5,,0.1,True
2026-08-05,UUUUH212601050.U^H26,UUUU,2026-08-21,Call,10.5,2.295,,True
2026-08-05,UUUUH212601100.U^H26,UUUU,2026-08-21,Call,11.0,1.91,2.03,True
2026-08-05,UUUUH212601150.U^H26,UUUU,2026-08-21,Call,11.5,1.505,1.8,True
2026-08-05,UUUUH212601200.U^H26,UUUU,2026-08-21,Call,12.0,1.18,1.2,True
2026-08-05,UUUUH212601250.U^H26,UUUU,2026-08-21,Call,12.5,0.925,1.05,True
2026-08-05,UUUUH212601300.U^H26,UUUU,2026-08-21,Call,13.0,0.725,0.83,True
2026-08-05,UUUUH212601350.U^H26,UUUU,2026-08-21,Call,13.5,0.535,0.6,True
2026-08-05,UUUUH212601400.U^H26,UUUU,2026-08-21,Call,14.0,0.425,0.45,True
2026-08-05,UUUUH212601450.U^H26,UUUU,2026-08-21,Call,14.5,0.34,0.4,True
2026-08-05,UUUUH212601500.U^H26,UUUU,2026-08-21,Call,15.0,0.22,0.25,True
2026-08-05,UUUUH212601550.U^H26,UUUU,2026-08-21,Call,15.5,0.195,0.25,True
2026-08-05,UUUUH212601600.U^H26,UUUU,2026-08-21,Call,16.0,0.145,0.15,True
2026-08-05,UUUUH212601650.U^H26,UUUU,2026-08-21,Call,16.5,0.12,0.1,True
2026-08-05,UUUUH212601700.U^H26,UUUU,2026-08-21,Call,17.0,0.085,0.13,True
2026-08-05,UUUUH212601750.U^H26,UUUU,2026-08-21,Call,17.5,,,False
2026-08-05,UUUUH212601800.U^H26,UUUU,2026-08-21,Call,18.0,0.075,0.06,True
2026-08-05,UUUUH212601850.U^H26,UUUU,2026-08-21,Call,18.5,,,False
2026-08-05,UUUUH282601050.U^H26,UUUU,2026-08-28,Call,10.5,2.34,,True
2026-08-05,UUUUH282601100.U^H26,UUUU,2026-08-28,Call,11.0,1.975,2.15,True
2026-08-05,UUUUH282601150.U^H26,UUUU,2026-08-28,Call,11.5,1.67,2.0,True
2026-08-05,UUUUH282601200.U^H26,UUUU,2026-08-28,Call,12.0,1.325,1.32,True
2026-08-05,UUUUH282601250.U^H26,UUUU,2026-08-28,Call,12.5,1.135,1.21,True
2026-08-05,UUUUH282601300.U^H26,UUUU,2026-08-28,Call,13.0,0.89,1.0,True
2026-08-05,UUUUH282601350.U^H26,UUUU,2026-08-28,Call,13.5,0.745,0.75,True
2026-08-05,UUUUH282601400.U^H26,UUUU,2026-08-28,Call,14.0,0.595,0.65,True
2026-08-05,UUUUH282601450.U^H26,UUUU,2026-08-28,Call,14.5,0.475,0.53,True
2026-08-05,UUUUH282601500.U^H26,UUUU,2026-08-28,Call,15.0,0.35,0.43,True
2026-08-05,UUUUH282601550.U^H26,UUUU,2026-08-28,Call,15.5,0.285,0.43,True
2026-08-05,UUUUH282601600.U^H26,UUUU,2026-08-28,Call,16.0,0.225,0.29,True
2026-08-05,UUUUH282601650.U^H26,UUUU,2026-08-28,Call,16.5,0.175,,True
2026-08-05,UUUUH282601700.U^H26,UUUU,2026-08-28,Call,17.0,0.135,0.21,True
2026-08-05,UUUUH282601750.U^H26,UUUU,2026-08-28,Call,17.5,0.12,0.1,True
2026-08-05,UUUUH282601800.U^H26,UUUU,2026-08-28,Call,18.0,0.115,,True
2026-08-05,UUUUH282601850.U^H26,UUUU,2026-08-28,Call,18.5,0.095,,True
2026-08-05,UUUUI042601050.U^I26,UUUU,2026-09-04,Call,10.5,2.46,,True
2026-08-05,UUUUI042601100.U^I26,UUUU,2026-09-04,Call,11.0,2.105,2.23,True
2026-08-05,UUUUI042601150.U^I26,UUUU,2026-09-04,Call,11.5,1.84,,True
2026-08-05,UUUUI042601200.U^I26,UUUU,2026-09-04,Call,12.0,1.53,1.76,True
2026-08-05,UUUUI042601250.U^I26,UUUU,2026-09-04,Call,12.5,1.295,1.36,True
2026-08-05,UUUUI042601300.U^I26,UUUU,2026-09-04,Call,13.0,1.035,1.08,True
2026-08-05,UUUUI042601350.U^I26,UUUU,2026-09-04,Call,13.5,0.88,0.95,True
2026-08-05,UUUUI042601400.U^I26,UUUU,2026-09-04,Call,14.0,0.745,0.86,True
2026-08-05,UUUUI042601450.U^I26,UUUU,2026-09-04,Call,14.5,0.615,0.69,True
2026-08-05,UUUUI042601500.U^I26,UUUU,2026-09-04,Call,15.0,0.465,0.48,True
2026-08-05,UUUUI042601550.U^I26,UUUU,2026-09-04,Call,15.5,0.38,0.51,True
2026-08-05,UUUUI042601600.U^I26,UUUU,2026-09-04,Call,16.0,0.285,,True
2026-08-05,UUUUI042601650.U^I26,UUUU,2026-09-04,Call,16.5,0.235,0.33,True
2026-08-05,UUUUI042601700.U^I26,UUUU,2026-09-04,Call,17.0,0.245,0.29,True
2026-08-05,UUUUI042601750.U^I26,UUUU,2026-09-04,Call,17.5,0.255,,True
2026-08-05,UUUUI042601800.U^I26,UUUU,2026-09-04,Call,18.0,0.15,0.18,True
2026-08-05,UUUUI042601850.U^I26,UUUU,2026-09-04,Call,18.5,,,False
2026-08-05,UUUUT072601050.U^H26,UUUU,2026-08-07,Put,10.5,0.025,0.04,True
2026-08-05,UUUUT072601100.U^H26,UUUU,2026-08-07,Put,11.0,0.07,0.06,True
2026-08-05,UUUUT072601150.U^H26,UUUU,2026-08-07,Put,11.5,0.14,0.16,True
2026-08-05,UUUUT072601200.U^H26,UUUU,2026-08-07,Put,12.0,0.28,0.28,True
2026-08-05,UUUUT072601250.U^H26,UUUU,2026-08-07,Put,12.5,0.51,0.53,True
2026-08-05,UUUUT072601300.U^H26,UUUU,2026-08-07,Put,13.0,0.8,0.78,True
2026-08-05,UUUUT072601350.U^H26,UUUU,2026-08-07,Put,13.5,1.205,1.14,True
2026-08-05,UUUUT072601400.U^H26,UUUU,2026-08-07,Put,14.0,1.505,1.3,True
2026-08-05,UUUUT072601450.U^H26,UUUU,2026-08-07,Put,14.5,2.16,2.16,True
2026-08-05,UUUUT072601500.U^H26,UUUU,2026-08-07,Put,15.0,2.5,2.13,True
2026-08-05,UUUUT072601550.U^H26,UUUU,2026-08-07,Put,15.5,3.0,,True
2026-08-05,UUUUT072601600.U^H26,UUUU,2026-08-07,Put,16.0,3.525,3.32,True
2026-08-05,UUUUT072601650.U^H26,UUUU,2026-08-07,Put,16.5,4.05,3.6,True
2026-08-05,UUUUT072601700.U^H26,UUUU,2026-08-07,Put,17.0,4.475,4.15,True
2026-08-05,UUUUT072601750.U^H26,UUUU,2026-08-07,Put,17.5,5.15,4.6,True
2026-08-05,UUUUT072601800.U^H26,UUUU,2026-08-07,Put,18.0,5.475,4.96,True
2026-08-05,UUUUT072601850.U^H26,UUUU,2026-08-07,Put,18.5,5.925,,True
2026-08-05,UUUUT142601050.U^H26,UUUU,2026-08-14,Put,10.5,0.08,0.11,True
2026-08-05,UUUUT142601100.U^H26,UUUU,2026-08-14,Put,11.0,0.21,0.21,True
2026-08-05,UUUUT142601150.U^H26,UUUU,2026-08-14,Put,11.5,0.34,0.35,True
2026-08-05,UUUUT142601200.U^H26,UUUU,2026-08-14,Put,12.0,0.51,0.46,True
2026-08-05,UUUUT142601250.U^H26,UUUU,2026-08-14,Put,12.5,0.78,0.71,True
2026-08-05,UUUUT142601300.U^H26,UUUU,2026-08-14,Put,13.0,1.08,1.06,True
2026-08-05,UUUUT142601350.U^H26,UUUU,2026-08-14,Put,13.5,1.4,,True
2026-08-05,UUUUT142601400.U^H26,UUUU,2026-08-14,Put,14.0,1.8,,True
2026-08-05,UUUUT142601450.U^H26,UUUU,2026-08-14,Put,14.5,2.155,1.89,True
2026-08-05,UUUUT142601500.U^H26,UUUU,2026-08-14,Put,15.0,2.575,,True
2026-08-05,UUUUT142601550.U^H26,UUUU,2026-08-14,Put,15.5,3.035,,True
2026-08-05,UUUUT142601600.U^H26,UUUU,2026-08-14,Put,16.0,3.575,3.33,True
2026-08-05,UUUUT142601650.U^H26,UUUU,2026-08-14,Put,16.5,4.15,,True
2026-08-05,UUUUT142601700.U^H26,UUUU,2026-08-14,Put,17.0,4.65,,True
2026-08-05,UUUUT142601750.U^H26,UUUU,2026-08-14,Put,17.5,5.025,,True
2026-08-05,UUUUT142601800.U^H26,UUUU,2026-08-14,Put,18.0,5.75,,True
2026-08-05,UUUUT142601850.U^H26,UUUU,2026-08-14,Put,18.5,6.175,,True
2026-08-05,UUUUT212601050.U^H26,UUUU,2026-08-21,Put,10.5,0.25,0.22,True
2026-08-05,UUUUT212601100.U^H26,UUUU,2026-08-21,Put,11.0,0.37,0.35,True
2026-08-05,UUUUT212601150.U^H26,UUUU,2026-08-21,Put,11.5,0.54,0.47,True
2026-08-05,UUUUT212601200.U^H26,UUUU,2026-08-21,Put,12.0,0.725,0.76,True
2026-08-05,UUUUT212601250.U^H26,UUUU,2026-08-21,Put,12.5,0.935,0.9,True
2026-08-05,UUUUT212601300.U^H26,UUUU,2026-08-21,Put,13.0,1.22,1.2,True
2026-08-05,UUUUT212601350.U^H26,UUUU,2026-08-21,Put,13.5,1.57,1.4,True
2026-08-05,UUUUT212601400.U^H26,UUUU,2026-08-21,Put,14.0,1.925,1.75,True
2026-08-05,UUUUT212601450.U^H26,UUUU,2026-08-21,Put,14.5,2.32,,True
2026-08-05,UUUUT212601500.U^H26,UUUU,2026-08-21,Put,15.0,2.765,2.55,True
2026-08-05,UUUUT212601550.U^H26,UUUU,2026-08-21,Put,15.5,3.14,,True
2026-08-05,UUUUT212601600.U^H26,UUUU,2026-08-21,Put,16.0,3.55,3.43,True
2026-08-05,UUUUT212601650.U^H26,UUUU,2026-08-21,Put,16.5,4.1,3.9,True
2026-08-05,UUUUT212601700.U^H26,UUUU,2026-08-21,Put,17.0,4.45,,True
2026-08-05,UUUUT212601750.U^H26,UUUU,2026-08-21,Put,17.5,,,False
2026-08-05,UUUUT212601800.U^H26,UUUU,2026-08-21,Put,18.0,5.6,5.25,True
2026-08-05,UUUUT212601850.U^H26,UUUU,2026-08-21,Put,18.5,,,False
2026-08-05,UUUUT282601050.U^H26,UUUU,2026-08-28,Put,10.5,0.29,0.3,True
2026-08-05,UUUUT282601100.U^H26,UUUU,2026-08-28,Put,11.0,0.495,0.45,True
2026-08-05,UUUUT282601150.U^H26,UUUU,2026-08-28,Put,11.5,0.64,0.6,True
2026-08-05,UUUUT282601200.U^H26,UUUU,2026-08-28,Put,12.0,0.825,0.78,True
2026-08-05,UUUUT282601250.U^H26,UUUU,2026-08-28,Put,12.5,1.09,1.01,True
2026-08-05,UUUUT282601300.U^H26,UUUU,2026-08-28,Put,13.0,1.375,,True
2026-08-05,UUUUT282601350.U^H26,UUUU,2026-08-28,Put,13.5,1.705,,True
2026-08-05,UUUUT282601400.U^H26,UUUU,2026-08-28,Put,14.0,2.06,1.72,True
2026-08-05,UUUUT282601450.U^H26,UUUU,2026-08-28,Put,14.5,2.44,,True
2026-08-05,UUUUT282601500.U^H26,UUUU,2026-08-28,Put,15.0,2.93,,True
2026-08-05,UUUUT282601550.U^H26,UUUU,2026-08-28,Put,15.5,3.22,,True
2026-08-05,UUUUT282601600.U^H26,UUUU,2026-08-28,Put,16.0,3.625,3.51,True
2026-08-05,UUUUT282601650.U^H26,UUUU,2026-08-28,Put,16.5,4.15,4.03,True
2026-08-05,UUUUT282601700.U^H26,UUUU,2026-08-28,Put,17.0,4.6,,True
2026-08-05,UUUUT282601750.U^H26,UUUU,2026-08-28,Put,17.5,5.175,4.78,True
2026-08-05,UUUUT282601800.U^H26,UUUU,2026-08-28,Put,18.0,5.6,5.27,True
2026-08-05,UUUUT282601850.U^H26,UUUU,2026-08-28,Put,18.5,5.925,,True
2026-08-05,UUUUU042601050.U^I26,UUUU,2026-09-04,Put,10.5,0.42,0.41,True
2026-08-05,UUUUU042601100.U^I26,UUUU,2026-09-04,Put,11.0,0.61,0.52,True
2026-08-05,UUUUU042601150.U^I26,UUUU,2026-09-04,Put,11.5,0.78,0.82,True
2026-08-05,UUUUU042601200.U^I26,UUUU,2026-09-04,Put,12.0,1.015,0.96,True
2026-08-05,UUUUU042601250.U^I26,UUUU,2026-09-04,Put,12.5,1.285,,True
2026-08-05,UUUUU042601300.U^I26,UUUU,2026-09-04,Put,13.0,1.58,1.48,True
2026-08-05,UUUUU042601350.U^I26,UUUU,2026-09-04,Put,13.5,1.905,1.78,True
2026-08-05,UUUUU042601400.U^I26,UUUU,2026-09-04,Put,14.0,2.235,2.2,True
2026-08-05,UUUUU042601450.U^I26,UUUU,2026-09-04,Put,14.5,2.545,,True
2026-08-05,UUUUU042601500.U^I26,UUUU,2026-09-04,Put,15.0,2.965,,True
2026-08-05,UUUUU042601550.U^I26,UUUU,2026-09-04,Put,15.5,3.3,,True
2026-08-05,UUUUU042601600.U^I26,UUUU,2026-09-04,Put,16.0,3.75,,True
2026-08-05,UUUUU042601650.U^I26,UUUU,2026-09-04,Put,16.5,4.225,4.1,True
2026-08-05,UUUUU042601700.U^I26,UUUU,2026-09-04,Put,17.0,4.6,,True
2026-08-05,UUUUU042601750.U^I26,UUUU,2026-09-04,Put,17.5,5.075,,True
2026-08-05,UUUUU042601800.U^I26,UUUU,2026-09-04,Put,18.0,5.6,5.34,True
2026-08-05,UUUUU042601850.U^I26,UUUU,2026-09-04,Put,18.5,,,False
2026-08-06,UUUUH072601050.U^H26,UUUU,2026-08-07,Call,10.5,2.315,2.32,True
2026-08-06,UUUUH072601100.U^H26,UUUU,2026-08-07,Call,11.0,1.79,1.83,True
2026-08-06,UUUUH072601150.U^H26,UUUU,2026-08-07,Call,11.5,1.38,1.4,True
2026-08-06,UUUUH072601200.U^H26,UUUU,2026-08-07,Call,12.0,0.875,0.85,True
2026-08-06,UUUUH072601250.U^H26,UUUU,2026-08-07,Call,12.5,0.495,0.46,True
2026-08-06,UUUUH072601300.U^H26,UUUU,2026-08-07,Call,13.0,0.23,0.2,True
2026-08-06,UUUUH072601350.U^H26,UUUU,2026-08-07,Call,13.5,0.085,0.07,True
2026-08-06,UUUUH072601400.U^H26,UUUU,2026-08-07,Call,14.0,0.035,0.03,True
2026-08-06,UUUUH072601450.U^H26,UUUU,2026-08-07,Call,14.5,,0.01,True
2026-08-06,UUUUH072601500.U^H26,UUUU,2026-08-07,Call,15.0,,0.02,True
2026-08-06,UUUUH072601550.U^H26,UUUU,2026-08-07,Call,15.5,,0.02,True
2026-08-06,UUUUH072601600.U^H26,UUUU,2026-08-07,Call,16.0,,0.01,True
2026-08-06,UUUUH072601650.U^H26,UUUU,2026-08-07,Call,16.5,,0.01,True
2026-08-06,UUUUH072601700.U^H26,UUUU,2026-08-07,Call,17.0,,0.01,True
2026-08-06,UUUUH072601750.U^H26,UUUU,2026-08-07,Call,17.5,,,True
2026-08-06,UUUUH072601800.U^H26,UUUU,2026-08-07,Call,18.0,,,True
2026-08-06,UUUUH072601850.U^H26,UUUU,2026-08-07,Call,18.5,,,True
2026-08-06,UUUUH142601050.U^H26,UUUU,2026-08-14,Call,10.5,2.255,,True
2026-08-06,UUUUH142601100.U^H26,UUUU,2026-08-14,Call,11.0,1.91,1.93,True
2026-08-06,UUUUH142601150.U^H26,UUUU,2026-08-14,Call,11.5,1.505,1.66,True
2026-08-06,UUUUH142601200.U^H26,UUUU,2026-08-14,Call,12.0,1.12,1.09,True
2026-08-06,UUUUH142601250.U^H26,UUUU,2026-08-14,Call,12.5,0.83,0.75,True
2026-08-06,UUUUH142601300.U^H26,UUUU,2026-08-14,Call,13.0,0.585,0.58,True
2026-08-06,UUUUH142601350.U^H26,UUUU,2026-08-14,Call,13.5,0.405,0.4,True
2026-08-06,UUUUH142601400.U^H26,UUUU,2026-08-14,Call,14.0,0.255,0.25,True
2026-08-06,UUUUH142601450.U^H26,UUUU,2026-08-14,Call,14.5,0.14,0.14,True
2026-08-06,UUUUH142601500.U^H26,UUUU,2026-08-14,Call,15.0,0.095,0.09,True
2026-08-06,UUUUH142601550.U^H26,UUUU,2026-08-14,Call,15.5,0.05,0.01,True
2026-08-06,UUUUH142601600.U^H26,UUUU,2026-08-14,Call,16.0,0.04,0.04,True
2026-08-06,UUUUH142601650.U^H26,UUUU,2026-08-14,Call,16.5,,0.04,True
2026-08-06,UUUUH142601700.U^H26,UUUU,2026-08-14,Call,17.0,,,True
2026-08-06,UUUUH142601750.U^H26,UUUU,2026-08-14,Call,17.5,,,True
2026-08-06,UUUUH142601800.U^H26,UUUU,2026-08-14,Call,18.0,,,True
2026-08-06,UUUUH142601850.U^H26,UUUU,2026-08-14,Call,18.5,,,True
2026-08-06,UUUUH212601050.U^H26,UUUU,2026-08-21,Call,10.5,2.455,2.43,True
2026-08-06,UUUUH212601100.U^H26,UUUU,2026-08-21,Call,11.0,2.055,2.06,True
2026-08-06,UUUUH212601150.U^H26,UUUU,2026-08-21,Call,11.5,1.73,1.77,True
2026-08-06,UUUUH212601200.U^H26,UUUU,2026-08-21,Call,12.0,1.33,1.3,True
2026-08-06,UUUUH212601250.U^H26,UUUU,2026-08-21,Call,12.5,1.015,0.98,True
2026-08-06,UUUUH212601300.U^H26,UUUU,2026-08-21,Call,13.0,0.795,0.81,True
2026-08-06,UUUUH212601350.U^H26,UUUU,2026-08-21,Call,13.5,0.575,0.58,True
2026-08-06,UUUUH212601400.U^H26,UUUU,2026-08-21,Call,14.0,0.43,0.4,True
2026-08-06,UUUUH212601450.U^H26,UUUU,2026-08-21,Call,14.5,0.305,0.35,True
2026-08-06,UUUUH212601500.U^H26,UUUU,2026-08-21,Call,15.0,0.245,0.24,True
2026-08-06,UUUUH212601550.U^H26,UUUU,2026-08-21,Call,15.5,0.165,0.16,True
2026-08-06,UUUUH212601600.U^H26,UUUU,2026-08-21,Call,16.0,0.125,0.12,True
2026-08-06,UUUUH212601650.U^H26,UUUU,2026-08-21,Call,16.5,0.1,0.08,True
2026-08-06,UUUUH212601700.U^H26,UUUU,2026-08-21,Call,17.0,0.065,,True
2026-08-06,UUUUH212601750.U^H26,UUUU,2026-08-21,Call,17.5,,,False
2026-08-06,UUUUH212601800.U^H26,UUUU,2026-08-21,Call,18.0,0.045,0.04,True
2026-08-06,UUUUH212601850.U^H26,UUUU,2026-08-21,Call,18.5,,,False
2026-08-06,UUUUH282601050.U^H26,UUUU,2026-08-28,Call,10.5,2.46,,True
2026-08-06,UUUUH282601100.U^H26,UUUU,2026-08-28,Call,11.0,2.2,2.1,True
2026-08-06,UUUUH282601150.U^H26,UUUU,2026-08-28,Call,11.5,1.88,1.8,True
2026-08-06,UUUUH282601200.U^H26,UUUU,2026-08-28,Call,12.0,1.48,,True
2026-08-06,UUUUH282601250.U^H26,UUUU,2026-08-28,Call,12.5,1.185,1.16,True
2026-08-06,UUUUH282601300.U^H26,UUUU,2026-08-28,Call,13.0,0.965,0.97,True
2026-08-06,UUUUH282601350.U^H26,UUUU,2026-08-28,Call,13.5,0.77,0.79,True
2026-08-06,UUUUH282601400.U^H26,UUUU,2026-08-28,Call,14.0,0.6,0.59,True
2026-08-06,UUUUH282601450.U^H26,UUUU,2026-08-28,Call,14.5,0.46,0.45,True
2026-08-06,UUUUH282601500.U^H26,UUUU,2026-08-28,Call,15.0,0.36,0.36,True
2026-08-06,UUUUH282601550.U^H26,UUUU,2026-08-28,Call,15.5,0.29,0.27,True
2026-08-06,UUUUH282601600.U^H26,UUUU,2026-08-28,Call,16.0,0.195,0.21,True
2026-08-06,UUUUH282601650.U^H26,UUUU,2026-08-28,Call,16.5,0.19,,True
2026-08-06,UUUUH282601700.U^H26,UUUU,2026-08-28,Call,17.0,0.15,0.14,True
2026-08-06,UUUUH282601750.U^H26,UUUU,2026-08-28,Call,17.5,0.085,,True
2026-08-06,UUUUH282601800.U^H26,UUUU,2026-08-28,Call,18.0,0.105,,True
2026-08-06,UUUUH282601850.U^H26,UUUU,2026-08-28,Call,18.5,0.08,0.06,True
2026-08-06,UUUUI042601050.U^I26,UUUU,2026-09-04,Call,10.5,2.595,,True
2026-08-06,UUUUI042601100.U^I26,UUUU,2026-09-04,Call,11.0,2.265,2.0,True
2026-08-06,UUUUI042601150.U^I26,UUUU,2026-09-04,Call,11.5,1.835,,True
2026-08-06,UUUUI042601200.U^I26,UUUU,2026-09-04,Call,12.0,1.64,,True
2026-08-06,UUUUI042601250.U^I26,UUUU,2026-09-04,Call,12.5,1.435,1.38,True
2026-08-06,UUUUI042601300.U^I26,UUUU,2026-09-04,Call,13.0,1.19,1.05,True
2026-08-06,UUUUI042601350.U^I26,UUUU,2026-09-04,Call,13.5,0.985,,True
2026-08-06,UUUUI042601400.U^I26,UUUU,2026-09-04,Call,14.0,0.76,0.75,True
2026-08-06,UUUUI042601450.U^I26,UUUU,2026-09-04,Call,14.5,0.64,,True
2026-08-06,UUUUI042601500.U^I26,UUUU,2026-09-04,Call,15.0,0.49,0.48,True
2026-08-06,UUUUI042601550.U^I26,UUUU,2026-09-04,Call,15.5,0.415,0.42,True
2026-08-06,UUUUI042601600.U^I26,UUUU,2026-09-04,Call,16.0,0.335,0.32,True
2026-08-06,UUUUI042601650.U^I26,UUUU,2026-09-04,Call,16.5,0.185,0.27,True
2026-08-06,UUUUI042601700.U^I26,UUUU,2026-09-04,Call,17.0,0.22,0.2,True
2026-08-06,UUUUI042601750.U^I26,UUUU,2026-09-04,Call,17.5,0.205,0.17,True
2026-08-06,UUUUI042601800.U^I26,UUUU,2026-09-04,Call,18.0,0.145,0.14,True
2026-08-06,UUUUI042601850.U^I26,UUUU,2026-09-04,Call,18.5,,,False
2026-08-06,UUUUT072601050.U^H26,UUUU,2026-08-07,Put,10.5,,0.01,True
2026-08-06,UUUUT072601100.U^H26,UUUU,2026-08-07,Put,11.0,,0.03,True
2026-08-06,UUUUT072601150.U^H26,UUUU,2026-08-07,Put,11.5,0.055,0.05,True
2026-08-06,UUUUT072601200.U^H26,UUUU,2026-08-07,Put,12.0,0.08,0.09,True
2026-08-06,UUUUT072601250.U^H26,UUUU,2026-08-07,Put,12.5,0.125,0.15,True
2026-08-06,UUUUT072601300.U^H26,UUUU,2026-08-07,Put,13.0,0.31,0.37,True
2026-08-06,UUUUT072601350.U^H26,UUUU,2026-08-07,Put,13.5,0.805,0.83,True
2026-08-06,UUUUT072601400.U^H26,UUUU,2026-08-07,Put,14.0,1.225,1.23,True
2026-08-06,UUUUT072601450.U^H26,UUUU,2026-08-07,Put,14.5,1.73,1.76,True
2026-08-06,UUUUT072601500.U^H26,UUUU,2026-08-07,Put,15.0,2.21,2.23,True
2026-08-06,UUUUT072601550.U^H26,UUUU,2026-08-07,Put,15.5,2.71,,True
2026-08-06,UUUUT072601600.U^H26,UUUU,2026-08-07,Put,16.0,3.175,3.21,True
2026-08-06,UUUUT072601650.U^H26,UUUU,2026-08-07,Put,16.5,3.75,3.68,True
2026-08-06,UUUUT072601700.U^H26,UUUU,2026-08-07,Put,17.0,4.15,4.1,True
2026-08-06,UUUUT072601750.U^H26,UUUU,2026-08-07,Put,17.5,4.625,4.7,True
2026-08-06,UUUUT072601800.U^H26,UUUU,2026-08-07,Put,18.0,5.125,5.26,True
2026-08-06,UUUUT072601850.U^H26,UUUU,2026-08-07,Put,18.5,5.675,5.7,True
2026-08-06,UUUUT142601050.U^H26,UUUU,2026-08-14,Put,10.5,0.075,0.06,True
2026-08-06,UUUUT142601100.U^H26,UUUU,2026-08-14,Put,11.0,0.1,0.1,True
2026-08-06,UUUUT142601150.U^H26,UUUU,2026-08-14,Put,11.5,0.15,0.16,True
2026-08-06,UUUUT142601200.U^H26,UUUU,2026-08-14,Put,12.0,0.27,0.28,True
2026-08-06,UUUUT142601250.U^H26,UUUU,2026-08-14,Put,12.5,0.44,0.43,True
2026-08-06,UUUUT142601300.U^H26,UUUU,2026-08-14,Put,13.0,0.71,0.71,True
2026-08-06,UUUUT142601350.U^H26,UUUU,2026-08-14,Put,13.5,0.98,,True
2026-08-06,UUUUT142601400.U^H26,UUUU,2026-08-14,Put,14.0,1.33,1.41,True
2026-08-06,UUUUT142601450.U^H26,UUUU,2026-08-14,Put,14.5,1.8,1.85,True
2026-08-06,UUUUT142601500.U^H26,UUUU,2026-08-14,Put,15.0,2.405,2.41,True
2026-08-06,UUUUT142601550.U^H26,UUUU,2026-08-14,Put,15.5,2.85,2.66,True
2026-08-06,UUUUT142601600.U^H26,UUUU,2026-08-14,Put,16.0,3.225,,True
2026-08-06,UUUUT142601650.U^H26,UUUU,2026-08-14,Put,16.5,3.65,,True
2026-08-06,UUUUT142601700.U^H26,UUUU,2026-08-14,Put,17.0,4.2,4.1,True
2026-08-06,UUUUT142601750.U^H26,UUUU,2026-08-14,Put,17.5,4.9,,True
2026-08-06,UUUUT142601800.U^H26,UUUU,2026-08-14,Put,18.0,5.475,,True
2026-08-06,UUUUT142601850.U^H26,UUUU,2026-08-14,Put,18.5,6.05,,True
2026-08-06,UUUUT212601050.U^H26,UUUU,2026-08-21,Put,10.5,0.135,0.2,True
2026-08-06,UUUUT212601100.U^H26,UUUU,2026-08-21,Put,11.0,0.195,0.19,True
2026-08-06,UUUUT212601150.U^H26,UUUU,2026-08-21,Put,11.5,0.31,0.34,True
2026-08-06,UUUUT212601200.U^H26,UUUU,2026-08-21,Put,12.0,0.44,0.44,True
2026-08-06,UUUUT212601250.U^H26,UUUU,2026-08-21,Put,12.5,0.67,0.67,True
2026-08-06,UUUUT212601300.U^H26,UUUU,2026-08-21,Put,13.0,0.875,0.9,True
2026-08-06,UUUUT212601350.U^H26,UUUU,2026-08-21,Put,13.5,1.245,1.33,True
2026-08-06,UUUUT212601400.U^H26,UUUU,2026-08-21,Put,14.0,1.56,1.58,True
2026-08-06,UUUUT212601450.U^H26,UUUU,2026-08-21,Put,14.5,1.96,2.0,True
2026-08-06,UUUUT212601500.U^H26,UUUU,2026-08-21,Put,15.0,2.545,,True
2026-08-06,UUUUT212601550.U^H26,UUUU,2026-08-21,Put,15.5,3.02,,True
2026-08-06,UUUUT212601600.U^H26,UUUU,2026-08-21,Put,16.0,3.375,,True
2026-08-06,UUUUT212601650.U^H26,UUUU,2026-08-21,Put,16.5,3.7,3.73,True
2026-08-06,UUUUT212601700.U^H26,UUUU,2026-08-21,Put,17.0,4.25,4.25,True
2026-08-06,UUUUT212601750.U^H26,UUUU,2026-08-21,Put,17.5,,,False
2026-08-06,UUUUT212601800.U^H26,UUUU,2026-08-21,Put,18.0,5.4,,True
2026-08-06,UUUUT212601850.U^H26,UUUU,2026-08-21,Put,18.5,,,False
2026-08-06,UUUUT282601050.U^H26,UUUU,2026-08-28,Put,10.5,0.205,0.2,True
2026-08-06,UUUUT282601100.U^H26,UUUU,2026-08-28,Put,11.0,0.29,0.31,True
2026-08-06,UUUUT282601150.U^H26,UUUU,2026-08-28,Put,11.5,0.39,0.42,True
2026-08-06,UUUUT282601200.U^H26,UUUU,2026-08-28,Put,12.0,0.61,0.61,True
2026-08-06,UUUUT282601250.U^H26,UUUU,2026-08-28,Put,12.5,0.75,0.9,True
2026-08-06,UUUUT282601300.U^H26,UUUU,2026-08-28,Put,13.0,1.09,1.15,True
2026-08-06,UUUUT282601350.U^H26,UUUU,2026-08-28,Put,13.5,1.39,,True
2026-08-06,UUUUT282601400.U^H26,UUUU,2026-08-28,Put,14.0,1.71,1.77,True
2026-08-06,UUUUT282601450.U^H26,UUUU,2026-08-28,Put,14.5,2.05,,True
2026-08-06,UUUUT282601500.U^H26,UUUU,2026-08-28,Put,15.0,2.45,,True
2026-08-06,UUUUT282601550.U^H26,UUUU,2026-08-28,Put,15.5,3.03,,True
2026-08-06,UUUUT282601600.U^H26,UUUU,2026-08-28,Put,16.0,3.55,,True
2026-08-06,UUUUT282601650.U^H26,UUUU,2026-08-28,Put,16.5,3.8,3.79,True
2026-08-06,UUUUT282601700.U^H26,UUUU,2026-08-28,Put,17.0,4.325,4.35,True
2026-08-06,UUUUT282601750.U^H26,UUUU,2026-08-28,Put,17.5,4.95,4.95,True
2026-08-06,UUUUT282601800.U^H26,UUUU,2026-08-28,Put,18.0,5.225,5.22,True
2026-08-06,UUUUT282601850.U^H26,UUUU,2026-08-28,Put,18.5,5.9,,True
2026-08-06,UUUUU042601050.U^I26,UUUU,2026-09-04,Put,10.5,0.27,0.29,True
2026-08-06,UUUUU042601100.U^I26,UUUU,2026-09-04,Put,11.0,0.405,0.42,True
2026-08-06,UUUUU042601150.U^I26,UUUU,2026-09-04,Put,11.5,0.57,0.53,True
2026-08-06,UUUUU042601200.U^I26,UUUU,2026-09-04,Put,12.0,0.735,0.74,True
2026-08-06,UUUUU042601250.U^I26,UUUU,2026-09-04,Put,12.5,0.97,0.97,True
2026-08-06,UUUUU042601300.U^I26,UUUU,2026-09-04,Put,13.0,1.245,1.24,True
2026-08-06,UUUUU042601350.U^I26,UUUU,2026-09-04,Put,13.5,1.445,,True
2026-08-06,UUUUU042601400.U^I26,UUUU,2026-09-04,Put,14.0,1.845,2.46,True
2026-08-06,UUUUU042601450.U^I26,UUUU,2026-09-04,Put,14.5,2.225,,True
2026-08-06,UUUUU042601500.U^I26,UUUU,2026-09-04,Put,15.0,2.585,2.83,True
2026-08-06,UUUUU042601550.U^I26,UUUU,2026-09-04,Put,15.5,2.975,3.66,True
2026-08-06,UUUUU042601600.U^I26,UUUU,2026-09-04,Put,16.0,3.625,,True
2026-08-06,UUUUU042601650.U^I26,UUUU,2026-09-04,Put,16.5,3.725,3.91,True
2026-08-06,UUUUU042601700.U^I26,UUUU,2026-09-04,Put,17.0,4.225,4.4,True
2026-08-06,UUUUU042601750.U^I26,UUUU,2026-09-04,Put,17.5,5.0,5.02,True
2026-08-06,UUUUU042601800.U^I26,UUUU,2026-09-04,Put,18.0,5.275,5.37,True
2026-08-06,UUUUU042601850.U^I26,UUUU,2026-09-04,Put,18.5,,,False
2026-08-07,UUUUH072601050.U^H26,UUUU,2026-08-07,Call,10.5,3.525,3.7,True
2026-08-07,UUUUH072601100.U^H26,UUUU,2026-08-07,Call,11.0,3.125,3.18,True
2026-08-07,UUUUH072601150.U^H26,UUUU,2026-08-07,Call,11.5,2.69,2.65,True
2026-08-07,UUUUH072601200.U^H26,UUUU,2026-08-07,Call,12.0,2.145,2.15,True
2026-08-07,UUUUH072601250.U^H26,UUUU,2026-08-07,Call,12.5,1.68,1.66,True
2026-08-07,UUUUH072601300.U^H26,UUUU,2026-08-07,Call,13.0,1.145,1.1,True
2026-08-07,UUUUH072601350.U^H26,UUUU,2026-08-07,Call,13.5,0.62,0.63,True
2026-08-07,UUUUH072601400.U^H26,UUUU,2026-08-07,Call,14.0,0.195,0.22,True
2026-08-07,UUUUH072601450.U^H26,UUUU,2026-08-07,Call,14.5,,0.01,True
2026-08-07,UUUUH072601500.U^H26,UUUU,2026-08-07,Call,15.0,,0.01,True
2026-08-07,UUUUH072601550.U^H26,UUUU,2026-08-07,Call,15.5,,0.01,True
2026-08-07,UUUUH072601600.U^H26,UUUU,2026-08-07,Call,16.0,,0.01,True
2026-08-07,UUUUH072601650.U^H26,UUUU,2026-08-07,Call,16.5,,,True
2026-08-07,UUUUH072601700.U^H26,UUUU,2026-08-07,Call,17.0,,,True
2026-08-07,UUUUH072601750.U^H26,UUUU,2026-08-07,Call,17.5,,,True
2026-08-07,UUUUH072601800.U^H26,UUUU,2026-08-07,Call,18.0,,0.01,True
2026-08-07,UUUUH072601850.U^H26,UUUU,2026-08-07,Call,18.5,,,True
2026-08-07,UUUUH142601050.U^H26,UUUU,2026-08-14,Call,10.5,3.38,3.8,True
2026-08-07,UUUUH142601100.U^H26,UUUU,2026-08-14,Call,11.0,3.225,3.1,True
2026-08-07,UUUUH142601150.U^H26,UUUU,2026-08-14,Call,11.5,2.69,2.63,True
2026-08-07,UUUUH142601200.U^H26,UUUU,2026-08-14,Call,12.0,2.225,2.15,True
2026-08-07,UUUUH142601250.U^H26,UUUU,2026-08-14,Call,12.5,1.62,1.58,True
2026-08-07,UUUUH142601300.U^H26,UUUU,2026-08-14,Call,13.0,1.36,1.38,True
2026-08-07,UUUUH142601350.U^H26,UUUU,2026-08-14,Call,13.5,1.015,1.0,True
2026-08-07,UUUUH142601400.U^H26,UUUU,2026-08-14,Call,14.0,0.72,0.72,True
2026-08-07,UUUUH142601450.U^H26,UUUU,2026-08-14,Call,14.5,0.465,0.64,True
2026-08-07,UUUUH142601500.U^H26,UUUU,2026-08-14,Call,15.0,0.31,0.35,True
2026-08-07,UUUUH142601550.U^H26,UUUU,2026-08-14,Call,15.5,0.16,0.15,True
2026-08-07,UUUUH142601600.U^H26,UUUU,2026-08-14,Call,16.0,0.135,0.12,True
2026-08-07,UUUUH142601650.U^H26,UUUU,2026-08-14,Call,16.5,0.085,0.09,True
2026-08-07,UUUUH142601700.U^H26,UUUU,2026-08-14,Call,17.0,0.05,0.08,True
2026-08-07,UUUUH142601750.U^H26,UUUU,2026-08-14,Call,17.5,0.035,0.03,True
2026-08-07,UUUUH142601800.U^H26,UUUU,2026-08-14,Call,18.0,0.03,0.02,True
2026-08-07,UUUUH142601850.U^H26,UUUU,2026-08-14,Call,18.5,,,True
2026-08-07,UUUUH212601050.U^H26,UUUU,2026-08-21,Call,10.5,3.675,,True
2026-08-07,UUUUH212601100.U^H26,UUUU,2026-08-21,Call,11.0,3.3,3.22,True
2026-08-07,UUUUH212601150.U^H26,UUUU,2026-08-21,Call,11.5,2.67,2.7,True
2026-08-07,UUUUH212601200.U^H26,UUUU,2026-08-21,Call,12.0,2.31,2.31,True
2026-08-07,UUUUH212601250.U^H26,UUUU,2026-08-21,Call,12.5,1.9,1.89,True
2026-08-07,UUUUH212601300.U^H26,UUUU,2026-08-21,Call,13.0,1.53,1.55,True
2026-08-07,UUUUH212601350.U^H26,UUUU,2026-08-21,Call,13.5,1.21,1.26,True
2026-08-07,UUUUH212601400.U^H26,UUUU,2026-08-21,Call,14.0,0.95,0.9,True
2026-08-07,UUUUH212601450.U^H26,UUUU,2026-08-21,Call,14.5,0.77,0.77,True
2026-08-07,UUUUH212601500.U^H26,UUUU,2026-08-21,Call,15.0,0.55,0.55,True
2026-08-07,UUUUH212601550.U^H26,UUUU,2026-08-21,Call,15.5,0.395,0.45,True
2026-08-07,UUUUH212601600.U^H26,UUUU,2026-08-21,Call,16.0,0.31,0.29,True
2026-08-07,UUUUH212601650.U^H26,UUUU,2026-08-21,Call,16.5,0.195,0.25,True
2026-08-07,UUUUH212601700.U^H26,UUUU,2026-08-21,Call,17.0,0.195,0.22,True
2026-08-07,UUUUH212601750.U^H26,UUUU,2026-08-21,Call,17.5,,,False
2026-08-07,UUUUH212601800.U^H26,UUUU,2026-08-21,Call,18.0,0.11,0.12,True
2026-08-07,UUUUH212601850.U^H26,UUUU,2026-08-21,Call,18.5,,,False
2026-08-07,UUUUH282601050.U^H26,UUUU,2026-08-28,Call,10.5,3.625,,True
2026-08-07,UUUUH282601100.U^H26,UUUU,2026-08-28,Call,11.0,3.2,3.23,True
2026-08-07,UUUUH282601150.U^H26,UUUU,2026-08-28,Call,11.5,2.805,2.67,True
2026-08-07,UUUUH282601200.U^H26,UUUU,2026-08-28,Call,12.0,2.49,2.41,True
2026-08-07,UUUUH282601250.U^H26,UUUU,2026-08-28,Call,12.5,2.045,2.1,True
2026-08-07,UUUUH282601300.U^H26,UUUU,2026-08-28,Call,13.0,1.765,1.77,True
2026-08-07,UUUUH282601350.U^H26,UUUU,2026-08-28,Call,13.5,1.38,1.45,True
2026-08-07,UUUUH282601400.U^H26,UUUU,2026-08-28,Call,14.0,1.22,1.12,True
2026-08-07,UUUUH282601450.U^H26,UUUU,2026-08-28,Call,14.5,0.945,0.95,True
2026-08-07,UUUUH282601500.U^H26,UUUU,2026-08-28,Call,15.0,0.735,0.79,True
2026-08-07,UUUUH282601550.U^H26,UUUU,2026-08-28,Call,15.5,0.595,0.6,True
2026-08-07,UUUUH282601600.U^H26,UUUU,2026-08-28,Call,16.0,0.48,0.46,True
2026-08-07,UUUUH282601650.U^H26,UUUU,2026-08-28,Call,16.5,0.395,0.27,True
2026-08-07,UUUUH282601700.U^H26,UUUU,2026-08-28,Call,17.0,0.235,0.26,True
2026-08-07,UUUUH282601750.U^H26,UUUU,2026-08-28,Call,17.5,0.235,0.2,True
2026-08-07,UUUUH282601800.U^H26,UUUU,2026-08-28,Call,18.0,0.185,0.18,True
2026-08-07,UUUUH282601850.U^H26,UUUU,2026-08-28,Call,18.5,0.125,0.14,True
2026-08-07,UUUUI042601050.U^I26,UUUU,2026-09-04,Call,10.5,3.675,,True
2026-08-07,UUUUI042601100.U^I26,UUUU,2026-09-04,Call,11.0,3.325,3.35,True
2026-08-07,UUUUI042601150.U^I26,UUUU,2026-09-04,Call,11.5,2.875,,True
2026-08-07,UUUUI042601200.U^I26,UUUU,2026-09-04,Call,12.0,2.515,2.37,True
2026-08-07,UUUUI042601250.U^I26,UUUU,2026-09-04,Call,12.5,2.14,2.2,True
2026-08-07,UUUUI042601300.U^I26,UUUU,2026-09-04,Call,13.0,1.795,1.81,True
2026-08-07,UUUUI042601350.U^I26,UUUU,2026-09-04,Call,13.5,1.655,1.6,True
2026-08-07,UUUUI042601400.U^I26,UUUU,2026-09-04,Call,14.0,1.43,1.32,True
2026-08-07,UUUUI042601450.U^I26,UUUU,2026-09-04,Call,14.5,1.09,1.12,True
2026-08-07,UUUUI042601500.U^I26,UUUU,2026-09-04,Call,15.0,0.96,0.94,True
2026-08-07,UUUUI042601550.U^I26,UUUU,2026-09-04,Call,15.5,0.73,0.75,True
2026-08-07,UUUUI042601600.U^I26,UUUU,2026-09-04,Call,16.0,0.61,0.6,True
2026-08-07,UUUUI042601650.U^I26,UUUU,2026-09-04,Call,16.5,0.51,0.49,True
2026-08-07,UUUUI042601700.U^I26,UUUU,2026-09-04,Call,17.0,0.43,0.39,True
2026-08-07,UUUUI042601750.U^I26,UUUU,2026-09-04,Call,17.5,0.3,0.37,True
2026-08-07,UUUUI042601800.U^I26,UUUU,2026-09-04,Call,18.0,0.23,0.29,True
2026-08-07,UUUUI042601850.U^I26,UUUU,2026-09-04,Call,18.5,,,False
2026-08-07,UUUUT072601050.U^H26,UUUU,2026-08-07,Put,10.5,,0.01,True
2026-08-07,UUUUT072601100.U^H26,UUUU,2026-08-07,Put,11.0,,,True
2026-08-07,UUUUT072601150.U^H26,UUUU,2026-08-07,Put,11.5,,0.01,True
2026-08-07,UUUUT072601200.U^H26,UUUU,2026-08-07,Put,12.0,,0.01,True
2026-08-07,UUUUT072601250.U^H26,UUUU,2026-08-07,Put,12.5,,0.03,True
2026-08-07,UUUUT072601300.U^H26,UUUU,2026-08-07,Put,13.0,,0.05,True
2026-08-07,UUUUT072601350.U^H26,UUUU,2026-08-07,Put,13.5,,0.01,True
2026-08-07,UUUUT072601400.U^H26,UUUU,2026-08-07,Put,14.0,,0.02,True
2026-08-07,UUUUT072601450.U^H26,UUUU,2026-08-07,Put,14.5,0.33,0.52,True
2026-08-07,UUUUT072601500.U^H26,UUUU,2026-08-07,Put,15.0,1.005,,True
2026-08-07,UUUUT072601550.U^H26,UUUU,2026-08-07,Put,15.5,1.465,1.72,True
2026-08-07,UUUUT072601600.U^H26,UUUU,2026-08-07,Put,16.0,1.955,1.98,True
2026-08-07,UUUUT072601650.U^H26,UUUU,2026-08-07,Put,16.5,2.275,2.35,True
2026-08-07,UUUUT072601700.U^H26,UUUU,2026-08-07,Put,17.0,2.885,2.9,True
2026-08-07,UUUUT072601750.U^H26,UUUU,2026-08-07,Put,17.5,3.4,3.75,True
2026-08-07,UUUUT072601800.U^H26,UUUU,2026-08-07,Put,18.0,3.9,3.95,True
2026-08-07,UUUUT072601850.U^H26,UUUU,2026-08-07,Put,18.5,4.45,4.49,True
2026-08-07,UUUUT142601050.U^H26,UUUU,2026-08-14,Put,10.5,0.04,0.02,True
2026-08-07,UUUUT142601100.U^H26,UUUU,2026-08-14,Put,11.0,0.12,0.03,True
2026-08-07,UUUUT142601150.U^H26,UUUU,2026-08-14,Put,11.5,0.09,0.04,True
2026-08-07,UUUUT142601200.U^H26,UUUU,2026-08-14,Put,12.0,,0.08,True
2026-08-07,UUUUT142601250.U^H26,UUUU,2026-08-14,Put,12.5,0.115,0.1,True
2026-08-07,UUUUT142601300.U^H26,UUUU,2026-08-14,Put,13.0,0.2,0.19,True
2026-08-07,UUUUT142601350.U^H26,UUUU,2026-08-14,Put,13.5,0.325,0.33,True
2026-08-07,UUUUT142601400.U^H26,UUUU,2026-08-14,Put,14.0,0.53,0.5,True
2026-08-07,UUUUT142601450.U^H26,UUUU,2026-08-14,Put,14.5,0.885,0.88,True
2026-08-07,UUUUT142601500.U^H26,UUUU,2026-08-14,Put,15.0,1.285,1.13,True
2026-08-07,UUUUT142601550.U^H26,UUUU,2026-08-14,Put,15.5,1.575,1.77,True
2026-08-07,UUUUT142601600.U^H26,UUUU,2026-08-14,Put,16.0,1.955,2.15,True
2026-08-07,UUUUT142601650.U^H26,UUUU,2026-08-14,Put,16.5,2.535,2.61,True
2026-08-07,UUUUT142601700.U^H26,UUUU,2026-08-14,Put,17.0,2.945,2.98,True
2026-08-07,UUUUT142601750.U^H26,UUUU,2026-08-14,Put,17.5,3.4,3.51,True
2026-08-07,UUUUT142601800.U^H26,UUUU,2026-08-14,Put,18.0,4.025,,True
2026-08-07,UUUUT142601850.U^H26,UUUU,2026-08-14,Put,18.5,4.55,,True
2026-08-07,UUUUT212601050.U^H26,UUUU,2026-08-21,Put,10.5,0.105,0.04,True
2026-08-07,UUUUT212601100.U^H26,UUUU,2026-08-21,Put,11.0,0.105,0.07,True
2026-08-07,UUUUT212601150.U^H26,UUUU,2026-08-21,Put,11.5,0.105,0.1,True
2026-08-07,UUUUT212601200.U^H26,UUUU,2026-08-21,Put,12.0,0.185,0.17,True
2026-08-07,UUUUT212601250.U^H26,UUUU,2026-08-21,Put,12.5,0.2,0.26,True
2026-08-07,UUUUT212601300.U^H26,UUUU,2026-08-21,Put,13.0,0.42,0.42,True
2026-08-07,UUUUT212601350.U^H26,UUUU,2026-08-21,Put,13.5,0.58,0.58,True
2026-08-07,UUUUT212601400.U^H26,UUUU,2026-08-21,Put,14.0,0.8,0.79,True
2026-08-07,UUUUT212601450.U^H26,UUUU,2026-08-21,Put,14.5,1.075,,True
2026-08-07,UUUUT212601500.U^H26,UUUU,2026-08-21,Put,15.0,1.335,1.4,True
2026-08-07,UUUUT212601550.U^H26,UUUU,2026-08-21,Put,15.5,1.78,1.77,True
2026-08-07,UUUUT212601600.U^H26,UUUU,2026-08-21,Put,16.0,2.09,2.31,True
2026-08-07,UUUUT212601650.U^H26,UUUU,2026-08-21,Put,16.5,2.72,2.62,True
2026-08-07,UUUUT212601700.U^H26,UUUU,2026-08-21,Put,17.0,3.1,3.05,True
2026-08-07,UUUUT212601750.U^H26,UUUU,2026-08-21,Put,17.5,,,False
2026-08-07,UUUUT212601800.U^H26,UUUU,2026-08-21,Put,18.0,4.075,3.95,True
2026-08-07,UUUUT212601850.U^H26,UUUU,2026-08-21,Put,18.5,,,False
2026-08-07,UUUUT282601050.U^H26,UUUU,2026-08-28,Put,10.5,0.155,,True
2026-08-07,UUUUT282601100.U^H26,UUUU,2026-08-28,Put,11.0,0.135,0.14,True
2026-08-07,UUUUT282601150.U^H26,UUUU,2026-08-28,Put,11.5,0.14,0.18,True
2026-08-07,UUUUT282601200.U^H26,UUUU,2026-08-28,Put,12.0,0.275,0.3,True
2026-08-07,UUUUT282601250.U^H26,UUUU,2026-08-28,Put,12.5,0.4,0.42,True
2026-08-07,UUUUT282601300.U^H26,UUUU,2026-08-28,Put,13.0,0.505,0.55,True
2026-08-07,UUUUT282601350.U^H26,UUUU,2026-08-28,Put,13.5,0.83,0.95,True
2026-08-07,UUUUT282601400.U^H26,UUUU,2026-08-28,Put,14.0,1.0,1.0,True
2026-08-07,UUUUT282601450.U^H26,UUUU,2026-08-28,Put,14.5,1.315,,True
2026-08-07,UUUUT282601500.U^H26,UUUU,2026-08-28,Put,15.0,1.665,1.6,True
2026-08-07,UUUUT282601550.U^H26,UUUU,2026-08-28,Put,15.5,1.995,,True
2026-08-07,UUUUT282601600.U^H26,UUUU,2026-08-28,Put,16.0,2.435,,True
2026-08-07,UUUUT282601650.U^H26,UUUU,2026-08-28,Put,16.5,2.795,2.83,True
2026-08-07,UUUUT282601700.U^H26,UUUU,2026-08-28,Put,17.0,3.065,3.14,True
2026-08-07,UUUUT282601750.U^H26,UUUU,2026-08-28,Put,17.5,3.675,,True
2026-08-07,UUUUT282601800.U^H26,UUUU,2026-08-28,Put,18.0,4.025,4.26,True
2026-08-07,UUUUT282601850.U^H26,UUUU,2026-08-28,Put,18.5,4.6,,True
2026-08-07,UUUUU042601050.U^I26,UUUU,2026-09-04,Put,10.5,0.165,0.14,True
2026-08-07,UUUUU042601100.U^I26,UUUU,2026-09-04,Put,11.0,0.16,0.19,True
2026-08-07,UUUUU042601150.U^I26,UUUU,2026-09-04,Put,11.5,0.245,0.28,True
2026-08-07,UUUUU042601200.U^I26,UUUU,2026-09-04,Put,12.0,0.4,0.46,True
2026-08-07,UUUUU042601250.U^I26,UUUU,2026-09-04,Put,12.5,0.525,0.52,True
2026-08-07,UUUUU042601300.U^I26,UUUU,2026-09-04,Put,13.0,0.65,0.72,True
2026-08-07,UUUUU042601350.U^I26,UUUU,2026-09-04,Put,13.5,0.89,0.98,True
2026-08-07,UUUUU042601400.U^I26,UUUU,2026-09-04,Put,14.0,1.13,1.08,True
2026-08-07,UUUUU042601450.U^I26,UUUU,2026-09-04,Put,14.5,1.45,,True
2026-08-07,UUUUU042601500.U^I26,UUUU,2026-09-04,Put,15.0,1.78,1.8,True
2026-08-07,UUUUU042601550.U^I26,UUUU,2026-09-04,Put,15.5,2.06,,True
2026-08-07,UUUUU042601600.U^I26,UUUU,2026-09-04,Put,16.0,2.475,,True
2026-08-07,UUUUU042601650.U^I26,UUUU,2026-09-04,Put,16.5,2.94,,True
2026-08-07,UUUUU042601700.U^I26,UUUU,2026-09-04,Put,17.0,3.275,3.27,True
2026-08-07,UUUUU042601750.U^I26,UUUU,2026-09-04,Put,17.5,3.9,,True
2026-08-07,UUUUU042601800.U^I26,UUUU,2026-09-04,Put,18.0,4.1,,True
2026-08-07,UUUUU042601850.U^I26,UUUU,2026-09-04,Put,18.5,,,False
2026-08-10,UUUUH142601050.U^H26,UUUU,2026-08-14,Call,10.5,3.9,3.71,True
2026-08-10,UUUUH142601100.U^H26,UUUU,2026-08-14,Call,11.0,3.16,3.1,True
2026-08-10,UUUUH142601150.U^H26,UUUU,2026-08-14,Call,11.5,2.685,2.68,True
2026-08-10,UUUUH142601200.U^H26,UUUU,2026-08-14,Call,12.0,2.28,2.19,True
2026-08-10,UUUUH142601250.U^H26,UUUU,2026-08-14,Call,12.5,1.79,1.82,True
2026-08-10,UUUUH142601300.U^H26,UUUU,2026-08-14,Call,13.0,1.43,1.35,True
2026-08-10,UUUUH142601350.U^H26,UUUU,2026-08-14,Call,13.5,0.98,0.84,True
2026-08-10,UUUUH142601400.U^H26,UUUU,2026-08-14,Call,14.0,0.645,0.64,True
2026-08-10,UUUUH142601450.U^H26,UUUU,2026-08-14,Call,14.5,0.39,0.35,True
2026-08-10,UUUUH142601500.U^H26,UUUU,2026-08-14,Call,15.0,0.225,0.22,True
2026-08-10,UUUUH142601550.U^H26,UUUU,2026-08-14,Call,15.5,0.115,0.12,True
2026-08-10,UUUUH142601600.U^H26,UUUU,2026-08-14,Call,16.0,0.075,0.05,True
2026-08-10,UUUUH142601650.U^H26,UUUU,2026-08-14,Call,16.5,0.035,0.03,True
2026-08-10,UUUUH142601700.U^H26,UUUU,2026-08-14,Call,17.0,,0.02,True
2026-08-10,UUUUH142601750.U^H26,UUUU,2026-08-14,Call,17.5,,0.02,True
2026-08-10,UUUUH142601800.U^H26,UUUU,2026-08-14,Call,18.0,0.015,0.01,True
2026-08-10,UUUUH142601850.U^H26,UUUU,2026-08-14,Call,18.5,,0.01,True
2026-08-10,UUUUH212601050.U^H26,UUUU,2026-08-21,Call,10.5,3.75,3.55,True
2026-08-10,UUUUH212601100.U^H26,UUUU,2026-08-21,Call,11.0,3.275,3.39,True
2026-08-10,UUUUH212601150.U^H26,UUUU,2026-08-21,Call,11.5,2.805,2.7,True
2026-08-10,UUUUH212601200.U^H26,UUUU,2026-08-21,Call,12.0,2.315,2.25,True
2026-08-10,UUUUH212601250.U^H26,UUUU,2026-08-21,Call,12.5,1.885,1.75,True
2026-08-10,UUUUH212601300.U^H26,UUUU,2026-08-21,Call,13.0,1.56,1.44,True
2026-08-10,UUUUH212601350.U^H26,UUUU,2026-08-21,Call,13.5,1.21,1.11,True
2026-08-10,UUUUH212601400.U^H26,UUUU,2026-08-21,Call,14.0,0.945,0.88,True
2026-08-10,UUUUH212601450.U^H26,UUUU,2026-08-21,Call,14.5,0.655,0.66,True
2026-08-10,UUUUH212601500.U^H26,UUUU,2026-08-21,Call,15.0,0.505,0.49,True
2026-08-10,UUUUH212601550.U^H26,UUUU,2026-08-21,Call,15.5,0.35,0.34,True
2026-08-10,UUUUH212601600.U^H26,UUUU,2026-08-21,Call,16.0,0.26,0.26,True
2026-08-10,UUUUH212601650.U^H26,UUUU,2026-08-21,Call,16.5,0.17,0.17,True
2026-08-10,UUUUH212601700.U^H26,UUUU,2026-08-21,Call,17.0,0.115,0.12,True
2026-08-10,UUUUH212601750.U^H26,UUUU,2026-08-21,Call,17.5,0.095,,True
2026-08-10,UUUUH212601800.U^H26,UUUU,2026-08-21,Call,18.0,0.07,0.08,True
2026-08-10,UUUUH212601850.U^H26,UUUU,2026-08-21,Call,18.5,0.1,0.12,True
2026-08-10,UUUUH282601050.U^H26,UUUU,2026-08-28,Call,10.5,3.8,,True
2026-08-10,UUUUH282601100.U^H26,UUUU,2026-08-28,Call,11.0,3.275,3.35,True
2026-08-10,UUUUH282601150.U^H26,UUUU,2026-08-28,Call,11.5,2.875,2.7,True
2026-08-10,UUUUH282601200.U^H26,UUUU,2026-08-28,Call,12.0,2.445,2.47,True
2026-08-10,UUUUH282601250.U^H26,UUUU,2026-08-28,Call,12.5,2.035,2.01,True
2026-08-10,UUUUH282601300.U^H26,UUUU,2026-08-28,Call,13.0,1.72,1.51,True
2026-08-10,UUUUH282601350.U^H26,UUUU,2026-08-28,Call,13.5,1.345,1.62,True
2026-08-10,UUUUH282601400.U^H26,UUUU,2026-08-28,Call,14.0,1.02,0.97,True
2026-08-10,UUUUH282601450.U^H26,UUUU,2026-08-28,Call,14.5,0.78,0.76,True
2026-08-10,UUUUH282601500.U^H26,UUUU,2026-08-28,Call,15.0,0.665,0.65,True
2026-08-10,UUUUH282601550.U^H26,UUUU,2026-08-28,Call,15.5,0.495,0.49,True
2026-08-10,UUUUH282601600.U^H26,UUUU,2026-08-28,Call,16.0,0.35,0.35,True
2026-08-10,UUUUH282601650.U^H26,UUUU,2026-08-28,Call,16.5,0.3,0.3,True
2026-08-10,UUUUH282601700.U^H26,UUUU,2026-08-28,Call,17.0,0.215,0.22,True
2026-08-10,UUUUH282601750.U^H26,UUUU,2026-08-28,Call,17.5,0.155,0.16,True
2026-08-10,UUUUH282601800.U^H26,UUUU,2026-08-28,Call,18.0,0.08,0.14,True
2026-08-10,UUUUH282601850.U^H26,UUUU,2026-08-28,Call,18.5,0.135,,True
2026-08-10,UUUUI042601050.U^I26,UUUU,2026-09-04,Call,10.5,3.95,3.75,True
2026-08-10,UUUUI042601100.U^I26,UUUU,2026-09-04,Call,11.0,3.425,3.37,True
2026-08-10,UUUUI042601150.U^I26,UUUU,2026-09-04,Call,11.5,3.01,,True
2026-08-10,UUUUI042601200.U^I26,UUUU,2026-09-04,Call,12.0,2.53,2.62,True
2026-08-10,UUUUI042601250.U^I26,UUUU,2026-09-04,Call,12.5,2.155,2.12,True
2026-08-10,UUUUI042601300.U^I26,UUUU,2026-09-04,Call,13.0,1.845,1.96,True
2026-08-10,UUUUI042601350.U^I26,UUUU,2026-09-04,Call,13.5,1.53,1.51,True
2026-08-10,UUUUI042601400.U^I26,UUUU,2026-09-04,Call,14.0,1.31,1.38,True
2026-08-10,UUUUI042601450.U^I26,UUUU,2026-09-04,Call,14.5,1.035,1.05,True
2026-08-10,UUUUI042601500.U^I26,UUUU,2026-09-04,Call,15.0,0.865,0.85,True
2026-08-10,UUUUI042601550.U^I26,UUUU,2026-09-04,Call,15.5,0.67,0.7,True
2026-08-10,UUUUI042601600.U^I26,UUUU,2026-09-04,Call,16.0,0.55,0.67,True
2026-08-10,UUUUI042601650.U^I26,UUUU,2026-09-04,Call,16.5,0.45,0.42,True
2026-08-10,UUUUI042601700.U^I26,UUUU,2026-09-04,Call,17.0,0.355,0.32,True
2026-08-10,UUUUI042601750.U^I26,UUUU,2026-09-04,Call,17.5,0.275,0.27,True
2026-08-10,UUUUI042601800.U^I26,UUUU,2026-09-04,Call,18.0,0.17,0.22,True
2026-08-10,UUUUI042601850.U^I26,UUUU,2026-09-04,Call,18.5,,,False
2026-08-10,UUUUT142601050.U^H26,UUUU,2026-08-14,Put,10.5,,0.01,True
2026-08-10,UUUUT142601100.U^H26,UUUU,2026-08-14,Put,11.0,,0.01,True
2026-08-10,UUUUT142601150.U^H26,UUUU,2026-08-14,Put,11.5,0.015,0.02,True
2026-08-10,UUUUT142601200.U^H26,UUUU,2026-08-14,Put,12.0,,0.03,True
2026-08-10,UUUUT142601250.U^H26,UUUU,2026-08-14,Put,12.5,0.025,0.06,True
2026-08-10,UUUUT142601300.U^H26,UUUU,2026-08-14,Put,13.0,0.07,0.09,True
2026-08-10,UUUUT142601350.U^H26,UUUU,2026-08-14,Put,13.5,0.17,0.17,True
2026-08-10,UUUUT142601400.U^H26,UUUU,2026-08-14,Put,14.0,0.33,0.34,True
2026-08-10,UUUUT142601450.U^H26,UUUU,2026-08-14,Put,14.5,0.635,0.68,True
2026-08-10,UUUUT142601500.U^H26,UUUU,2026-08-14,Put,15.0,1.005,1.1,True
2026-08-10,UUUUT142601550.U^H26,UUUU,2026-08-14,Put,15.5,1.385,1.4,True
2026-08-10,UUUUT142601600.U^H26,UUUU,2026-08-14,Put,16.0,1.87,2.0,True
2026-08-10,UUUUT142601650.U^H26,UUUU,2026-08-14,Put,16.5,2.31,2.42,True
2026-08-10,UUUUT142601700.U^H26,UUUU,2026-08-14,Put,17.0,2.77,2.84,True
2026-08-10,UUUUT142601750.U^H26,UUUU,2026-08-14,Put,17.5,3.275,3.23,True
2026-08-10,UUUUT142601800.U^H26,UUUU,2026-08-14,Put,18.0,3.85,3.83,True
2026-08-10,UUUUT142601850.U^H26,UUUU,2026-08-14,Put,18.5,4.2,4.36,True
2026-08-10,UUUUT212601050.U^H26,UUUU,2026-08-21,Put,10.5,,0.03,True
2026-08-10,UUUUT212601100.U^H26,UUUU,2026-08-21,Put,11.0,0.025,0.03,True
2026-08-10,UUUUT212601150.U^H26,UUUU,2026-08-21,Put,11.5,,0.06,True
2026-08-10,UUUUT212601200.U^H26,UUUU,2026-08-21,Put,12.0,0.08,0.09,True
2026-08-10,UUUUT212601250.U^H26,UUUU,2026-08-21,Put,12.5,0.1,0.17,True
2026-08-10,UUUUT212601300.U^H26,UUUU,2026-08-21,Put,13.0,0.24,0.28,True
2026-08-10,UUUUT212601350.U^H26,UUUU,2026-08-21,Put,13.5,0.385,0.44,True
2026-08-10,UUUUT212601400.U^H26,UUUU,2026-08-21,Put,14.0,0.595,0.64,True
2026-08-10,UUUUT212601450.U^H26,UUUU,2026-08-21,Put,14.5,0.93,1.0,True
2026-08-10,UUUUT212601500.U^H26,UUUU,2026-08-21,Put,15.0,1.25,1.23,True
2026-08-10,UUUUT212601550.U^H26,UUUU,2026-08-21,Put,15.5,1.665,,True
2026-08-10,UUUUT212601600.U^H26,UUUU,2026-08-21,Put,16.0,2.035,2.08,True
2026-08-10,UUUUT212601650.U^H26,UUUU,2026-08-21,Put,16.5,2.455,2.45,True
2026-08-10,UUUUT212601700.U^H26,UUUU,2026-08-21,Put,17.0,2.875,2.95,True
2026-08-10,UUUUT212601750.U^H26,UUUU,2026-08-21,Put,17.5,3.4,,True
2026-08-10,UUUUT212601800.U^H26,UUUU,2026-08-21,Put,18.0,3.85,3.75,True
2026-08-10,UUUUT212601850.U^H26,UUUU,2026-08-21,Put,18.5,4.4,,True
2026-08-10,UUUUT282601050.U^H26,UUUU,2026-08-28,Put,10.5,0.035,0.06,True
2026-08-10,UUUUT282601100.U^H26,UUUU,2026-08-28,Put,11.0,0.065,0.08,True
2026-08-10,UUUUT282601150.U^H26,UUUU,2026-08-28,Put,11.5,0.105,0.13,True
2026-08-10,UUUUT282601200.U^H26,UUUU,2026-08-28,Put,12.0,0.125,0.18,True
2026-08-10,UUUUT282601250.U^H26,UUUU,2026-08-28,Put,12.5,0.26,0.28,True
2026-08-10,UUUUT282601300.U^H26,UUUU,2026-08-28,Put,13.0,0.35,0.4,True
2026-08-10,UUUUT282601350.U^H26,UUUU,2026-08-28,Put,13.5,0.515,0.55,True
2026-08-10,UUUUT282601400.U^H26,UUUU,2026-08-28,Put,14.0,0.785,0.78,True
2026-08-10,UUUUT282601450.U^H26,UUUU,2026-08-28,Put,14.5,1.12,1.09,True
2026-08-10,UUUUT282601500.U^H26,UUUU,2026-08-28,Put,15.0,1.315,1.44,True
2026-08-10,UUUUT282601550.U^H26,UUUU,2026-08-28,Put,15.5,1.815,,True
2026-08-10,UUUUT282601600.U^H26,UUUU,2026-08-28,Put,16.0,2.155,2.17,True
2026-08-10,UUUUT282601650.U^H26,UUUU,2026-08-28,Put,16.5,2.575,2.54,True
2026-08-10,UUUUT282601700.U^H26,UUUU,2026-08-28,Put,17.0,2.995,3.01,True
2026-08-10,UUUUT282601750.U^H26,UUUU,2026-08-28,Put,17.5,3.425,,True
2026-08-10,UUUUT282601800.U^H26,UUUU,2026-08-28,Put,18.0,3.875,,True
2026-08-10,UUUUT282601850.U^H26,UUUU,2026-08-28,Put,18.5,4.3,,True
2026-08-10,UUUUU042601050.U^I26,UUUU,2026-09-04,Put,10.5,0.155,0.09,True
2026-08-10,UUUUU042601100.U^I26,UUUU,2026-09-04,Put,11.0,0.115,0.14,True
2026-08-10,UUUUU042601150.U^I26,UUUU,2026-09-04,Put,11.5,0.2,0.21,True
2026-08-10,UUUUU042601200.U^I26,UUUU,2026-09-04,Put,12.0,0.275,0.3,True
2026-08-10,UUUUU042601250.U^I26,UUUU,2026-09-04,Put,12.5,0.41,0.43,True
2026-08-10,UUUUU042601300.U^I26,UUUU,2026-09-04,Put,13.0,0.51,0.52,True
2026-08-10,UUUUU042601350.U^I26,UUUU,2026-09-04,Put,13.5,0.72,,True
2026-08-10,UUUUU042601400.U^I26,UUUU,2026-09-04,Put,14.0,1.04,0.94,True
2026-08-10,UUUUU042601450.U^I26,UUUU,2026-09-04,Put,14.5,1.285,1.29,True
2026-08-10,UUUUU042601500.U^I26,UUUU,2026-09-04,Put,15.0,1.61,1.6,True
2026-08-10,UUUUU042601550.U^I26,UUUU,2026-09-04,Put,15.5,1.99,,True
2026-08-10,UUUUU042601600.U^I26,UUUU,2026-09-04,Put,16.0,2.3,,True
2026-08-10,UUUUU042601650.U^I26,UUUU,2026-09-04,Put,16.5,2.685,2.69,True
2026-08-10,UUUUU042601700.U^I26,UUUU,2026-09-04,Put,17.0,3.06,3.05,True
2026-08-10,UUUUU042601750.U^I26,UUUU,2026-09-04,Put,17.5,3.55,3.55,True
2026-08-10,UUUUU042601800.U^I26,UUUU,2026-09-04,Put,18.0,3.975,,True
2026-08-10,UUUUU042601850.U^I26,UUUU,2026-09-04,Put,18.5,,,False
2026-08-11,UUUUH142601050.U^H26,UUUU,2026-08-14,Call,10.5,4.125,4.4,True
2026-08-11,UUUUH142601100.U^H26,UUUU,2026-08-14,Call,11.0,3.6,3.55,True
2026-08-11,UUUUH142601150.U^H26,UUUU,2026-08-14,Call,11.5,3.27,3.06,True
2026-08-11,UUUUH142601200.U^H26,UUUU,2026-08-14,Call,12.0,2.76,2.81,True
2026-08-11,UUUUH142601250.U^H26,UUUU,2026-08-14,Call,12.5,2.26,2.33,True
2026-08-11,UUUUH142601300.U^H26,UUUU,2026-08-14,Call,13.0,1.875,1.76,True
2026-08-11,UUUUH142601350.U^H26,UUUU,2026-08-14,Call,13.5,1.205,1.21,True
2026-08-11,UUUUH142601400.U^H26,UUUU,2026-08-14,Call,14.0,0.93,0.88,True
2026-08-11,UUUUH142601450.U^H26,UUUU,2026-08-14,Call,14.5,0.59,0.6,True
2026-08-11,UUUUH142601500.U^H26,UUUU,2026-08-14,Call,15.0,0.32,0.36,True
2026-08-11,UUUUH142601550.U^H26,UUUU,2026-08-14,Call,15.5,0.22,0.19,True
2026-08-11,UUUUH142601600.U^H26,UUUU,2026-08-14,Call,16.0,0.075,0.1,True
2026-08-11,UUUUH142601650.U^H26,UUUU,2026-08-14,Call,16.5,0.03,0.04,True
2026-08-11,UUUUH142601700.U^H26,UUUU,2026-08-14,Call,17.0,,0.01,True
2026-08-11,UUUUH142601750.U^H26,UUUU,2026-08-14,Call,17.5,,0.02,True
2026-08-11,UUUUH142601800.U^H26,UUUU,2026-08-14,Call,18.0,,0.01,True
2026-08-11,UUUUH142601850.U^H26,UUUU,2026-08-14,Call,18.5,,,True
2026-08-11,UUUUH212601050.U^H26,UUUU,2026-08-21,Call,10.5,4.175,4.0,True
2026-08-11,UUUUH212601100.U^H26,UUUU,2026-08-21,Call,11.0,3.7,3.45,True
2026-08-11,UUUUH212601150.U^H26,UUUU,2026-08-21,Call,11.5,3.1,2.97,True
2026-08-11,UUUUH212601200.U^H26,UUUU,2026-08-21,Call,12.0,2.68,2.82,True
2026-08-11,UUUUH212601250.U^H26,UUUU,2026-08-21,Call,12.5,2.245,2.2,True
2026-08-11,UUUUH212601300.U^H26,UUUU,2026-08-21,Call,13.0,1.885,1.92,True
2026-08-11,UUUUH212601350.U^H26,UUUU,2026-08-21,Call,13.5,1.475,1.33,True
2026-08-11,UUUUH212601400.U^H26,UUUU,2026-08-21,Call,14.0,1.22,1.2,True
2026-08-11,UUUUH212601450.U^H26,UUUU,2026-08-21,Call,14.5,0.875,0.75,True
2026-08-11,UUUUH212601500.U^H26,UUUU,2026-08-21,Call,15.0,0.64,0.64,True
2026-08-11,UUUUH212601550.U^H26,UUUU,2026-08-21,Call,15.5,0.475,0.47,True
2026-08-11,UUUUH212601600.U^H26,UUUU,2026-08-21,Call,16.0,0.325,0.33,True
2026-08-11,UUUUH212601650.U^H26,UUUU,2026-08-21,Call,16.5,0.22,0.15,True
2026-08-11,UUUUH212601700.U^H26,UUUU,2026-08-21,Call,17.0,0.14,0.15,True
2026-08-11,UUUUH212601750.U^H26,UUUU,2026-08-21,Call,17.5,0.12,0.1,True
2026-08-11,UUUUH212601800.U^H26,UUUU,2026-08-21,Call,18.0,0.055,0.06,True
2026-08-11,UUUUH212601850.U^H26,UUUU,2026-08-21,Call,18.5,,0.07,True
2026-08-11,UUUUH282601050.U^H26,UUUU,2026-08-28,Call,10.5,4.2,4.03,True
2026-08-11,UUUUH282601100.U^H26,UUUU,2026-08-28,Call,11.0,3.7,3.45,True
2026-08-11,UUUUH282601150.U^H26,UUUU,2026-08-28,Call,11.5,3.16,3.11,True
2026-08-11,UUUUH282601200.U^H26,UUUU,2026-08-28,Call,12.0,2.865,2.82,True
2026-08-11,UUUUH282601250.U^H26,UUUU,2026-08-28,Call,12.5,2.345,2.28,True
2026-08-11,UUUUH282601300.U^H26,UUUU,2026-08-28,Call,13.0,1.965,1.94,True
2026-08-11,UUUUH282601350.U^H26,UUUU,2026-08-28,Call,13.5,1.55,1.64,True
2026-08-11,UUUUH282601400.U^H26,UUUU,2026-08-28,Call,14.0,1.315,1.24,True
2026-08-11,UUUUH282601450.U^H26,UUUU,2026-08-28,Call,14.5,1.04,1.07,True
2026-08-11,UUUUH282601500.U^H26,UUUU,2026-08-28,Call,15.0,0.8,0.8,True
2026-08-11,UUUUH282601550.U^H26,UUUU,2026-08-28,Call,15.5,0.61,0.64,True
2026-08-11,UUUUH282601600.U^H26,UUUU,2026-08-28,Call,16.0,0.485,0.45,True
2026-08-11,UUUUH282601650.U^H26,UUUU,2026-08-28,Call,16.5,0.36,0.34,True
2026-08-11,UUUUH282601700.U^H26,UUUU,2026-08-28,Call,17.0,0.16,0.2,True
2026-08-11,UUUUH282601750.U^H26,UUUU,2026-08-28,Call,17.5,0.14,0.2,True
2026-08-11,UUUUH282601800.U^H26,UUUU,2026-08-28,Call,18.0,0.155,0.13,True
2026-08-11,UUUUH282601850.U^H26,UUUU,2026-08-28,Call,18.5,0.17,,True
2026-08-11,UUUUI042601050.U^I26,UUUU,2026-09-04,Call,10.5,4.2,,True
2026-08-11,UUUUI042601100.U^I26,UUUU,2026-09-04,Call,11.0,3.725,3.61,True
2026-08-11,UUUUI042601150.U^I26,UUUU,2026-09-04,Call,11.5,3.175,,True
2026-08-11,UUUUI042601200.U^I26,UUUU,2026-09-04,Call,12.0,2.89,2.76,True
2026-08-11,UUUUI042601250.U^I26,UUUU,2026-09-04,Call,12.5,2.36,,True
2026-08-11,UUUUI042601300.U^I26,UUUU,2026-09-04,Call,13.0,2.105,1.97,True
2026-08-11,UUUUI042601350.U^I26,UUUU,2026-09-04,Call,13.5,1.715,1.61,True
2026-08-11,UUUUI042601400.U^I26,UUUU,2026-09-04,Call,14.0,1.46,1.46,True
2026-08-11,UUUUI042601450.U^I26,UUUU,2026-09-04,Call,14.5,1.28,1.17,True
2026-08-11,UUUUI042601500.U^I26,UUUU,2026-09-04,Call,15.0,0.99,1.03,True
2026-08-11,UUUUI042601550.U^I26,UUUU,2026-09-04,Call,15.5,0.85,0.8,True
2026-08-11,UUUUI042601600.U^I26,UUUU,2026-09-04,Call,16.0,0.635,0.67,True
2026-08-11,UUUUI042601650.U^I26,UUUU,2026-09-04,Call,16.5,0.515,0.48,True
2026-08-11,UUUUI042601700.U^I26,UUUU,2026-09-04,Call,17.0,0.44,0.41,True
2026-08-11,UUUUI042601750.U^I26,UUUU,2026-09-04,Call,17.5,0.325,0.34,True
2026-08-11,UUUUI042601800.U^I26,UUUU,2026-09-04,Call,18.0,0.2,0.25,True
2026-08-11,UUUUI042601850.U^I26,UUUU,2026-09-04,Call,18.5,,,False
2026-08-11,UUUUT142601050.U^H26,UUUU,2026-08-14,Put,10.5,,0.02,True
2026-08-11,UUUUT142601100.U^H26,UUUU,2026-08-14,Put,11.0,,0.01,True
2026-08-11,UUUUT142601150.U^H26,UUUU,2026-08-14,Put,11.5,0.035,0.01,True
2026-08-11,UUUUT142601200.U^H26,UUUU,2026-08-14,Put,12.0,,0.02,True
2026-08-11,UUUUT142601250.U^H26,UUUU,2026-08-14,Put,12.5,0.075,0.02,True
2026-08-11,UUUUT142601300.U^H26,UUUU,2026-08-14,Put,13.0,0.06,0.04,True
2026-08-11,UUUUT142601350.U^H26,UUUU,2026-08-14,Put,13.5,0.09,0.09,True
2026-08-11,UUUUT142601400.U^H26,UUUU,2026-08-14,Put,14.0,0.165,0.13,True
2026-08-11,UUUUT142601450.U^H26,UUUU,2026-08-14,Put,14.5,0.335,0.32,True
2026-08-11,UUUUT142601500.U^H26,UUUU,2026-08-14,Put,15.0,0.69,0.8,True
2026-08-11,UUUUT142601550.U^H26,UUUU,2026-08-14,Put,15.5,1.045,1.3,True
2026-08-11,UUUUT142601600.U^H26,UUUU,2026-08-14,Put,16.0,1.365,1.36,True
2026-08-11,UUUUT142601650.U^H26,UUUU,2026-08-14,Put,16.5,1.93,,True
2026-08-11,UUUUT142601700.U^H26,UUUU,2026-08-14,Put,17.0,2.37,,True
2026-08-11,UUUUT142601750.U^H26,UUUU,2026-08-14,Put,17.5,2.89,3.03,True
2026-08-11,UUUUT142601800.U^H26,UUUU,2026-08-14,Put,18.0,3.35,3.5,True
2026-08-11,UUUUT142601850.U^H26,UUUU,2026-08-14,Put,18.5,3.65,3.94,True
2026-08-11,UUUUT212601050.U^H26,UUUU,2026-08-21,Put,10.5,0.02,0.02,True
2026-08-11,UUUUT212601100.U^H26,UUUU,2026-08-21,Put,11.0,0.025,0.04,True
2026-08-11,UUUUT212601150.U^H26,UUUU,2026-08-21,Put,11.5,,0.02,True
2026-08-11,UUUUT212601200.U^H26,UUUU,2026-08-21,Put,12.0,0.065,0.04,True
2026-08-11,UUUUT212601250.U^H26,UUUU,2026-08-21,Put,12.5,0.085,0.09,True
2026-08-11,UUUUT212601300.U^H26,UUUU,2026-08-21,Put,13.0,0.145,0.15,True
2026-08-11,UUUUT212601350.U^H26,UUUU,2026-08-21,Put,13.5,0.27,0.32,True
2026-08-11,UUUUT212601400.U^H26,UUUU,2026-08-21,Put,14.0,0.42,0.35,True
2026-08-11,UUUUT212601450.U^H26,UUUU,2026-08-21,Put,14.5,0.6,0.58,True
2026-08-11,UUUUT212601500.U^H26,UUUU,2026-08-21,Put,15.0,0.94,0.88,True
2026-08-11,UUUUT212601550.U^H26,UUUU,2026-08-21,Put,15.5,1.255,,True
2026-08-11,UUUUT212601600.U^H26,UUUU,2026-08-21,Put,16.0,1.66,1.84,True
2026-08-11,UUUUT212601650.U^H26,UUUU,2026-08-21,Put,16.5,2.055,,True
2026-08-11,UUUUT212601700.U^H26,UUUU,2026-08-21,Put,17.0,2.495,2.6,True
2026-08-11,UUUUT212601750.U^H26,UUUU,2026-08-21,Put,17.5,2.97,,True
2026-08-11,UUUUT212601800.U^H26,UUUU,2026-08-21,Put,18.0,3.5,3.62,True
2026-08-11,UUUUT212601850.U^H26,UUUU,2026-08-21,Put,18.5,3.925,,True
2026-08-11,UUUUT282601050.U^H26,UUUU,2026-08-28,Put,10.5,,,True
2026-08-11,UUUUT282601100.U^H26,UUUU,2026-08-28,Put,11.0,0.105,0.05,True
2026-08-11,UUUUT282601150.U^H26,UUUU,2026-08-28,Put,11.5,,,True
2026-08-11,UUUUT282601200.U^H26,UUUU,2026-08-28,Put,12.0,0.11,0.13,True
2026-08-11,UUUUT282601250.U^H26,UUUU,2026-08-28,Put,12.5,0.175,0.17,True
2026-08-11,UUUUT282601300.U^H26,UUUU,2026-08-28,Put,13.0,0.255,0.26,True
2026-08-11,UUUUT282601350.U^H26,UUUU,2026-08-28,Put,13.5,0.435,0.43,True
2026-08-11,UUUUT282601400.U^H26,UUUU,2026-08-28,Put,14.0,0.535,0.7,True
2026-08-11,UUUUT282601450.U^H26,UUUU,2026-08-28,Put,14.5,0.775,0.89,True
2026-08-11,UUUUT282601500.U^H26,UUUU,2026-08-28,Put,15.0,1.125,1.15,True
2026-08-11,UUUUT282601550.U^H26,UUUU,2026-08-28,Put,15.5,1.575,,True
2026-08-11,UUUUT282601600.U^H26,UUUU,2026-08-28,Put,16.0,1.915,,True
2026-08-11,UUUUT282601650.U^H26,UUUU,2026-08-28,Put,16.5,2.105,2.17,True
2026-08-11,UUUUT282601700.U^H26,UUUU,2026-08-28,Put,17.0,2.77,,True
2026-08-11,UUUUT282601750.U^H26,UUUU,2026-08-28,Put,17.5,3.225,,True
2026-08-11,UUUUT282601800.U^H26,UUUU,2026-08-28,Put,18.0,3.625,3.73,True
2026-08-11,UUUUT282601850.U^H26,UUUU,2026-08-28,Put,18.5,4.1,,True
2026-08-11,UUUUU042601050.U^I26,UUUU,2026-09-04,Put,10.5,,,True
2026-08-11,UUUUU042601100.U^I26,UUUU,2026-09-04,Put,11.0,0.09,0.1,True
2026-08-11,UUUUU042601150.U^I26,UUUU,2026-09-04,Put,11.5,0.14,0.14,True
2026-08-11,UUUUU042601200.U^I26,UUUU,2026-09-04,Put,12.0,0.14,0.23,True
2026-08-11,UUUUU042601250.U^I26,UUUU,2026-09-04,Put,12.5,0.265,0.28,True
2026-08-11,UUUUU042601300.U^I26,UUUU,2026-09-04,Put,13.0,0.32,0.4,True
2026-08-11,UUUUU042601350.U^I26,UUUU,2026-09-04,Put,13.5,0.505,0.54,True
2026-08-11,UUUUU042601400.U^I26,UUUU,2026-09-04,Put,14.0,0.845,0.95,True
2026-08-11,UUUUU042601450.U^I26,UUUU,2026-09-04,Put,14.5,1.045,,True
2026-08-11,UUUUU042601500.U^I26,UUUU,2026-09-04,Put,15.0,1.35,,True
2026-08-11,UUUUU042601550.U^I26,UUUU,2026-09-04,Put,15.5,1.605,1.87,True
2026-08-11,UUUUU042601600.U^I26,UUUU,2026-09-04,Put,16.0,1.985,,True
2026-08-11,UUUUU042601650.U^I26,UUUU,2026-09-04,Put,16.5,2.25,2.52,True
2026-08-11,UUUUU042601700.U^I26,UUUU,2026-09-04,Put,17.0,2.735,2.8,True
2026-08-11,UUUUU042601750.U^I26,UUUU,2026-09-04,Put,17.5,3.3,,True
2026-08-11,UUUUU042601800.U^I26,UUUU,2026-09-04,Put,18.0,3.55,3.83,True
2026-08-11,UUUUU042601850.U^I26,UUUU,2026-09-04,Put,18.5,,,False
2026-08-12,UUUUH142601050.U^H26,UUUU,2026-08-14,Call,10.5,4.05,4.15,True
2026-08-12,UUUUH142601100.U^H26,UUUU,2026-08-14,Call,11.0,3.525,3.74,True
2026-08-12,UUUUH142601150.U^H26,UUUU,2026-08-14,Call,11.5,2.98,3.07,True
2026-08-12,UUUUH142601200.U^H26,UUUU,2026-08-14,Call,12.0,2.475,2.57,True
2026-08-12,UUUUH142601250.U^H26,UUUU,2026-08-14,Call,12.5,2.08,2.07,True
2026-08-12,UUUUH142601300.U^H26,UUUU,2026-08-14,Call,13.0,1.485,1.55,True
2026-08-12,UUUUH142601350.U^H26,UUUU,2026-08-14,Call,13.5,1.07,1.01,True
2026-08-12,UUUUH142601400.U^H26,UUUU,2026-08-14,Call,14.0,0.655,0.66,True
2026-08-12,UUUUH142601450.U^H26,UUUU,2026-08-14,Call,14.5,0.42,0.36,True
2026-08-12,UUUUH142601500.U^H26,UUUU,2026-08-14,Call,15.0,0.145,0.15,True
2026-08-12,UUUUH142601550.U^H26,UUUU,2026-08-14,Call,15.5,0.055,0.05,True
2026-08-12,UUUUH142601600.U^H26,UUUU,2026-08-14,Call,16.0,0.045,0.03,True
2026-08-12,UUUUH142601650.U^H26,UUUU,2026-08-14,Call,16.5,,0.01,True
2026-08-12,UUUUH142601700.U^H26,UUUU,2026-08-14,Call,17.0,,,True
2026-08-12,UUUUH142601750.U^H26,UUUU,2026-08-14,Call,17.5,,,True
2026-08-12,UUUUH142601800.U^H26,UUUU,2026-08-14,Call,18.0,,0.01,True
2026-08-12,UUUUH142601850.U^H26,UUUU,2026-08-14,Call,18.5,,0.03,True
2026-08-12,UUUUH212601050.U^H26,UUUU,2026-08-21,Call,10.5,4.475,,True
2026-08-12,UUUUH212601100.U^H26,UUUU,2026-08-21,Call,11.0,3.55,3.52,True
2026-08-12,UUUUH212601150.U^H26,UUUU,2026-08-21,Call,11.5,3.13,,True
2026-08-12,UUUUH212601200.U^H26,UUUU,2026-08-21,Call,12.0,2.615,2.51,True
2026-08-12,UUUUH212601250.U^H26,UUUU,2026-08-21,Call,12.5,2.125,2.15,True
2026-08-12,UUUUH212601300.U^H26,UUUU,2026-08-21,Call,13.0,1.655,1.65,True
2026-08-12,UUUUH212601350.U^H26,UUUU,2026-08-21,Call,13.5,1.235,1.23,True
2026-08-12,UUUUH212601400.U^H26,UUUU,2026-08-21,Call,14.0,0.92,0.9,True
2026-08-12,UUUUH212601450.U^H26,UUUU,2026-08-21,Call,14.5,0.675,0.72,True
2026-08-12,UUUUH212601500.U^H26,UUUU,2026-08-21,Call,15.0,0.475,0.45,True
2026-08-12,UUUUH212601550.U^H26,UUUU,2026-08-21,Call,15.5,0.3,0.3,True
2026-08-12,UUUUH212601600.U^H26,UUUU,2026-08-21,Call,16.0,0.19,0.21,True
2026-08-12,UUUUH212601650.U^H26,UUUU,2026-08-21,Call,16.5,0.13,0.15,True
2026-08-12,UUUUH212601700.U^H26,UUUU,2026-08-21,Call,17.0,0.09,0.08,True
2026-08-12,UUUUH212601750.U^H26,UUUU,2026-08-21,Call,17.5,,,True
2026-08-12,UUUUH212601800.U^H26,UUUU,2026-08-21,Call,18.0,0.045,0.09,True
2026-08-12,UUUUH212601850.U^H26,UUUU,2026-08-21,Call,18.5,0.085,,True
2026-08-12,UUUUH282601050.U^H26,UUUU,2026-08-28,Call,10.5,4.4,,True
2026-08-12,UUUUH282601100.U^H26,UUUU,2026-08-28,Call,11.0,3.925,,True
2026-08-12,UUUUH282601150.U^H26,UUUU,2026-08-28,Call,11.5,3.08,3.55,True
2026-08-12,UUUUH282601200.U^H26,UUUU,2026-08-28,Call,12.0,2.625,2.68,True
2026-08-12,UUUUH282601250.U^H26,UUUU,2026-08-28,Call,12.5,2.28,2.22,True
2026-08-12,UUUUH282601300.U^H26,UUUU,2026-08-28,Call,13.0,1.755,2.25,True
2026-08-12,UUUUH282601350.U^H26,UUUU,2026-08-28,Call,13.5,1.45,1.45,True
2026-08-12,UUUUH282601400.U^H26,UUUU,2026-08-28,Call,14.0,1.155,1.13,True
2026-08-12,UUUUH282601450.U^H26,UUUU,2026-08-28,Call,14.5,0.845,0.92,True
2026-08-12,UUUUH282601500.U^H26,UUUU,2026-08-28,Call,15.0,0.685,0.76,True
2026-08-12,UUUUH282601550.U^H26,UUUU,2026-08-28,Call,15.5,0.51,0.71,True
2026-08-12,UUUUH282601600.U^H26,UUUU,2026-08-28,Call,16.0,0.295,0.36,True
2026-08-12,UUUUH282601650.U^H26,UUUU,2026-08-28,Call,16.5,0.215,0.3,True
2026-08-12,UUUUH282601700.U^H26,UUUU,2026-08-28,Call,17.0,0.14,0.22,True
2026-08-12,UUUUH282601750.U^H26,UUUU,2026-08-28,Call,17.5,0.16,0.14,True
2026-08-12,UUUUH282601800.U^H26,UUUU,2026-08-28,Call,18.0,0.15,0.14,True
2026-08-12,UUUUH282601850.U^H26,UUUU,2026-08-28,Call,18.5,0.11,,True
2026-08-12,UUUUI042601050.U^I26,UUUU,2026-09-04,Call,10.5,4.55,,True
2026-08-12,UUUUI042601100.U^I26,UUUU,2026-09-04,Call,11.0,3.85,,True
2026-08-12,UUUUI042601150.U^I26,UUUU,2026-09-04,Call,11.5,3.475,,True
2026-08-12,UUUUI042601200.U^I26,UUUU,2026-09-04,Call,12.0,3.025,3.02,True
2026-08-12,UUUUI042601250.U^I26,UUUU,2026-09-04,Call,12.5,2.455,2.75,True
2026-08-12,UUUUI042601300.U^I26,UUUU,2026-09-04,Call,13.0,1.955,2.09,True
2026-08-12,UUUUI042601350.U^I26,UUUU,2026-09-04,Call,13.5,1.465,1.56,True
2026-08-12,UUUUI042601400.U^I26,UUUU,2026-09-04,Call,14.0,1.355,1.37,True
2026-08-12,UUUUI042601450.U^I26,UUUU,2026-09-04,Call,14.5,1.085,1.09,True
2026-08-12,UUUUI042601500.U^I26,UUUU,2026-09-04,Call,15.0,0.86,0.86,True
2026-08-12,UUUUI042601550.U^I26,UUUU,2026-09-04,Call,15.5,0.63,0.76,True
2026-08-12,UUUUI042601600.U^I26,UUUU,2026-09-04,Call,16.0,0.49,0.74,True
2026-08-12,UUUUI042601650.U^I26,UUUU,2026-09-04,Call,16.5,0.385,,True
2026-08-12,UUUUI042601700.U^I26,UUUU,2026-09-04,Call,17.0,0.27,0.36,True
2026-08-12,UUUUI042601750.U^I26,UUUU,2026-09-04,Call,17.5,0.225,0.36,True
2026-08-12,UUUUI042601800.U^I26,UUUU,2026-09-04,Call,18.0,0.21,,True
2026-08-12,UUUUI042601850.U^I26,UUUU,2026-09-04,Call,18.5,,,False
2026-08-12,UUUUT142601050.U^H26,UUUU,2026-08-14,Put,10.5,,0.01,True
2026-08-12,UUUUT142601100.U^H26,UUUU,2026-08-14,Put,11.0,,0.01,True
2026-08-12,UUUUT142601150.U^H26,UUUU,2026-08-14,Put,11.5,,0.01,True
2026-08-12,UUUUT142601200.U^H26,UUUU,2026-08-14,Put,12.0,,,True
2026-08-12,UUUUT142601250.U^H26,UUUU,2026-08-14,Put,12.5,,0.01,True
2026-08-12,UUUUT142601300.U^H26,UUUU,2026-08-14,Put,13.0,0.025,0.02,True
2026-08-12,UUUUT142601350.U^H26,UUUU,2026-08-14,Put,13.5,0.06,0.07,True
2026-08-12,UUUUT142601400.U^H26,UUUU,2026-08-14,Put,14.0,0.14,0.15,True
2026-08-12,UUUUT142601450.U^H26,UUUU,2026-08-14,Put,14.5,0.355,0.33,True
2026-08-12,UUUUT142601500.U^H26,UUUU,2026-08-14,Put,15.0,0.71,0.63,True
2026-08-12,UUUUT142601550.U^H26,UUUU,2026-08-14,Put,15.5,1.17,,True
2026-08-12,UUUUT142601600.U^H26,UUUU,2026-08-14,Put,16.0,1.6,1.58,True
2026-08-12,UUUUT142601650.U^H26,UUUU,2026-08-14,Put,16.5,2.005,,True
2026-08-12,UUUUT142601700.U^H26,UUUU,2026-08-14,Put,17.0,2.555,2.14,True
2026-08-12,UUUUT142601750.U^H26,UUUU,2026-08-14,Put,17.5,3.11,3.0,True
2026-08-12,UUUUT142601800.U^H26,UUUU,2026-08-14,Put,18.0,3.55,3.32,True
2026-08-12,UUUUT142601850.U^H26,UUUU,2026-08-14,Put,18.5,4.025,3.93,True
2026-08-12,UUUUT212601050.U^H26,UUUU,2026-08-21,Put,10.5,,0.01,True
2026-08-12,UUUUT212601100.U^H26,UUUU,2026-08-21,Put,11.0,,0.01,True
2026-08-12,UUUUT212601150.U^H26,UUUU,2026-08-21,Put,11.5,,0.05,True
2026-08-12,UUUUT212601200.U^H26,UUUU,2026-08-21,Put,12.0,0.075,0.04,True
2026-08-12,UUUUT212601250.U^H26,UUUU,2026-08-21,Put,12.5,0.075,,True
2026-08-12,UUUUT212601300.U^H26,UUUU,2026-08-21,Put,13.0,0.16,0.14,True
2026-08-12,UUUUT212601350.U^H26,UUUU,2026-08-21,Put,13.5,0.265,0.26,True
2026-08-12,UUUUT212601400.U^H26,UUUU,2026-08-21,Put,14.0,0.415,0.42,True
2026-08-12,UUUUT212601450.U^H26,UUUU,2026-08-21,Put,14.5,0.65,0.64,True
2026-08-12,UUUUT212601500.U^H26,UUUU,2026-08-21,Put,15.0,0.94,0.9,True
2026-08-12,UUUUT212601550.U^H26,UUUU,2026-08-21,Put,15.5,1.38,1.3,True
2026-08-12,UUUUT212601600.U^H26,UUUU,2026-08-21,Put,16.0,1.685,1.63,True
2026-08-12,UUUUT212601650.U^H26,UUUU,2026-08-21,Put,16.5,2.14,2.14,True
2026-08-12,UUUUT212601700.U^H26,UUUU,2026-08-21,Put,17.0,2.58,,True
2026-08-12,UUUUT212601750.U^H26,UUUU,2026-08-21,Put,17.5,2.885,,True
2026-08-12,UUUUT212601800.U^H26,UUUU,2026-08-21,Put,18.0,3.575,3.5,True
2026-08-12,UUUUT212601850.U^H26,UUUU,2026-08-21,Put,18.5,3.8,,True
2026-08-12,UUUUT282601050.U^H26,UUUU,2026-08-28,Put,10.5,0.065,0.06,True
2026-08-12,UUUUT282601100.U^H26,UUUU,2026-08-28,Put,11.0,0.08,0.05,True
2026-08-12,UUUUT282601150.U^H26,UUUU,2026-08-28,Put,11.5,,0.07,True
2026-08-12,UUUUT282601200.U^H26,UUUU,2026-08-28,Put,12.0,0.11,0.1,True
2026-08-12,UUUUT282601250.U^H26,UUUU,2026-08-28,Put,12.5,0.19,0.16,True
2026-08-12,UUUUT282601300.U^H26,UUUU,2026-08-28,Put,13.0,0.25,0.3,True
2026-08-12,UUUUT282601350.U^H26,UUUU,2026-08-28,Put,13.5,0.425,0.43,True
2026-08-12,UUUUT282601400.U^H26,UUUU,2026-08-28,Put,14.0,0.6,0.61,True
2026-08-12,UUUUT282601450.U^H26,UUUU,2026-08-28,Put,14.5,0.87,0.84,True
2026-08-12,UUUUT282601500.U^H26,UUUU,2026-08-28,Put,15.0,1.12,0.95,True
2026-08-12,UUUUT282601550.U^H26,UUUU,2026-08-28,Put,15.5,1.455,,True
2026-08-12,UUUUT282601600.U^H26,UUUU,2026-08-28,Put,16.0,1.68,,True
2026-08-12,UUUUT282601650.U^H26,UUUU,2026-08-28,Put,16.5,2.26,2.23,True
2026-08-12,UUUUT282601700.U^H26,UUUU,2026-08-28,Put,17.0,2.5,,True
2026-08-12,UUUUT282601750.U^H26,UUUU,2026-08-28,Put,17.5,3.055,,True
2026-08-12,UUUUT282601800.U^H26,UUUU,2026-08-28,Put,18.0,3.65,3.17,True
2026-08-12,UUUUT282601850.U^H26,UUUU,2026-08-28,Put,18.5,3.85,,True
2026-08-12,UUUUU042601050.U^I26,UUUU,2026-09-04,Put,10.5,,,True
2026-08-12,UUUUU042601100.U^I26,UUUU,2026-09-04,Put,11.0,0.085,0.1,True
2026-08-12,UUUUU042601150.U^I26,UUUU,2026-09-04,Put,11.5,0.105,,True
2026-08-12,UUUUU042601200.U^I26,UUUU,2026-09-04,Put,12.0,0.195,0.15,True
2026-08-12,UUUUU042601250.U^I26,UUUU,2026-09-04,Put,12.5,0.305,0.25,True
2026-08-12,UUUUU042601300.U^I26,UUUU,2026-09-04,Put,13.0,0.43,0.4,True
2026-08-12,UUUUU042601350.U^I26,UUUU,2026-09-04,Put,13.5,0.515,,True
2026-08-12,UUUUU042601400.U^I26,UUUU,2026-09-04,Put,14.0,0.805,0.79,True
2026-08-12,UUUUU042601450.U^I26,UUUU,2026-09-04,Put,14.5,1.15,1.05,True
2026-08-12,UUUUU042601500.U^I26,UUUU,2026-09-04,Put,15.0,1.33,1.2,True
2026-08-12,UUUUU042601550.U^I26,UUUU,2026-09-04,Put,15.5,1.755,1.65,True
2026-08-12,UUUUU042601600.U^I26,UUUU,2026-09-04,Put,16.0,1.925,,True
2026-08-12,UUUUU042601650.U^I26,UUUU,2026-09-04,Put,16.5,2.16,,True
2026-08-12,UUUUU042601700.U^I26,UUUU,2026-09-04,Put,17.0,2.545,,True
2026-08-12,UUUUU042601750.U^I26,UUUU,2026-09-04,Put,17.5,3.015,,True
2026-08-12,UUUUU042601800.U^I26,UUUU,2026-09-04,Put,18.0,3.65,3.35,True
2026-08-12,UUUUU042601850.U^I26,UUUU,2026-09-04,Put,18.5,,,False
2026-08-13,UUUUH142601050.U^H26,UUUU,2026-08-14,Call,10.5,4.1,3.93,True
2026-08-13,UUUUH142601100.U^H26,UUUU,2026-08-14,Call,11.0,3.7,3.42,True
2026-08-13,UUUUH142601150.U^H26,UUUU,2026-08-14,Call,11.5,3.125,3.12,True
2026-08-13,UUUUH142601200.U^H26,UUUU,2026-08-14,Call,12.0,2.46,2.47,True
2026-08-13,UUUUH142601250.U^H26,UUUU,2026-08-14,Call,12.5,2.075,1.9,True
2026-08-13,UUUUH142601300.U^H26,UUUU,2026-08-14,Call,13.0,1.7,1.59,True
2026-08-13,UUUUH142601350.U^H26,UUUU,2026-08-14,Call,13.5,1.15,1.04,True
2026-08-13,UUUUH142601400.U^H26,UUUU,2026-08-14,Call,14.0,0.645,0.69,True
2026-08-13,UUUUH142601450.U^H26,UUUU,2026-08-14,Call,14.5,0.305,0.3,True
2026-08-13,UUUUH142601500.U^H26,UUUU,2026-08-14,Call,15.0,0.1,0.11,True
2026-08-13,UUUUH142601550.U^H26,UUUU,2026-08-14,Call,15.5,0.035,0.03,True
2026-08-13,UUUUH142601600.U^H26,UUUU,2026-08-14,Call,16.0,0.015,0.01,True
2026-08-13,UUUUH142601650.U^H26,UUUU,2026-08-14,Call,16.5,,0.06,True
2026-08-13,UUUUH142601700.U^H26,UUUU,2026-08-14,Call,17.0,,,True
2026-08-13,UUUUH142601750.U^H26,UUUU,2026-08-14,Call,17.5,,0.14,True
2026-08-13,UUUUH142601800.U^H26,UUUU,2026-08-14,Call,18.0,,,True
2026-08-13,UUUUH142601850.U^H26,UUUU,2026-08-14,Call,18.5,,0.07,True
2026-08-13,UUUUH212601050.U^H26,UUUU,2026-08-21,Call,10.5,4.275,,True
2026-08-13,UUUUH212601100.U^H26,UUUU,2026-08-21,Call,11.0,3.44,3.71,True
2026-08-13,UUUUH212601150.U^H26,UUUU,2026-08-21,Call,11.5,3.165,3.06,True
2026-08-13,UUUUH212601200.U^H26,UUUU,2026-08-21,Call,12.0,2.63,2.6,True
2026-08-13,UUUUH212601250.U^H26,UUUU,2026-08-21,Call,12.5,2.09,2.02,True
2026-08-13,UUUUH212601300.U^H26,UUUU,2026-08-21,Call,13.0,1.72,1.71,True
2026-08-13,UUUUH212601350.U^H26,UUUU,2026-08-21,Call,13.5,1.265,1.16,True
2026-08-13,UUUUH212601400.U^H26,UUUU,2026-08-21,Call,14.0,0.96,0.93,True
2026-08-13,UUUUH212601450.U^H26,UUUU,2026-08-21,Call,14.5,0.65,0.7,True
2026-08-13,UUUUH212601500.U^H26,UUUU,2026-08-21,Call,15.0,0.355,0.46,True
2026-08-13,UUUUH212601550.U^H26,UUUU,2026-08-21,Call,15.5,0.29,0.25,True
2026-08-13,UUUUH212601600.U^H26,UUUU,2026-08-21,Call,16.0,0.165,0.18,True
2026-08-13,UUUUH212601650.U^H26,UUUU,2026-08-21,Call,16.5,0.125,0.12,True
2026-08-13,UUUUH212601700.U^H26,UUUU,2026-08-21,Call,17.0,0.08,0.06,True
2026-08-13,UUUUH212601750.U^H26,UUUU,2026-08-21,Call,17.5,0.085,,True
2026-08-13,UUUUH212601800.U^H26,UUUU,2026-08-21,Call,18.0,0.04,0.05,True
2026-08-13,UUUUH212601850.U^H26,UUUU,2026-08-21,Call,18.5,0.03,,True
2026-08-13,UUUUH282601050.U^H26,UUUU,2026-08-28,Call,10.5,4.1,,True
2026-08-13,UUUUH282601100.U^H26,UUUU,2026-08-28,Call,11.0,3.625,,True
2026-08-13,UUUUH282601150.U^H26,UUUU,2026-08-28,Call,11.5,3.155,3.12,True
2026-08-13,UUUUH282601200.U^H26,UUUU,2026-08-28,Call,12.0,2.685,2.65,True
2026-08-13,UUUUH282601250.U^H26,UUUU,2026-08-28,Call,12.5,2.13,2.1,True
2026-08-13,UUUUH282601300.U^H26,UUUU,2026-08-28,Call,13.0,1.86,1.75,True
2026-08-13,UUUUH282601350.U^H26,UUUU,2026-08-28,Call,13.5,1.405,1.5,True
2026-08-13,UUUUH282601400.U^H26,UUUU,2026-08-28,Call,14.0,1.07,1.05,True
2026-08-13,UUUUH282601450.U^H26,UUUU,2026-08-28,Call,14.5,0.905,0.74,True
2026-08-13,UUUUH282601500.U^H26,UUUU,2026-08-28,Call,15.0,0.58,0.68,True
2026-08-13,UUUUH282601550.U^H26,UUUU,2026-08-28,Call,15.5,0.495,0.41,True
2026-08-13,UUUUH282601600.U^H26,UUUU,2026-08-28,Call,16.0,0.35,0.35,True
2026-08-13,UUUUH282601650.U^H26,UUUU,2026-08-28,Call,16.5,0.215,0.26,True
2026-08-13,UUUUH282601700.U^H26,UUUU,2026-08-28,Call,17.0,0.17,0.16,True
2026-08-13,UUUUH282601750.U^H26,UUUU,2026-08-28,Call,17.5,0.155,,True
2026-08-13,UUUUH282601800.U^H26,UUUU,2026-08-28,Call,18.0,0.11,0.08,True
2026-08-13,UUUUH282601850.U^H26,UUUU,2026-08-28,Call,18.5,0.09,,True
2026-08-13,UUUUI042601050.U^I26,UUUU,2026-09-04,Call,10.5,4.1,,True
2026-08-13,UUUUI042601100.U^I26,UUUU,2026-09-04,Call,11.0,3.625,,True
2026-08-13,UUUUI042601150.U^I26,UUUU,2026-09-04,Call,11.5,3.225,,True
2026-08-13,UUUUI042601200.U^I26,UUUU,2026-09-04,Call,12.0,2.765,,True
2026-08-13,UUUUI042601250.U^I26,UUUU,2026-09-04,Call,12.5,2.355,,True
2026-08-13,UUUUI042601300.U^I26,UUUU,2026-09-04,Call,13.0,2.015,,True
2026-08-13,UUUUI042601350.U^I26,UUUU,2026-09-04,Call,13.5,1.63,,True
2026-08-13,UUUUI042601400.U^I26,UUUU,2026-09-04,Call,14.0,1.285,1.2,True
2026-08-13,UUUUI042601450.U^I26,UUUU,2026-09-04,Call,14.5,1.075,1.07,True
2026-08-13,UUUUI042601500.U^I26,UUUU,2026-09-04,Call,15.0,0.87,0.74,True
2026-08-13,UUUUI042601550.U^I26,UUUU,2026-09-04,Call,15.5,0.67,0.61,True
2026-08-13,UUUUI042601600.U^I26,UUUU,2026-09-04,Call,16.0,0.485,0.51,True
2026-08-13,UUUUI042601650.U^I26,UUUU,2026-09-04,Call,16.5,0.37,0.48,True
2026-08-13,UUUUI042601700.U^I26,UUUU,2026-09-04,Call,17.0,0.265,0.31,True
2026-08-13,UUUUI042601750.U^I26,UUUU,2026-09-04,Call,17.5,0.25,,True
2026-08-13,UUUUI042601800.U^I26,UUUU,2026-09-04,Call,18.0,0.12,0.12,True
2026-08-13,UUUUI042601850.U^I26,UUUU,2026-09-04,Call,18.5,,,False
2026-08-13,UUUUT142601050.U^H26,UUUU,2026-08-14,Put,10.5,,0.02,True
2026-08-13,UUUUT142601100.U^H26,UUUU,2026-08-14,Put,11.0,,0.03,True
2026-08-13,UUUUT142601150.U^H26,UUUU,2026-08-14,Put,11.5,,0.06,True
2026-08-13,UUUUT142601200.U^H26,UUUU,2026-08-14,Put,12.0,,0.01,True
2026-08-13,UUUUT142601250.U^H26,UUUU,2026-08-14,Put,12.5,,0.01,True
2026-08-13,UUUUT142601300.U^H26,UUUU,2026-08-14,Put,13.0,,0.01,True
2026-08-13,UUUUT142601350.U^H26,UUUU,2026-08-14,Put,13.5,0.02,0.02,True
2026-08-13,UUUUT142601400.U^H26,UUUU,2026-08-14,Put,14.0,0.06,0.06,True
2026-08-13,UUUUT142601450.U^H26,UUUU,2026-08-14,Put,14.5,0.18,0.21,True
2026-08-13,UUUUT142601500.U^H26,UUUU,2026-08-14,Put,15.0,0.485,0.69,True
2026-08-13,UUUUT142601550.U^H26,UUUU,2026-08-14,Put,15.5,1.005,,True
2026-08-13,UUUUT142601600.U^H26,UUUU,2026-08-14,Put,16.0,1.605,1.54,True
2026-08-13,UUUUT142601650.U^H26,UUUU,2026-08-14,Put,16.5,2.15,1.89,True
2026-08-13,UUUUT142601700.U^H26,UUUU,2026-08-14,Put,17.0,2.605,2.37,True
2026-08-13,UUUUT142601750.U^H26,UUUU,2026-08-14,Put,17.5,2.95,2.95,True
2026-08-13,UUUUT142601800.U^H26,UUUU,2026-08-14,Put,18.0,3.335,3.05,True
2026-08-13,UUUUT142601850.U^H26,UUUU,2026-08-14,Put,18.5,3.8,,True
2026-08-13,UUUUT212601050.U^H26,UUUU,2026-08-21,Put,10.5,,0.01,True
2026-08-13,UUUUT212601100.U^H26,UUUU,2026-08-21,Put,11.0,,,True
2026-08-13,UUUUT212601150.U^H26,UUUU,2026-08-21,Put,11.5,,0.02,True
2026-08-13,UUUUT212601200.U^H26,UUUU,2026-08-21,Put,12.0,0.04,0.08,True
2026-08-13,UUUUT212601250.U^H26,UUUU,2026-08-21,Put,12.5,0.075,0.06,True
2026-08-13,UUUUT212601300.U^H26,UUUU,2026-08-21,Put,13.0,0.095,0.12,True
2026-08-13,UUUUT212601350.U^H26,UUUU,2026-08-21,Put,13.5,0.175,0.14,True
2026-08-13,UUUUT212601400.U^H26,UUUU,2026-08-21,Put,14.0,0.36,0.37,True
2026-08-13,UUUUT212601450.U^H26,UUUU,2026-08-21,Put,14.5,0.565,0.6,True
2026-08-13,UUUUT212601500.U^H26,UUUU,2026-08-21,Put,15.0,0.89,1.0,True
2026-08-13,UUUUT212601550.U^H26,UUUU,2026-08-21,Put,15.5,1.155,1.2,True
2026-08-13,UUUUT212601600.U^H26,UUUU,2026-08-21,Put,16.0,1.675,,True
2026-08-13,UUUUT212601650.U^H26,UUUU,2026-08-21,Put,16.5,2.005,2.01,True
2026-08-13,UUUUT212601700.U^H26,UUUU,2026-08-21,Put,17.0,2.49,2.5,True
2026-08-13,UUUUT212601750.U^H26,UUUU,2026-08-21,Put,17.5,3.0,3.1,True
2026-08-13,UUUUT212601800.U^H26,UUUU,2026-08-21,Put,18.0,3.45,3.53,True
2026-08-13,UUUUT212601850.U^H26,UUUU,2026-08-21,Put,18.5,4.1,,True
2026-08-13,UUUUT282601050.U^H26,UUUU,2026-08-28,Put,10.5,,,True
2026-08-13,UUUUT282601100.U^H26,UUUU,2026-08-28,Put,11.0,0.075,,True
2026-08-13,UUUUT282601150.U^H26,UUUU,2026-08-28,Put,11.5,,,True
2026-08-13,UUUUT282601200.U^H26,UUUU,2026-08-28,Put,12.0,0.055,0.1,True
2026-08-13,UUUUT282601250.U^H26,UUUU,2026-08-28,Put,12.5,0.15,0.15,True
2026-08-13,UUUUT282601300.U^H26,UUUU,2026-08-28,Put,13.0,0.23,0.23,True
2026-08-13,UUUUT282601350.U^H26,UUUU,2026-08-28,Put,13.5,0.375,0.38,True
2026-08-13,UUUUT282601400.U^H26,UUUU,2026-08-28,Put,14.0,0.56,0.55,True
2026-08-13,UUUUT282601450.U^H26,UUUU,2026-08-28,Put,14.5,0.795,0.79,True
2026-08-13,UUUUT282601500.U^H26,UUUU,2026-08-28,Put,15.0,1.07,1.1,True
2026-08-13,UUUUT282601550.U^H26,UUUU,2026-08-28,Put,15.5,1.355,1.5,True
2026-08-13,UUUUT282601600.U^H26,UUUU,2026-08-28,Put,16.0,1.75,1.77,True
2026-08-13,UUUUT282601650.U^H26,UUUU,2026-08-28,Put,16.5,2.06,2.15,True
2026-08-13,UUUUT282601700.U^H26,UUUU,2026-08-28,Put,17.0,2.665,,True
2026-08-13,UUUUT282601750.U^H26,UUUU,2026-08-28,Put,17.5,3.055,,True
2026-08-13,UUUUT282601800.U^H26,UUUU,2026-08-28,Put,18.0,3.475,,True
2026-08-13,UUUUT282601850.U^H26,UUUU,2026-08-28,Put,18.5,3.975,,True
2026-08-13,UUUUU042601050.U^I26,UUUU,2026-09-04,Put,10.5,,,True
2026-08-13,UUUUU042601100.U^I26,UUUU,2026-09-04,Put,11.0,0.1,0.1,True
2026-08-13,UUUUU042601150.U^I26,UUUU,2026-09-04,Put,11.5,0.075,0.13,True
2026-08-13,UUUUU042601200.U^I26,UUUU,2026-09-04,Put,12.0,0.2,0.15,True
2026-08-13,UUUUU042601250.U^I26,UUUU,2026-09-04,Put,12.5,0.265,0.23,True
2026-08-13,UUUUU042601300.U^I26,UUUU,2026-09-04,Put,13.0,0.38,0.37,True
2026-08-13,UUUUU042601350.U^I26,UUUU,2026-09-04,Put,13.5,0.52,,True
2026-08-13,UUUUU042601400.U^I26,UUUU,2026-09-04,Put,14.0,0.72,0.67,True
2026-08-13,UUUUU042601450.U^I26,UUUU,2026-09-04,Put,14.5,1.0,1.02,True
2026-08-13,UUUUU042601500.U^I26,UUUU,2026-09-04,Put,15.0,1.205,1.34,True
2026-08-13,UUUUU042601550.U^I26,UUUU,2026-09-04,Put,15.5,1.495,1.53,True
2026-08-13,UUUUU042601600.U^I26,UUUU,2026-09-04,Put,16.0,1.92,,True
2026-08-13,UUUUU042601650.U^I26,UUUU,2026-09-04,Put,16.5,2.305,,True
2026-08-13,UUUUU042601700.U^I26,UUUU,2026-09-04,Put,17.0,2.625,,True
2026-08-13,UUUUU042601750.U^I26,UUUU,2026-09-04,Put,17.5,3.14,,True
2026-08-13,UUUUU042601800.U^I26,UUUU,2026-09-04,Put,18.0,3.575,,True
2026-08-13,UUUUU042601850.U^I26,UUUU,2026-09-04,Put,18.5,,,False
2026-08-14,UUUUH142601050.U^H26,UUUU,2026-08-14,Call,10.5,4.675,4.65,True
2026-08-14,UUUUH142601100.U^H26,UUUU,2026-08-14,Call,11.0,4.175,4.15,True
2026-08-14,UUUUH142601150.U^H26,UUUU,2026-08-14,Call,11.5,3.65,3.75,True
2026-08-14,UUUUH142601200.U^H26,UUUU,2026-08-14,Call,12.0,3.14,3.15,True
2026-08-14,UUUUH142601250.U^H26,UUUU,2026-08-14,Call,12.5,2.66,2.7,True
2026-08-14,UUUUH142601300.U^H26,UUUU,2026-08-14,Call,13.0,2.21,2.2,True
2026-08-14,UUUUH142601350.U^H26,UUUU,2026-08-14,Call,13.5,1.66,1.67,True
2026-08-14,UUUUH142601400.U^H26,UUUU,2026-08-14,Call,14.0,1.12,1.14,True
2026-08-14,UUUUH142601450.U^H26,UUUU,2026-08-14,Call,14.5,0.68,0.68,True
2026-08-14,UUUUH142601500.U^H26,UUUU,2026-08-14,Call,15.0,0.115,0.14,True
2026-08-14,UUUUH142601550.U^H26,UUUU,2026-08-14,Call,15.5,,0.01,True
2026-08-14,UUUUH142601600.U^H26,UUUU,2026-08-14,Call,16.0,,0.03,True
2026-08-14,UUUUH142601650.U^H26,UUUU,2026-08-14,Call,16.5,,0.01,True
2026-08-14,UUUUH142601700.U^H26,UUUU,2026-08-14,Call,17.0,,0.02,True
2026-08-14,UUUUH142601750.U^H26,UUUU,2026-08-14,Call,17.5,,0.01,True
2026-08-14,UUUUH142601800.U^H26,UUUU,2026-08-14,Call,18.0,,0.01,True
2026-08-14,UUUUH142601850.U^H26,UUUU,2026-08-14,Call,18.5,,0.03,True
2026-08-14,UUUUH212601050.U^H26,UUUU,2026-08-21,Call,10.5,4.425,4.5,True
2026-08-14,UUUUH212601100.U^H26,UUUU,2026-08-21,Call,11.0,4.175,4.0,True
2026-08-14,UUUUH212601150.U^H26,UUUU,2026-08-21,Call,11.5,3.65,3.68,True
2026-08-14,UUUUH212601200.U^H26,UUUU,2026-08-21,Call,12.0,3.175,3.23,True
2026-08-14,UUUUH212601250.U^H26,UUUU,2026-08-21,Call,12.5,2.65,2.66,True
2026-08-14,UUUUH212601300.U^H26,UUUU,2026-08-21,Call,13.0,2.21,2.18,True
2026-08-14,UUUUH212601350.U^H26,UUUU,2026-08-21,Call,13.5,1.74,1.77,True
2026-08-14,UUUUH212601400.U^H26,UUUU,2026-08-21,Call,14.0,1.305,1.3,True
2026-08-14,UUUUH212601450.U^H26,UUUU,2026-08-21,Call,14.5,0.935,0.97,True
2026-08-14,UUUUH212601500.U^H26,UUUU,2026-08-21,Call,15.0,0.59,0.61,True
2026-08-14,UUUUH212601550.U^H26,UUUU,2026-08-21,Call,15.5,0.41,0.39,True
2026-08-14,UUUUH212601600.U^H26,UUUU,2026-08-21,Call,16.0,0.23,0.24,True
2026-08-14,UUUUH212601650.U^H26,UUUU,2026-08-21,Call,16.5,0.135,0.13,True
2026-08-14,UUUUH212601700.U^H26,UUUU,2026-08-21,Call,17.0,0.085,0.11,True
2026-08-14,UUUUH212601750.U^H26,UUUU,2026-08-21,Call,17.5,,0.06,True
2026-08-14,UUUUH212601800.U^H26,UUUU,2026-08-21,Call,18.0,0.035,0.04,True
2026-08-14,UUUUH212601850.U^H26,UUUU,2026-08-21,Call,18.5,,0.03,True
2026-08-14,UUUUH282601050.U^H26,UUUU,2026-08-28,Call,10.5,4.7,,True
2026-08-14,UUUUH282601100.U^H26,UUUU,2026-08-28,Call,11.0,4.15,4.2,True
2026-08-14,UUUUH282601150.U^H26,UUUU,2026-08-28,Call,11.5,3.7,3.75,True
2026-08-14,UUUUH282601200.U^H26,UUUU,2026-08-28,Call,12.0,3.225,3.2,True
2026-08-14,UUUUH282601250.U^H26,UUUU,2026-08-28,Call,12.5,2.7,2.78,True
2026-08-14,UUUUH282601300.U^H26,UUUU,2026-08-28,Call,13.0,2.3,2.31,True
2026-08-14,UUUUH282601350.U^H26,UUUU,2026-08-28,Call,13.5,1.87,1.9,True
2026-08-14,UUUUH282601400.U^H26,UUUU,2026-08-28,Call,14.0,1.485,1.55,True
2026-08-14,UUUUH282601450.U^H26,UUUU,2026-08-28,Call,14.5,1.055,1.3,True
2026-08-14,UUUUH282601500.U^H26,UUUU,2026-08-28,Call,15.0,0.89,0.86,True
2026-08-14,UUUUH282601550.U^H26,UUUU,2026-08-28,Call,15.5,0.655,0.65,True
2026-08-14,UUUUH282601600.U^H26,UUUU,2026-08-28,Call,16.0,0.415,0.52,True
2026-08-14,UUUUH282601650.U^H26,UUUU,2026-08-28,Call,16.5,0.32,0.38,True
2026-08-14,UUUUH282601700.U^H26,UUUU,2026-08-28,Call,17.0,0.235,0.24,True
2026-08-14,UUUUH282601750.U^H26,UUUU,2026-08-28,Call,17.5,0.115,0.19,True
2026-08-14,UUUUH282601800.U^H26,UUUU,2026-08-28,Call,18.0,0.115,0.14,True
2026-08-14,UUUUH282601850.U^H26,UUUU,2026-08-28,Call,18.5,0.09,0.09,True
2026-08-14,UUUUI042601050.U^I26,UUUU,2026-09-04,Call,10.5,4.5,,True
2026-08-14,UUUUI042601100.U^I26,UUUU,2026-09-04,Call,11.0,4.075,4.24,True
2026-08-14,UUUUI042601150.U^I26,UUUU,2026-09-04,Call,11.5,3.65,,True
2026-08-14,UUUUI042601200.U^I26,UUUU,2026-09-04,Call,12.0,3.22,,True
2026-08-14,UUUUI042601250.U^I26,UUUU,2026-09-04,Call,12.5,2.88,,True
2026-08-14,UUUUI042601300.U^I26,UUUU,2026-09-04,Call,13.0,2.32,,True
2026-08-14,UUUUI042601350.U^I26,UUUU,2026-09-04,Call,13.5,2.065,2.04,True
2026-08-14,UUUUI042601400.U^I26,UUUU,2026-09-04,Call,14.0,1.665,1.72,True
2026-08-14,UUUUI042601450.U^I26,UUUU,2026-09-04,Call,14.5,1.335,1.32,True
2026-08-14,UUUUI042601500.U^I26,UUUU,2026-09-04,Call,15.0,1.085,1.05,True
2026-08-14,UUUUI042601550.U^I26,UUUU,2026-09-04,Call,15.5,0.87,0.94,True
2026-08-14,UUUUI042601600.U^I26,UUUU,2026-09-04,Call,16.0,0.68,0.69,True
2026-08-14,UUUUI042601650.U^I26,UUUU,2026-09-04,Call,16.5,0.53,0.51,True
2026-08-14,UUUUI042601700.U^I26,UUUU,2026-09-04,Call,17.0,0.4,0.4,True
2026-08-14,UUUUI042601750.U^I26,UUUU,2026-09-04,Call,17.5,0.255,,True
2026-08-14,UUUUI042601800.U^I26,UUUU,2026-09-04,Call,18.0,0.23,0.23,True
2026-08-14,UUUUI042601850.U^I26,UUUU,2026-09-04,Call,18.5,,,False
2026-08-14,UUUUT142601050.U^H26,UUUU,2026-08-14,Put,10.5,,,True
2026-08-14,UUUUT142601100.U^H26,UUUU,2026-08-14,Put,11.0,,0.01,True
2026-08-14,UUUUT142601150.U^H26,UUUU,2026-08-14,Put,11.5,,0.01,True
2026-08-14,UUUUT142601200.U^H26,UUUU,2026-08-14,Put,12.0,,0.01,True
2026-08-14,UUUUT142601250.U^H26,UUUU,2026-08-14,Put,12.5,,0.01,True
2026-08-14,UUUUT142601300.U^H26,UUUU,2026-08-14,Put,13.0,,0.02,True
2026-08-14,UUUUT142601350.U^H26,UUUU,2026-08-14,Put,13.5,,0.03,True
2026-08-14,UUUUT142601400.U^H26,UUUU,2026-08-14,Put,14.0,,0.03,True
2026-08-14,UUUUT142601450.U^H26,UUUU,2026-08-14,Put,14.5,,0.03,True
2026-08-14,UUUUT142601500.U^H26,UUUU,2026-08-14,Put,15.0,,0.01,True
2026-08-14,UUUUT142601550.U^H26,UUUU,2026-08-14,Put,15.5,0.305,0.31,True
2026-08-14,UUUUT142601600.U^H26,UUUU,2026-08-14,Put,16.0,0.875,,True
2026-08-14,UUUUT142601650.U^H26,UUUU,2026-08-14,Put,16.5,1.445,1.32,True
2026-08-14,UUUUT142601700.U^H26,UUUU,2026-08-14,Put,17.0,1.86,1.85,True
2026-08-14,UUUUT142601750.U^H26,UUUU,2026-08-14,Put,17.5,2.375,2.37,True
2026-08-14,UUUUT142601800.U^H26,UUUU,2026-08-14,Put,18.0,2.8,2.85,True
2026-08-14,UUUUT142601850.U^H26,UUUU,2026-08-14,Put,18.5,3.325,3.39,True
2026-08-14,UUUUT212601050.U^H26,UUUU,2026-08-21,Put,10.5,,0.01,True
2026-08-14,UUUUT212601100.U^H26,UUUU,2026-08-21,Put,11.0,,0.01,True
2026-08-14,UUUUT212601150.U^H26,UUUU,2026-08-21,Put,11.5,,0.01,True
2026-08-14,UUUUT212601200.U^H26,UUUU,2026-08-21,Put,12.0,,0.03,True
2026-08-14,UUUUT212601250.U^H26,UUUU,2026-08-21,Put,12.5,,,True
2026-08-14,UUUUT212601300.U^H26,UUUU,2026-08-21,Put,13.0,,0.03,True
2026-08-14,UUUUT212601350.U^H26,UUUU,2026-08-21,Put,13.5,0.08,0.11,True
2026-08-14,UUUUT212601400.U^H26,UUUU,2026-08-21,Put,14.0,0.14,0.16,True
2026-08-14,UUUUT212601450.U^H26,UUUU,2026-08-21,Put,14.5,0.3,0.28,True
2026-08-14,UUUUT212601500.U^H26,UUUU,2026-08-21,Put,15.0,0.5,0.48,True
2026-08-14,UUUUT212601550.U^H26,UUUU,2026-08-21,Put,15.5,0.755,0.75,True
2026-08-14,UUUUT212601600.U^H26,UUUU,2026-08-21,Put,16.0,1.105,1.12,True
2026-08-14,UUUUT212601650.U^H26,UUUU,2026-08-21,Put,16.5,1.495,1.53,True
2026-08-14,UUUUT212601700.U^H26,UUUU,2026-08-21,Put,17.0,1.9,1.94,True
2026-08-14,UUUUT212601750.U^H26,UUUU,2026-08-21,Put,17.5,2.44,,True
2026-08-14,UUUUT212601800.U^H26,UUUU,2026-08-21,Put,18.0,2.955,2.82,True
2026-08-14,UUUUT212601850.U^H26,UUUU,2026-08-21,Put,18.5,3.5,,True
2026-08-14,UUUUT282601050.U^H26,UUUU,2026-08-28,Put,10.5,0.075,,True
2026-08-14,UUUUT282601100.U^H26,UUUU,2026-08-28,Put,11.0,0.08,0.02,True
2026-08-14,UUUUT282601150.U^H26,UUUU,2026-08-28,Put,11.5,0.12,0.03,True
2026-08-14,UUUUT282601200.U^H26,UUUU,2026-08-28,Put,12.0,,0.05,True
2026-08-14,UUUUT282601250.U^H26,UUUU,2026-08-28,Put,12.5,0.09,0.07,True
2026-08-14,UUUUT282601300.U^H26,UUUU,2026-08-28,Put,13.0,0.125,0.11,True
2026-08-14,UUUUT282601350.U^H26,UUUU,2026-08-28,Put,13.5,0.205,0.21,True
2026-08-14,UUUUT282601400.U^H26,UUUU,2026-08-28,Put,14.0,0.325,0.31,True
2026-08-14,UUUUT282601450.U^H26,UUUU,2026-08-28,Put,14.5,0.485,0.51,True
2026-08-14,UUUUT282601500.U^H26,UUUU,2026-08-28,Put,15.0,0.715,0.68,True
2026-08-14,UUUUT282601550.U^H26,UUUU,2026-08-28,Put,15.5,0.98,1.01,True
2026-08-14,UUUUT282601600.U^H26,UUUU,2026-08-28,Put,16.0,1.29,1.29,True
2026-08-14,UUUUT282601650.U^H26,UUUU,2026-08-28,Put,16.5,1.6,,True
2026-08-14,UUUUT282601700.U^H26,UUUU,2026-08-28,Put,17.0,2.06,2.07,True
2026-08-14,UUUUT282601750.U^H26,UUUU,2026-08-28,Put,17.5,2.545,,True
2026-08-14,UUUUT282601800.U^H26,UUUU,2026-08-28,Put,18.0,3.0,,True
2026-08-14,UUUUT282601850.U^H26,UUUU,2026-08-28,Put,18.5,3.5,,True
2026-08-14,UUUUU042601050.U^I26,UUUU,2026-09-04,Put,10.5,,,True
2026-08-14,UUUUU042601100.U^I26,UUUU,2026-09-04,Put,11.0,,,True
2026-08-14,UUUUU042601150.U^I26,UUUU,2026-09-04,Put,11.5,,0.06,True
2026-08-14,UUUUU042601200.U^I26,UUUU,2026-09-04,Put,12.0,0.07,,True
2026-08-14,UUUUU042601250.U^I26,UUUU,2026-09-04,Put,12.5,0.12,0.13,True
2026-08-14,UUUUU042601300.U^I26,UUUU,2026-09-04,Put,13.0,0.2,0.15,True
2026-08-14,UUUUU042601350.U^I26,UUUU,2026-09-04,Put,13.5,0.3,0.37,True
2026-08-14,UUUUU042601400.U^I26,UUUU,2026-09-04,Put,14.0,0.44,0.48,True
2026-08-14,UUUUU042601450.U^I26,UUUU,2026-09-04,Put,14.5,0.71,0.69,True
2026-08-14,UUUUU042601500.U^I26,UUUU,2026-09-04,Put,15.0,0.9,0.89,True
2026-08-14,UUUUU042601550.U^I26,UUUU,2026-09-04,Put,15.5,1.18,1.16,True
2026-08-14,UUUUU042601600.U^I26,UUUU,2026-09-04,Put,16.0,1.455,1.58,True
2026-08-14,UUUUU042601650.U^I26,UUUU,2026-09-04,Put,16.5,1.855,1.88,True
2026-08-14,UUUUU042601700.U^I26,UUUU,2026-09-04,Put,17.0,2.215,2.2,True
2026-08-14,UUUUU042601750.U^I26,UUUU,2026-09-04,Put,17.5,2.615,,True
2026-08-14,UUUUU042601800.U^I26,UUUU,2026-09-04,Put,18.0,3.125,,True
2026-08-14,UUUUU042601850.U^I26,UUUU,2026-09-04,Put,18.5,,,False
2026-08-17,UUUUH212601050.U^H26,UUUU,2026-08-21,Call,10.5,4.35,4.23,True
2026-08-17,UUUUH212601100.U^H26,UUUU,2026-08-21,Call,11.0,3.825,3.75,True
2026-08-17,UUUUH212601150.U^H26,UUUU,2026-08-21,Call,11.5,3.345,3.37,True
2026-08-17,UUUUH212601200.U^H26,UUUU,2026-08-21,Call,12.0,2.775,2.87,True
2026-08-17,UUUUH212601250.U^H26,UUUU,2026-08-21,Call,12.5,2.31,2.48,True
2026-08-17,UUUUH212601300.U^H26,UUUU,2026-08-21,Call,13.0,1.855,1.81,True
2026-08-17,UUUUH212601350.U^H26,UUUU,2026-08-21,Call,13.5,1.315,1.31,True
2026-08-17,UUUUH212601400.U^H26,UUUU,2026-08-21,Call,14.0,0.94,0.9,True
2026-08-17,UUUUH212601450.U^H26,UUUU,2026-08-21,Call,14.5,0.61,0.64,True
2026-08-17,UUUUH212601500.U^H26,UUUU,2026-08-21,Call,15.0,0.35,0.35,True
2026-08-17,UUUUH212601550.U^H26,UUUU,2026-08-21,Call,15.5,0.205,0.21,True
2026-08-17,UUUUH212601600.U^H26,UUUU,2026-08-21,Call,16.0,0.105,0.11,True
2026-08-17,UUUUH212601650.U^H26,UUUU,2026-08-21,Call,16.5,0.055,0.04,True
2026-08-17,UUUUH212601700.U^H26,UUUU,2026-08-21,Call,17.0,0.035,0.03,True
2026-08-17,UUUUH212601750.U^H26,UUUU,2026-08-21,Call,17.5,,0.02,True
2026-08-17,UUUUH212601800.U^H26,UUUU,2026-08-21,Call,18.0,0.015,0.02,True
2026-08-17,UUUUH212601850.U^H26,UUUU,2026-08-21,Call,18.5,,,True
2026-08-17,UUUUH282601050.U^H26,UUUU,2026-08-28,Call,10.5,4.375,4.2,True
2026-08-17,UUUUH282601100.U^H26,UUUU,2026-08-28,Call,11.0,3.775,3.89,True
2026-08-17,UUUUH282601150.U^H26,UUUU,2026-08-28,Call,11.5,3.225,3.47,True
2026-08-17,UUUUH282601200.U^H26,UUUU,2026-08-28,Call,12.0,2.84,3.12,True
2026-08-17,UUUUH282601250.U^H26,UUUU,2026-08-28,Call,12.5,2.45,2.65,True
2026-08-17,UUUUH282601300.U^H26,UUUU,2026-08-28,Call,13.0,1.92,1.87,True
2026-08-17,UUUUH282601350.U^H26,UUUU,2026-08-28,Call,13.5,1.505,1.49,True
2026-08-17,UUUUH282601400.U^H26,UUUU,2026-08-28,Call,14.0,1.14,1.19,True
2026-08-17,UUUUH282601450.U^H26,UUUU,2026-08-28,Call,14.5,0.895,0.96,True
2026-08-17,UUUUH282601500.U^H26,UUUU,2026-08-28,Call,15.0,0.625,0.64,True
2026-08-17,UUUUH282601550.U^H26,UUUU,2026-08-28,Call,15.5,0.44,0.47,True
2026-08-17,UUUUH282601600.U^H26,UUUU,2026-08-28,Call,16.0,0.3,0.33,True
2026-08-17,UUUUH282601650.U^H26,UUUU,2026-08-28,Call,16.5,0.2,0.15,True
2026-08-17,UUUUH282601700.U^H26,UUUU,2026-08-28,Call,17.0,0.15,0.13,True
2026-08-17,UUUUH282601750.U^H26,UUUU,2026-08-28,Call,17.5,0.06,0.12,True
2026-08-17,UUUUH282601800.U^H26,UUUU,2026-08-28,Call,18.0,0.08,0.1,True
2026-08-17,UUUUH282601850.U^H26,UUUU,2026-08-28,Call,18.5,,0.06,True
2026-08-17,UUUUI042601050.U^I26,UUUU,2026-09-04,Call,10.5,4.25,,True
2026-08-17,UUUUI042601100.U^I26,UUUU,2026-09-04,Call,11.0,3.925,3.85,True
2026-08-17,UUUUI042601150.U^I26,UUUU,2026-09-04,Call,11.5,3.475,,True
2026-08-17,UUUUI042601200.U^I26,UUUU,2026-09-04,Call,12.0,2.925,3.12,True
2026-08-17,UUUUI042601250.U^I26,UUUU,2026-09-04,Call,12.5,2.55,,True
2026-08-17,UUUUI042601300.U^I26,UUUU,2026-09-04,Call,13.0,2.09,2.12,True
2026-08-17,UUUUI042601350.U^I26,UUUU,2026-09-04,Call,13.5,1.68,1.64,True
2026-08-17,UUUUI042601400.U^I26,UUUU,2026-09-04,Call,14.0,1.36,1.33,True
2026-08-17,UUUUI042601450.U^I26,UUUU,2026-09-04,Call,14.5,1.065,1.04,True
2026-08-17,UUUUI042601500.U^I26,UUUU,2026-09-04,Call,15.0,0.815,0.87,True
2026-08-17,UUUUI042601550.U^I26,UUUU,2026-09-04,Call,15.5,0.66,0.7,True
2026-08-17,UUUUI042601600.U^I26,UUUU,2026-09-04,Call,16.0,0.48,0.51,True
2026-08-17,UUUUI042601650.U^I26,UUUU,2026-09-04,Call,16.5,0.34,0.5,True
2026-08-17,UUUUI042601700.U^I26,UUUU,2026-09-04,Call,17.0,0.325,0.28,True
2026-08-17,UUUUI042601750.U^I26,UUUU,2026-09-04,Call,17.5,0.205,0.2,True
2026-08-17,UUUUI042601800.U^I26,UUUU,2026-09-04,Call,18.0,0.16,0.16,True
2026-08-17,UUUUI042601850.U^I26,UUUU,2026-09-04,Call,18.5,0.105,,True
2026-08-17,UUUUT212601050.U^H26,UUUU,2026-08-21,Put,10.5,,0.01,True
2026-08-17,UUUUT212601100.U^H26,UUUU,2026-08-21,Put,11.0,,0.02,True
2026-08-17,UUUUT212601150.U^H26,UUUU,2026-08-21,Put,11.5,,0.01,True
2026-08-17,UUUUT212601200.U^H26,UUUU,2026-08-21,Put,12.0,,0.01,True
2026-08-17,UUUUT212601250.U^H26,UUUU,2026-08-21,Put,12.5,,0.02,True
2026-08-17,UUUUT212601300.U^H26,UUUU,2026-08-21,Put,13.0,0.025,0.02,True
2026-08-17,UUUUT212601350.U^H26,UUUU,2026-08-21,Put,13.5,0.06,0.07,True
2026-08-17,UUUUT212601400.U^H26,UUUU,2026-08-21,Put,14.0,0.145,0.16,True
2026-08-17,UUUUT212601450.U^H26,UUUU,2026-08-21,Put,14.5,0.32,0.36,True
2026-08-17,UUUUT212601500.U^H26,UUUU,2026-08-21,Put,15.0,0.595,0.61,True
2026-08-17,UUUUT212601550.U^H26,UUUU,2026-08-21,Put,15.5,0.95,0.78,True
2026-08-17,UUUUT212601600.U^H26,UUUU,2026-08-21,Put,16.0,1.4,1.4,True
2026-08-17,UUUUT212601650.U^H26,UUUU,2026-08-21,Put,16.5,1.795,1.79,True
2026-08-17,UUUUT212601700.U^H26,UUUU,2026-08-21,Put,17.0,2.28,2.19,True
2026-08-17,UUUUT212601750.U^H26,UUUU,2026-08-21,Put,17.5,2.68,,True
2026-08-17,UUUUT212601800.U^H26,UUUU,2026-08-21,Put,18.0,3.275,3.25,True
2026-08-17,UUUUT212601850.U^H26,UUUU,2026-08-21,Put,18.5,3.775,3.71,True
2026-08-17,UUUUT282601050.U^H26,UUUU,2026-08-28,Put,10.5,,,True
2026-08-17,UUUUT282601100.U^H26,UUUU,2026-08-28,Put,11.0,0.08,,True
2026-08-17,UUUUT282601150.U^H26,UUUU,2026-08-28,Put,11.5,,0.03,True
2026-08-17,UUUUT282601200.U^H26,UUUU,2026-08-28,Put,12.0,,0.03,True
2026-08-17,UUUUT282601250.U^H26,UUUU,2026-08-28,Put,12.5,0.09,0.08,True
2026-08-17,UUUUT282601300.U^H26,UUUU,2026-08-28,Put,13.0,0.175,0.14,True
2026-08-17,UUUUT282601350.U^H26,UUUU,2026-08-28,Put,13.5,0.305,0.3,True
2026-08-17,UUUUT282601400.U^H26,UUUU,2026-08-28,Put,14.0,0.39,0.39,True
2026-08-17,UUUUT282601450.U^H26,UUUU,2026-08-28,Put,14.5,0.6,0.56,True
2026-08-17,UUUUT282601500.U^H26,UUUU,2026-08-28,Put,15.0,0.845,0.86,True
2026-08-17,UUUUT282601550.U^H26,UUUU,2026-08-28,Put,15.5,1.18,0.99,True
2026-08-17,UUUUT282601600.U^H26,UUUU,2026-08-28,Put,16.0,1.525,1.55,True
2026-08-17,UUUUT282601650.U^H26,UUUU,2026-08-28,Put,16.5,1.95,1.96,True
2026-08-17,UUUUT282601700.U^H26,UUUU,2026-08-28,Put,17.0,2.36,2.39,True
2026-08-17,UUUUT282601750.U^H26,UUUU,2026-08-28,Put,17.5,2.85,,True
2026-08-17,UUUUT282601800.U^H26,UUUU,2026-08-28,Put,18.0,3.3,2.99,True
2026-08-17,UUUUT282601850.U^H26,UUUU,2026-08-28,Put,18.5,3.65,3.63,True
2026-08-17,UUUUU042601050.U^I26,UUUU,2026-09-04,Put,10.5,,,True
2026-08-17,UUUUU042601100.U^I26,UUUU,2026-09-04,Put,11.0,,0.05,True
2026-08-17,UUUUU042601150.U^I26,UUUU,2026-09-04,Put,11.5,,0.07,True
2026-08-17,UUUUU042601200.U^I26,UUUU,2026-09-04,Put,12.0,0.1,0.11,True
2026-08-17,UUUUU042601250.U^I26,UUUU,2026-09-04,Put,12.5,0.135,0.14,True
2026-08-17,UUUUU042601300.U^I26,UUUU,2026-09-04,Put,13.0,0.23,0.26,True
2026-08-17,UUUUU042601350.U^I26,UUUU,2026-09-04,Put,13.5,0.385,0.33,True
2026-08-17,UUUUU042601400.U^I26,UUUU,2026-09-04,Put,14.0,0.56,0.6,True
2026-08-17,UUUUU042601450.U^I26,UUUU,2026-09-04,Put,14.5,0.82,0.77,True
2026-08-17,UUUUU042601500.U^I26,UUUU,2026-09-04,Put,15.0,1.045,0.98,True
2026-08-17,UUUUU042601550.U^I26,UUUU,2026-09-04,Put,15.5,1.29,1.18,True
2026-08-17,UUUUU042601600.U^I26,UUUU,2026-09-04,Put,16.0,1.715,1.45,True
2026-08-17,UUUUU042601650.U^I26,UUUU,2026-09-04,Put,16.5,2.085,2.09,True
2026-08-17,UUUUU042601700.U^I26,UUUU,2026-09-04,Put,17.0,2.51,2.49,True
2026-08-17,UUUUU042601750.U^I26,UUUU,2026-09-04,Put,17.5,2.865,,True
2026-08-17,UUUUU042601800.U^I26,UUUU,2026-09-04,Put,18.0,3.355,3.39,True
2026-08-17,UUUUU042601850.U^I26,UUUU,2026-09-04,Put,18.5,3.7,3.68,True
2026-08-18,UUUUH212601050.U^H26,UUUU,2026-08-21,Call,10.5,3.625,3.61,True
2026-08-18,UUUUH212601100.U^H26,UUUU,2026-08-21,Call,11.0,3.2,3.22,True
2026-08-18,UUUUH212601150.U^H26,UUUU,2026-08-21,Call,11.5,2.59,2.56,True
2026-08-18,UUUUH212601200.U^H26,UUUU,2026-08-21,Call,12.0,2.205,2.25,True
2026-08-18,UUUUH212601250.U^H26,UUUU,2026-08-21,Call,12.5,1.7,1.65,True
2026-08-18,UUUUH212601300.U^H26,UUUU,2026-08-21,Call,13.0,1.285,1.24,True
2026-08-18,UUUUH212601350.U^H26,UUUU,2026-08-21,Call,13.5,0.83,0.85,True
2026-08-18,UUUUH212601400.U^H26,UUUU,2026-08-21,Call,14.0,0.475,0.51,True
2026-08-18,UUUUH212601450.U^H26,UUUU,2026-08-21,Call,14.5,0.245,0.27,True
2026-08-18,UUUUH212601500.U^H26,UUUU,2026-08-21,Call,15.0,0.115,0.12,True
2026-08-18,UUUUH212601550.U^H26,UUUU,2026-08-21,Call,15.5,0.085,0.05,True
2026-08-18,UUUUH212601600.U^H26,UUUU,2026-08-21,Call,16.0,0.025,0.03,True
2026-08-18,UUUUH212601650.U^H26,UUUU,2026-08-21,Call,16.5,0.07,0.04,True
2026-08-18,UUUUH212601700.U^H26,UUUU,2026-08-21,Call,17.0,0.045,0.01,True
2026-08-18,UUUUH212601750.U^H26,UUUU,2026-08-21,Call,17.5,,,True
2026-08-18,UUUUH212601800.U^H26,UUUU,2026-08-21,Call,18.0,,0.01,True
2026-08-18,UUUUH212601850.U^H26,UUUU,2026-08-21,Call,18.5,,,True
2026-08-18,UUUUH282601050.U^H26,UUUU,2026-08-28,Call,10.5,3.6,3.72,True
2026-08-18,UUUUH282601100.U^H26,UUUU,2026-08-28,Call,11.0,3.065,3.08,True
2026-08-18,UUUUH282601150.U^H26,UUUU,2026-08-28,Call,11.5,2.7,,True
2026-08-18,UUUUH282601200.U^H26,UUUU,2026-08-28,Call,12.0,2.29,2.29,True
2026-08-18,UUUUH282601250.U^H26,UUUU,2026-08-28,Call,12.5,1.815,1.67,True
2026-08-18,UUUUH282601300.U^H26,UUUU,2026-08-28,Call,13.0,1.395,1.4,True
2026-08-18,UUUUH282601350.U^H26,UUUU,2026-08-28,Call,13.5,1.07,0.89,True
2026-08-18,UUUUH282601400.U^H26,UUUU,2026-08-28,Call,14.0,0.7,0.71,True
2026-08-18,UUUUH282601450.U^H26,UUUU,2026-08-28,Call,14.5,0.53,0.48,True
2026-08-18,UUUUH282601500.U^H26,UUUU,2026-08-28,Call,15.0,0.335,0.38,True
2026-08-18,UUUUH282601550.U^H26,UUUU,2026-08-28,Call,15.5,0.215,0.24,True
2026-08-18,UUUUH282601600.U^H26,UUUU,2026-08-28,Call,16.0,0.14,0.14,True
2026-08-18,UUUUH282601650.U^H26,UUUU,2026-08-28,Call,16.5,0.12,0.09,True
2026-08-18,UUUUH282601700.U^H26,UUUU,2026-08-28,Call,17.0,0.11,0.07,True
2026-08-18,UUUUH282601750.U^H26,UUUU,2026-08-28,Call,17.5,0.09,0.05,True
2026-08-18,UUUUH282601800.U^H26,UUUU,2026-08-28,Call,18.0,,0.06,True
2026-08-18,UUUUH282601850.U^H26,UUUU,2026-08-28,Call,18.5,,0.04,True
2026-08-18,UUUUI042601050.U^I26,UUUU,2026-09-04,Call,10.5,3.7,,True
2026-08-18,UUUUI042601100.U^I26,UUUU,2026-09-04,Call,11.0,3.165,,True
2026-08-18,UUUUI042601150.U^I26,UUUU,2026-09-04,Call,11.5,2.67,,True
2026-08-18,UUUUI042601200.U^I26,UUUU,2026-09-04,Call,12.0,2.34,2.26,True
2026-08-18,UUUUI042601250.U^I26,UUUU,2026-09-04,Call,12.5,1.905,,True
2026-08-18,UUUUI042601300.U^I26,UUUU,2026-09-04,Call,13.0,1.62,1.37,True
2026-08-18,UUUUI042601350.U^I26,UUUU,2026-09-04,Call,13.5,1.225,1.16,True
2026-08-18,UUUUI042601400.U^I26,UUUU,2026-09-04,Call,14.0,0.93,0.95,True
2026-08-18,UUUUI042601450.U^I26,UUUU,2026-09-04,Call,14.5,0.73,0.73,True
2026-08-18,UUUUI042601500.U^I26,UUUU,2026-09-04,Call,15.0,0.575,0.5,True
2026-08-18,UUUUI042601550.U^I26,UUUU,2026-09-04,Call,15.5,0.42,0.38,True
2026-08-18,UUUUI042601600.U^I26,UUUU,2026-09-04,Call,16.0,0.29,0.28,True
2026-08-18,UUUUI042601650.U^I26,UUUU,2026-09-04,Call,16.5,0.175,0.22,True
2026-08-18,UUUUI042601700.U^I26,UUUU,2026-09-04,Call,17.0,0.18,0.15,True
2026-08-18,UUUUI042601750.U^I26,UUUU,2026-09-04,Call,17.5,0.13,0.12,True
2026-08-18,UUUUI042601800.U^I26,UUUU,2026-09-04,Call,18.0,0.16,0.08,True
2026-08-18,UUUUI042601850.U^I26,UUUU,2026-09-04,Call,18.5,0.08,0.05,True
2026-08-18,UUUUT212601050.U^H26,UUUU,2026-08-21,Put,10.5,,0.01,True
2026-08-18,UUUUT212601100.U^H26,UUUU,2026-08-21,Put,11.0,,,True
2026-08-18,UUUUT212601150.U^H26,UUUU,2026-08-21,Put,11.5,,,True
2026-08-18,UUUUT212601200.U^H26,UUUU,2026-08-21,Put,12.0,,0.02,True
2026-08-18,UUUUT212601250.U^H26,UUUU,2026-08-21,Put,12.5,,0.02,True
2026-08-18,UUUUT212601300.U^H26,UUUU,2026-08-21,Put,13.0,0.06,0.06,True
2026-08-18,UUUUT212601350.U^H26,UUUU,2026-08-21,Put,13.5,0.155,0.14,True
2026-08-18,UUUUT212601400.U^H26,UUUU,2026-08-21,Put,14.0,0.315,0.32,True
2026-08-18,UUUUT212601450.U^H26,UUUU,2026-08-21,Put,14.5,0.585,0.59,True
2026-08-18,UUUUT212601500.U^H26,UUUU,2026-08-21,Put,15.0,0.975,0.98,True
2026-08-18,UUUUT212601550.U^H26,UUUU,2026-08-21,Put,15.5,1.375,1.42,True
2026-08-18,UUUUT212601600.U^H26,UUUU,2026-08-21,Put,16.0,1.855,1.99,True
2026-08-18,UUUUT212601650.U^H26,UUUU,2026-08-21,Put,16.5,2.38,,True
2026-08-18,UUUUT212601700.U^H26,UUUU,2026-08-21,Put,17.0,2.755,2.87,True
2026-08-18,UUUUT212601750.U^H26,UUUU,2026-08-21,Put,17.5,3.3,3.27,True
2026-08-18,UUUUT212601800.U^H26,UUUU,2026-08-21,Put,18.0,3.8,3.78,True
2026-08-18,UUUUT212601850.U^H26,UUUU,2026-08-21,Put,18.5,4.25,4.25,True
2026-08-18,UUUUT282601050.U^H26,UUUU,2026-08-28,Put,10.5,0.06,0.06,True
2026-08-18,UUUUT282601100.U^H26,UUUU,2026-08-28,Put,11.0,0.05,,True
2026-08-18,UUUUT282601150.U^H26,UUUU,2026-08-28,Put,11.5,,,True
2026-08-18,UUUUT282601200.U^H26,UUUU,2026-08-28,Put,12.0,0.065,0.07,True
2026-08-18,UUUUT282601250.U^H26,UUUU,2026-08-28,Put,12.5,0.12,0.13,True
2026-08-18,UUUUT282601300.U^H26,UUUU,2026-08-28,Put,13.0,0.215,0.22,True
2026-08-18,UUUUT282601350.U^H26,UUUU,2026-08-28,Put,13.5,0.39,0.38,True
2026-08-18,UUUUT282601400.U^H26,UUUU,2026-08-28,Put,14.0,0.585,0.58,True
2026-08-18,UUUUT282601450.U^H26,UUUU,2026-08-28,Put,14.5,0.83,0.8,True
2026-08-18,UUUUT282601500.U^H26,UUUU,2026-08-28,Put,15.0,1.155,1.19,True
2026-08-18,UUUUT282601550.U^H26,UUUU,2026-08-28,Put,15.5,1.505,1.53,True
2026-08-18,UUUUT282601600.U^H26,UUUU,2026-08-28,Put,16.0,2.055,2.24,True
2026-08-18,UUUUT282601650.U^H26,UUUU,2026-08-28,Put,16.5,2.415,2.41,True
2026-08-18,UUUUT282601700.U^H26,UUUU,2026-08-28,Put,17.0,2.895,2.89,True
2026-08-18,UUUUT282601750.U^H26,UUUU,2026-08-28,Put,17.5,3.325,3.37,True
2026-08-18,UUUUT282601800.U^H26,UUUU,2026-08-28,Put,18.0,3.925,,True
2026-08-18,UUUUT282601850.U^H26,UUUU,2026-08-28,Put,18.5,4.35,4.37,True
2026-08-18,UUUUU042601050.U^I26,UUUU,2026-09-04,Put,10.5,,0.04,True
2026-08-18,UUUUU042601100.U^I26,UUUU,2026-09-04,Put,11.0,,0.07,True
2026-08-18,UUUUU042601150.U^I26,UUUU,2026-09-04,Put,11.5,0.08,0.08,True
2026-08-18,UUUUU042601200.U^I26,UUUU,2026-09-04,Put,12.0,0.135,0.13,True
2026-08-18,UUUUU042601250.U^I26,UUUU,2026-09-04,Put,12.5,0.235,0.23,True
2026-08-18,UUUUU042601300.U^I26,UUUU,2026-09-04,Put,13.0,0.36,0.35,True
2026-08-18,UUUUU042601350.U^I26,UUUU,2026-09-04,Put,13.5,0.545,0.57,True
2026-08-18,UUUUU042601400.U^I26,UUUU,2026-09-04,Put,14.0,0.76,0.8,True
2026-08-18,UUUUU042601450.U^I26,UUUU,2026-09-04,Put,14.5,1.015,0.99,True
2026-08-18,UUUUU042601500.U^I26,UUUU,2026-09-04,Put,15.0,1.33,1.6,True
2026-08-18,UUUUU042601550.U^I26,UUUU,2026-09-04,Put,15.5,1.66,1.78,True
2026-08-18,UUUUU042601600.U^I26,UUUU,2026-09-04,Put,16.0,2.08,,True
2026-08-18,UUUUU042601650.U^I26,UUUU,2026-09-04,Put,16.5,2.515,2.51,True
2026-08-18,UUUUU042601700.U^I26,UUUU,2026-09-04,Put,17.0,2.92,2.91,True
2026-08-18,UUUUU042601750.U^I26,UUUU,2026-09-04,Put,17.5,3.525,,True
2026-08-18,UUUUU042601800.U^I26,UUUU,2026-09-04,Put,18.0,3.975,3.97,True
2026-08-18,UUUUU042601850.U^I26,UUUU,2026-09-04,Put,18.5,4.5,,True
2026-08-19,UUUUH212601050.U^H26,UUUU,2026-08-21,Call,10.5,4.425,4.27,True
2026-08-19,UUUUH212601100.U^H26,UUUU,2026-08-21,Call,11.0,3.975,3.9,True
2026-08-19,UUUUH212601150.U^H26,UUUU,2026-08-21,Call,11.5,3.4,3.27,True
2026-08-19,UUUUH212601200.U^H26,UUUU,2026-08-21,Call,12.0,2.79,3.0,True
2026-08-19,UUUUH212601250.U^H26,UUUU,2026-08-21,Call,12.5,2.465,2.33,True
2026-08-19,UUUUH212601300.U^H26,UUUU,2026-08-21,Call,13.0,1.85,1.96,True
2026-08-19,UUUUH212601350.U^H26,UUUU,2026-08-21,Call,13.5,1.385,1.48,True
2026-08-19,UUUUH212601400.U^H26,UUUU,2026-08-21,Call,14.0,0.965,1.07,True
2026-08-19,UUUUH212601450.U^H26,UUUU,2026-08-21,Call,14.5,0.555,0.63,True
2026-08-19,UUUUH212601500.U^H26,UUUU,2026-08-21,Call,15.0,0.27,0.28,True
2026-08-19,UUUUH212601550.U^H26,UUUU,2026-08-21,Call,15.5,0.12,0.11,True
2026-08-19,UUUUH212601600.U^H26,UUUU,2026-08-21,Call,16.0,0.045,0.05,True
2026-08-19,UUUUH212601650.U^H26,UUUU,2026-08-21,Call,16.5,,0.02,True
2026-08-19,UUUUH212601700.U^H26,UUUU,2026-08-21,Call,17.0,0.015,0.02,True
2026-08-19,UUUUH212601750.U^H26,UUUU,2026-08-21,Call,17.5,,0.01,True
2026-08-19,UUUUH212601800.U^H26,UUUU,2026-08-21,Call,18.0,,0.01,True
2026-08-19,UUUUH212601850.U^H26,UUUU,2026-08-21,Call,18.5,,,True
2026-08-19,UUUUH282601050.U^H26,UUUU,2026-08-28,Call,10.5,4.4,4.3,True
2026-08-19,UUUUH282601100.U^H26,UUUU,2026-08-28,Call,11.0,3.9,3.77,True
2026-08-19,UUUUH282601150.U^H26,UUUU,2026-08-28,Call,11.5,3.35,3.35,True
2026-08-19,UUUUH282601200.U^H26,UUUU,2026-08-28,Call,12.0,2.965,2.75,True
2026-08-19,UUUUH282601250.U^H26,UUUU,2026-08-28,Call,12.5,2.46,2.54,True
2026-08-19,UUUUH282601300.U^H26,UUUU,2026-08-28,Call,13.0,1.97,1.8,True
2026-08-19,UUUUH282601350.U^H26,UUUU,2026-08-28,Call,13.5,1.575,1.51,True
2026-08-19,UUUUH282601400.U^H26,UUUU,2026-08-28,Call,14.0,1.225,1.29,True
2026-08-19,UUUUH282601450.U^H26,UUUU,2026-08-28,Call,14.5,0.84,0.92,True
2026-08-19,UUUUH282601500.U^H26,UUUU,2026-08-28,Call,15.0,0.62,0.63,True
2026-08-19,UUUUH282601550.U^H26,UUUU,2026-08-28,Call,15.5,0.42,0.43,True
2026-08-19,UUUUH282601600.U^H26,UUUU,2026-08-28,Call,16.0,0.245,0.26,True
2026-08-19,UUUUH282601650.U^H26,UUUU,2026-08-28,Call,16.5,0.165,0.15,True
2026-08-19,UUUUH282601700.U^H26,UUUU,2026-08-28,Call,17.0,0.11,0.11,True
2026-08-19,UUUUH282601750.U^H26,UUUU,2026-08-28,Call,17.5,0.045,0.08,True
2026-08-19,UUUUH282601800.U^H26,UUUU,2026-08-28,Call,18.0,0.05,0.04,True
2026-08-19,UUUUH282601850.U^H26,UUUU,2026-08-28,Call,18.5,,0.02,True
2026-08-19,UUUUI042601050.U^I26,UUUU,2026-09-04,Call,10.5,4.225,,True
2026-08-19,UUUUI042601100.U^I26,UUUU,2026-09-04,Call,11.0,3.95,3.9,True
2026-08-19,UUUUI042601150.U^I26,UUUU,2026-09-04,Call,11.5,3.425,,True
2026-08-19,UUUUI042601200.U^I26,UUUU,2026-09-04,Call,12.0,2.925,2.74,True
2026-08-19,UUUUI042601250.U^I26,UUUU,2026-09-04,Call,12.5,2.43,2.02,True
2026-08-19,UUUUI042601300.U^I26,UUUU,2026-09-04,Call,13.0,2.13,,True
2026-08-19,UUUUI042601350.U^I26,UUUU,2026-09-04,Call,13.5,1.725,,True
2026-08-19,UUUUI042601400.U^I26,UUUU,2026-09-04,Call,14.0,1.405,1.25,True
2026-08-19,UUUUI042601450.U^I26,UUUU,2026-09-04,Call,14.5,1.125,1.02,True
2026-08-19,UUUUI042601500.U^I26,UUUU,2026-09-04,Call,15.0,0.81,0.84,True
2026-08-19,UUUUI042601550.U^I26,UUUU,2026-09-04,Call,15.5,0.65,0.54,True
2026-08-19,UUUUI042601600.U^I26,UUUU,2026-09-04,Call,16.0,0.48,0.5,True
2026-08-19,UUUUI042601650.U^I26,UUUU,2026-09-04,Call,16.5,0.35,0.37,True
2026-08-19,UUUUI042601700.U^I26,UUUU,2026-09-04,Call,17.0,0.245,0.24,True
2026-08-19,UUUUI042601750.U^I26,UUUU,2026-09-04,Call,17.5,0.155,,True
2026-08-19,UUUUI042601800.U^I26,UUUU,2026-09-04,Call,18.0,0.105,,True
2026-08-19,UUUUI042601850.U^I26,UUUU,2026-09-04,Call,18.5,0.11,0.09,True
2026-08-19,UUUUT212601050.U^H26,UUUU,2026-08-21,Put,10.5,,0.01,True
2026-08-19,UUUUT212601100.U^H26,UUUU,2026-08-21,Put,11.0,,,True
2026-08-19,UUUUT212601150.U^H26,UUUU,2026-08-21,Put,11.5,,,True
2026-08-19,UUUUT212601200.U^H26,UUUU,2026-08-21,Put,12.0,,,True
2026-08-19,UUUUT212601250.U^H26,UUUU,2026-08-21,Put,12.5,,0.01,True
2026-08-19,UUUUT212601300.U^H26,UUUU,2026-08-21,Put,13.0,0.015,0.02,True
2026-08-19,UUUUT212601350.U^H26,UUUU,2026-08-21,Put,13.5,0.065,0.03,True
2026-08-19,UUUUT212601400.U^H26,UUUU,2026-08-21,Put,14.0,0.065,0.06,True
2026-08-19,UUUUT212601450.U^H26,UUUU,2026-08-21,Put,14.5,0.16,0.13,True
2026-08-19,UUUUT212601500.U^H26,UUUU,2026-08-21,Put,15.0,0.38,0.51,True
2026-08-19,UUUUT212601550.U^H26,UUUU,2026-08-21,Put,15.5,0.695,0.74,True
2026-08-19,UUUUT212601600.U^H26,UUUU,2026-08-21,Put,16.0,1.095,1.18,True
2026-08-19,UUUUT212601650.U^H26,UUUU,2026-08-21,Put,16.5,1.61,1.79,True
2026-08-19,UUUUT212601700.U^H26,UUUU,2026-08-21,Put,17.0,2.13,2.28,True
2026-08-19,UUUUT212601750.U^H26,UUUU,2026-08-21,Put,17.5,2.595,,True
2026-08-19,UUUUT212601800.U^H26,UUUU,2026-08-21,Put,18.0,3.13,3.27,True
2026-08-19,UUUUT212601850.U^H26,UUUU,2026-08-21,Put,18.5,3.625,3.7,True
2026-08-19,UUUUT282601050.U^H26,UUUU,2026-08-28,Put,10.5,0.055,0.1,True
2026-08-19,UUUUT282601100.U^H26,UUUU,2026-08-28,Put,11.0,0.075,0.03,True
2026-08-19,UUUUT282601150.U^H26,UUUU,2026-08-28,Put,11.5,,,True
2026-08-19,UUUUT282601200.U^H26,UUUU,2026-08-28,Put,12.0,,,True
2026-08-19,UUUUT282601250.U^H26,UUUU,2026-08-28,Put,12.5,0.07,0.09,True
2026-08-19,UUUUT282601300.U^H26,UUUU,2026-08-28,Put,13.0,0.09,0.09,True
2026-08-19,UUUUT282601350.U^H26,UUUU,2026-08-28,Put,13.5,0.145,0.19,True
2026-08-19,UUUUT282601400.U^H26,UUUU,2026-08-28,Put,14.0,0.28,0.27,True
2026-08-19,UUUUT282601450.U^H26,UUUU,2026-08-28,Put,14.5,0.44,0.41,True
2026-08-19,UUUUT282601500.U^H26,UUUU,2026-08-28,Put,15.0,0.68,0.66,True
2026-08-19,UUUUT282601550.U^H26,UUUU,2026-08-28,Put,15.5,0.975,1.6,True
2026-08-19,UUUUT282601600.U^H26,UUUU,2026-08-28,Put,16.0,1.315,1.35,True
2026-08-19,UUUUT282601650.U^H26,UUUU,2026-08-28,Put,16.5,1.805,1.85,True
2026-08-19,UUUUT282601700.U^H26,UUUU,2026-08-28,Put,17.0,2.175,2.24,True
2026-08-19,UUUUT282601750.U^H26,UUUU,2026-08-28,Put,17.5,2.725,,True
2026-08-19,UUUUT282601800.U^H26,UUUU,2026-08-28,Put,18.0,3.23,,True
2026-08-19,UUUUT282601850.U^H26,UUUU,2026-08-28,Put,18.5,3.675,,True
2026-08-19,UUUUU042601050.U^I26,UUUU,2026-09-04,Put,10.5,,,True
2026-08-19,UUUUU042601100.U^I26,UUUU,2026-09-04,Put,11.0,,,True
2026-08-19,UUUUU042601150.U^I26,UUUU,2026-09-04,Put,11.5,,,True
2026-08-19,UUUUU042601200.U^I26,UUUU,2026-09-04,Put,12.0,,,True
2026-08-19,UUUUU042601250.U^I26,UUUU,2026-09-04,Put,12.5,0.14,0.13,True
2026-08-19,UUUUU042601300.U^I26,UUUU,2026-09-04,Put,13.0,0.22,0.22,True
2026-08-19,UUUUU042601350.U^I26,UUUU,2026-09-04,Put,13.5,0.295,0.37,True
2026-08-19,UUUUU042601400.U^I26,UUUU,2026-09-04,Put,14.0,0.445,0.48,True
2026-08-19,UUUUU042601450.U^I26,UUUU,2026-09-04,Put,14.5,0.61,0.61,True
2026-08-19,UUUUU042601500.U^I26,UUUU,2026-09-04,Put,15.0,0.885,1.03,True
2026-08-19,UUUUU042601550.U^I26,UUUU,2026-09-04,Put,15.5,1.175,1.26,True
2026-08-19,UUUUU042601600.U^I26,UUUU,2026-09-04,Put,16.0,1.47,1.51,True
2026-08-19,UUUUU042601650.U^I26,UUUU,2026-09-04,Put,16.5,1.885,1.99,True
2026-08-19,UUUUU042601700.U^I26,UUUU,2026-09-04,Put,17.0,2.275,2.4,True
2026-08-19,UUUUU042601750.U^I26,UUUU,2026-09-04,Put,17.5,2.81,,True
2026-08-19,UUUUU042601800.U^I26,UUUU,2026-09-04,Put,18.0,3.325,,True
2026-08-19,UUUUU042601850.U^I26,UUUU,2026-09-04,Put,18.5,3.725,,True
2026-08-20,UUUUH212601050.U^H26,UUUU,2026-08-21,Call,10.5,3.425,3.31,True
2026-08-20,UUUUH212601100.U^H26,UUUU,2026-08-21,Call,11.0,2.79,2.91,True
2026-08-20,UUUUH212601150.U^H26,UUUU,2026-08-21,Call,11.5,2.36,2.32,True
2026-08-20,UUUUH212601200.U^H26,UUUU,2026-08-21,Call,12.0,1.875,1.8,True
2026-08-20,UUUUH212601250.U^H26,UUUU,2026-08-21,Call,12.5,1.395,1.28,True
2026-08-20,UUUUH212601300.U^H26,UUUU,2026-08-21,Call,13.0,0.925,0.91,True
2026-08-20,UUUUH212601350.U^H26,UUUU,2026-08-21,Call,13.5,0.545,0.52,True
2026-08-20,UUUUH212601400.U^H26,UUUU,2026-08-21,Call,14.0,0.15,0.2,True
2026-08-20,UUUUH212601450.U^H26,UUUU,2026-08-21,Call,14.5,0.095,0.04,True
2026-08-20,UUUUH212601500.U^H26,UUUU,2026-08-21,Call,15.0,0.02,0.01,True
2026-08-20,UUUUH212601550.U^H26,UUUU,2026-08-21,Call,15.5,,0.01,True
2026-08-20,UUUUH212601600.U^H26,UUUU,2026-08-21,Call,16.0,,0.02,True
2026-08-20,UUUUH212601650.U^H26,UUUU,2026-08-21,Call,16.5,,0.01,True
2026-08-20,UUUUH212601700.U^H26,UUUU,2026-08-21,Call,17.0,,0.01,True
2026-08-20,UUUUH212601750.U^H26,UUUU,2026-08-21,Call,17.5,,,True
2026-08-20,UUUUH212601800.U^H26,UUUU,2026-08-21,Call,18.0,,0.01,True
2026-08-20,UUUUH212601850.U^H26,UUUU,2026-08-21,Call,18.5,,,True
2026-08-20,UUUUH282601050.U^H26,UUUU,2026-08-28,Call,10.5,3.475,,True
2026-08-20,UUUUH282601100.U^H26,UUUU,2026-08-28,Call,11.0,3.045,,True
2026-08-20,UUUUH282601150.U^H26,UUUU,2026-08-28,Call,11.5,2.535,,True
2026-08-20,UUUUH282601200.U^H26,UUUU,2026-08-28,Call,12.0,1.9,,True
2026-08-20,UUUUH282601250.U^H26,UUUU,2026-08-28,Call,12.5,1.525,1.42,True
2026-08-20,UUUUH282601300.U^H26,UUUU,2026-08-28,Call,13.0,1.16,1.04,True
2026-08-20,UUUUH282601350.U^H26,UUUU,2026-08-28,Call,13.5,0.785,0.66,True
2026-08-20,UUUUH282601400.U^H26,UUUU,2026-08-28,Call,14.0,0.515,0.51,True
2026-08-20,UUUUH282601450.U^H26,UUUU,2026-08-28,Call,14.5,0.365,0.37,True
2026-08-20,UUUUH282601500.U^H26,UUUU,2026-08-28,Call,15.0,0.2,0.23,True
2026-08-20,UUUUH282601550.U^H26,UUUU,2026-08-28,Call,15.5,0.135,0.12,True
2026-08-20,UUUUH282601600.U^H26,UUUU,2026-08-28,Call,16.0,0.085,0.08,True
2026-08-20,UUUUH282601650.U^H26,UUUU,2026-08-28,Call,16.5,0.085,0.05,True
2026-08-20,UUUUH282601700.U^H26,UUUU,2026-08-28,Call,17.0,0.08,0.04,True
2026-08-20,UUUUH282601750.U^H26,UUUU,2026-08-28,Call,17.5,0.035,0.05,True
2026-08-20,UUUUH282601800.U^H26,UUUU,2026-08-28,Call,18.0,,0.03,True
2026-08-20,UUUUH282601850.U^H26,UUUU,2026-08-28,Call,18.5,,,True
2026-08-20,UUUUI042601050.U^I26,UUUU,2026-09-04,Call,10.5,3.525,,True
2026-08-20,UUUUI042601100.U^I26,UUUU,2026-09-04,Call,11.0,2.95,2.83,True
2026-08-20,UUUUI042601150.U^I26,UUUU,2026-09-04,Call,11.5,2.43,,True
2026-08-20,UUUUI042601200.U^I26,UUUU,2026-09-04,Call,12.0,2.03,,True
2026-08-20,UUUUI042601250.U^I26,UUUU,2026-09-04,Call,12.5,1.66,1.47,True
2026-08-20,UUUUI042601300.U^I26,UUUU,2026-09-04,Call,13.0,1.22,1.57,True
2026-08-20,UUUUI042601350.U^I26,UUUU,2026-09-04,Call,13.5,0.985,1.03,True
2026-08-20,UUUUI042601400.U^I26,UUUU,2026-09-04,Call,14.0,0.755,0.77,True
2026-08-20,UUUUI042601450.U^I26,UUUU,2026-09-04,Call,14.5,0.525,0.46,True
2026-08-20,UUUUI042601500.U^I26,UUUU,2026-09-04,Call,15.0,0.415,0.35,True
2026-08-20,UUUUI042601550.U^I26,UUUU,2026-09-04,Call,15.5,0.27,0.24,True
2026-08-20,UUUUI042601600.U^I26,UUUU,2026-09-04,Call,16.0,0.19,0.17,True
2026-08-20,UUUUI042601650.U^I26,UUUU,2026-09-04,Call,16.5,0.155,0.13,True
2026-08-20,UUUUI042601700.U^I26,UUUU,2026-09-04,Call,17.0,0.1,0.08,True
2026-08-20,UUUUI042601750.U^I26,UUUU,2026-09-04,Call,17.5,0.055,0.12,True
2026-08-20,UUUUI042601800.U^I26,UUUU,2026-09-04,Call,18.0,,0.05,True
2026-08-20,UUUUI042601850.U^I26,UUUU,2026-09-04,Call,18.5,,,True
2026-08-20,UUUUT212601050.U^H26,UUUU,2026-08-21,Put,10.5,,,True
2026-08-20,UUUUT212601100.U^H26,UUUU,2026-08-21,Put,11.0,,0.01,True
2026-08-20,UUUUT212601150.U^H26,UUUU,2026-08-21,Put,11.5,,,True
2026-08-20,UUUUT212601200.U^H26,UUUU,2026-08-21,Put,12.0,,0.01,True
2026-08-20,UUUUT212601250.U^H26,UUUU,2026-08-21,Put,12.5,,0.01,True
2026-08-20,UUUUT212601300.U^H26,UUUU,2026-08-21,Put,13.0,0.035,0.03,True
2026-08-20,UUUUT212601350.U^H26,UUUU,2026-08-21,Put,13.5,0.11,0.16,True
2026-08-20,UUUUT212601400.U^H26,UUUU,2026-08-21,Put,14.0,0.32,0.23,True
2026-08-20,UUUUT212601450.U^H26,UUUU,2026-08-21,Put,14.5,0.69,0.8,True
2026-08-20,UUUUT212601500.U^H26,UUUU,2026-08-21,Put,15.0,1.21,1.31,True
2026-08-20,UUUUT212601550.U^H26,UUUU,2026-08-21,Put,15.5,1.69,1.65,True
2026-08-20,UUUUT212601600.U^H26,UUUU,2026-08-21,Put,16.0,2.14,2.53,True
2026-08-20,UUUUT212601650.U^H26,UUUU,2026-08-21,Put,16.5,2.67,2.15,True
2026-08-20,UUUUT212601700.U^H26,UUUU,2026-08-21,Put,17.0,3.165,3.45,True
2026-08-20,UUUUT212601750.U^H26,UUUU,2026-08-21,Put,17.5,3.67,,True
2026-08-20,UUUUT212601800.U^H26,UUUU,2026-08-21,Put,18.0,4.05,3.85,True
2026-08-20,UUUUT212601850.U^H26,UUUU,2026-08-21,Put,18.5,4.6,4.51,True
2026-08-20,UUUUT282601050.U^H26,UUUU,2026-08-28,Put,10.5,0.07,,True
2026-08-20,UUUUT282601100.U^H26,UUUU,2026-08-28,Put,11.0,0.075,0.03,True
2026-08-20,UUUUT282601150.U^H26,UUUU,2026-08-28,Put,11.5,0.065,0.12,True
2026-08-20,UUUUT282601200.U^H26,UUUU,2026-08-28,Put,12.0,,,True
2026-08-20,UUUUT282601250.U^H26,UUUU,2026-08-28,Put,12.5,0.1,0.12,True
2026-08-20,UUUUT282601300.U^H26,UUUU,2026-08-28,Put,13.0,0.17,0.23,True
2026-08-20,UUUUT282601350.U^H26,UUUU,2026-08-28,Put,13.5,0.385,0.45,True
2026-08-20,UUUUT282601400.U^H26,UUUU,2026-08-28,Put,14.0,0.605,0.61,True
2026-08-20,UUUUT282601450.U^H26,UUUU,2026-08-28,Put,14.5,0.89,0.91,True
2026-08-20,UUUUT282601500.U^H26,UUUU,2026-08-28,Put,15.0,1.29,1.46,True
2026-08-20,UUUUT282601550.U^H26,UUUU,2026-08-28,Put,15.5,1.745,1.75,True
2026-08-20,UUUUT282601600.U^H26,UUUU,2026-08-28,Put,16.0,2.23,1.98,True
2026-08-20,UUUUT282601650.U^H26,UUUU,2026-08-28,Put,16.5,2.66,2.77,True
2026-08-20,UUUUT282601700.U^H26,UUUU,2026-08-28,Put,17.0,3.17,3.25,True
2026-08-20,UUUUT282601750.U^H26,UUUU,2026-08-28,Put,17.5,3.6,3.48,True
2026-08-20,UUUUT282601800.U^H26,UUUU,2026-08-28,Put,18.0,4.075,,True
2026-08-20,UUUUT282601850.U^H26,UUUU,2026-08-28,Put,18.5,4.625,4.49,True
2026-08-20,UUUUU042601050.U^I26,UUUU,2026-09-04,Put,10.5,,,True
2026-08-20,UUUUU042601100.U^I26,UUUU,2026-09-04,Put,11.0,0.115,0.08,True
2026-08-20,UUUUU042601150.U^I26,UUUU,2026-09-04,Put,11.5,0.075,0.09,True
2026-08-20,UUUUU042601200.U^I26,UUUU,2026-09-04,Put,12.0,0.14,0.17,True
2026-08-20,UUUUU042601250.U^I26,UUUU,2026-09-04,Put,12.5,0.195,0.26,True
2026-08-20,UUUUU042601300.U^I26,UUUU,2026-09-04,Put,13.0,0.365,0.4,True
2026-08-20,UUUUU042601350.U^I26,UUUU,2026-09-04,Put,13.5,0.54,0.62,True
2026-08-20,UUUUU042601400.U^I26,UUUU,2026-09-04,Put,14.0,0.825,0.9,True
2026-08-20,UUUUU042601450.U^I26,UUUU,2026-09-04,Put,14.5,1.135,1.15,True
2026-08-20,UUUUU042601500.U^I26,UUUU,2026-09-04,Put,15.0,1.44,1.31,True
2026-08-20,UUUUU042601550.U^I26,UUUU,2026-09-04,Put,15.5,1.86,2.02,True
2026-08-20,UUUUU042601600.U^I26,UUUU,2026-09-04,Put,16.0,2.345,2.11,True
2026-08-20,UUUUU042601650.U^I26,UUUU,2026-09-04,Put,16.5,2.74,2.82,True
2026-08-20,UUUUU042601700.U^I26,UUUU,2026-09-04,Put,17.0,3.275,3.25,True
2026-08-20,UUUUU042601750.U^I26,UUUU,2026-09-04,Put,17.5,3.525,,True
2026-08-20,UUUUU042601800.U^I26,UUUU,2026-09-04,Put,18.0,4.05,,True
2026-08-20,UUUUU042601850.U^I26,UUUU,2026-09-04,Put,18.5,4.525,,True
2026-08-21,UUUUH212601050.U^H26,UUUU,2026-08-21,Call,10.5,4.675,4.6,True
2026-08-21,UUUUH212601100.U^H26,UUUU,2026-08-21,Call,11.0,4.3,4.12,True
2026-08-21,UUUUH212601150.U^H26,UUUU,2026-08-21,Call,11.5,3.75,3.85,True
2026-08-21,UUUUH212601200.U^H26,UUUU,2026-08-21,Call,12.0,3.135,3.13,True
2026-08-21,UUUUH212601250.U^H26,UUUU,2026-08-21,Call,12.5,2.69,2.66,True
2026-08-21,UUUUH212601300.U^H26,UUUU,2026-08-21,Call,13.0,2.22,2.25,True
2026-08-21,UUUUH212601350.U^H26,UUUU,2026-08-21,Call,13.5,1.645,1.57,True
2026-08-21,UUUUH212601400.U^H26,UUUU,2026-08-21,Call,14.0,1.24,1.21,True
2026-08-21,UUUUH212601450.U^H26,UUUU,2026-08-21,Call,14.5,0.675,0.76,True
2026-08-21,UUUUH212601500.U^H26,UUUU,2026-08-21,Call,15.0,0.225,0.19,True
2026-08-21,UUUUH212601550.U^H26,UUUU,2026-08-21,Call,15.5,,0.01,True
2026-08-21,UUUUH212601600.U^H26,UUUU,2026-08-21,Call,16.0,,0.05,True
2026-08-21,UUUUH212601650.U^H26,UUUU,2026-08-21,Call,16.5,,0.03,True
2026-08-21,UUUUH212601700.U^H26,UUUU,2026-08-21,Call,17.0,,0.05,True
2026-08-21,UUUUH212601750.U^H26,UUUU,2026-08-21,Call,17.5,,0.01,True
2026-08-21,UUUUH212601800.U^H26,UUUU,2026-08-21,Call,18.0,,0.01,True
2026-08-21,UUUUH212601850.U^H26,UUUU,2026-08-21,Call,18.5,,0.04,True
2026-08-21,UUUUH282601050.U^H26,UUUU,2026-08-28,Call,10.5,4.65,,True
2026-08-21,UUUUH282601100.U^H26,UUUU,2026-08-28,Call,11.0,4.25,4.2,True
2026-08-21,UUUUH282601150.U^H26,UUUU,2026-08-28,Call,11.5,3.65,3.83,True
2026-08-21,UUUUH282601200.U^H26,UUUU,2026-08-28,Call,12.0,3.115,3.16,True
2026-08-21,UUUUH282601250.U^H26,UUUU,2026-08-28,Call,12.5,2.635,2.64,True
2026-08-21,UUUUH282601300.U^H26,UUUU,2026-08-28,Call,13.0,2.26,2.26,True
2026-08-21,UUUUH282601350.U^H26,UUUU,2026-08-28,Call,13.5,1.75,1.76,True
2026-08-21,UUUUH282601400.U^H26,UUUU,2026-08-28,Call,14.0,1.42,1.42,True
2026-08-21,UUUUH282601450.U^H26,UUUU,2026-08-28,Call,14.5,0.955,1.0,True
2026-08-21,UUUUH282601500.U^H26,UUUU,2026-08-28,Call,15.0,0.665,0.75,True
2026-08-21,UUUUH282601550.U^H26,UUUU,2026-08-28,Call,15.5,0.42,0.49,True
2026-08-21,UUUUH282601600.U^H26,UUUU,2026-08-28,Call,16.0,0.31,0.35,True
2026-08-21,UUUUH282601650.U^H26,UUUU,2026-08-28,Call,16.5,0.185,0.18,True
2026-08-21,UUUUH282601700.U^H26,UUUU,2026-08-28,Call,17.0,0.12,0.13,True
2026-08-21,UUUUH282601750.U^H26,UUUU,2026-08-28,Call,17.5,0.06,0.08,True
2026-08-21,UUUUH282601800.U^H26,UUUU,2026-08-28,Call,18.0,0.035,0.05,True
2026-08-21,UUUUH282601850.U^H26,UUUU,2026-08-28,Call,18.5,0.03,0.03,True
2026-08-21,UUUUI042601050.U^I26,UUUU,2026-09-04,Call,10.5,4.65,,True
2026-08-21,UUUUI042601100.U^I26,UUUU,2026-09-04,Call,11.0,4.125,4.18,True
2026-08-21,UUUUI042601150.U^I26,UUUU,2026-09-04,Call,11.5,3.65,,True
2026-08-21,UUUUI042601200.U^I26,UUUU,2026-09-04,Call,12.0,3.125,3.15,True
2026-08-21,UUUUI042601250.U^I26,UUUU,2026-09-04,Call,12.5,2.78,2.5,True
2026-08-21,UUUUI042601300.U^I26,UUUU,2026-09-04,Call,13.0,2.335,2.32,True
2026-08-21,UUUUI042601350.U^I26,UUUU,2026-09-04,Call,13.5,1.955,1.89,True
2026-08-21,UUUUI042601400.U^I26,UUUU,2026-09-04,Call,14.0,1.55,1.58,True
2026-08-21,UUUUI042601450.U^I26,UUUU,2026-09-04,Call,14.5,1.26,1.25,True
2026-08-21,UUUUI042601500.U^I26,UUUU,2026-09-04,Call,15.0,0.96,0.99,True
2026-08-21,UUUUI042601550.U^I26,UUUU,2026-09-04,Call,15.5,0.76,0.74,True
2026-08-21,UUUUI042601600.U^I26,UUUU,2026-09-04,Call,16.0,0.56,0.53,True
2026-08-21,UUUUI042601650.U^I26,UUUU,2026-09-04,Call,16.5,0.41,0.41,True
2026-08-21,UUUUI042601700.U^I26,UUUU,2026-09-04,Call,17.0,0.31,0.34,True
2026-08-21,UUUUI042601750.U^I26,UUUU,2026-09-04,Call,17.5,0.245,0.25,True
2026-08-21,UUUUI042601800.U^I26,UUUU,2026-09-04,Call,18.0,0.135,0.18,True
2026-08-21,UUUUI042601850.U^I26,UUUU,2026-09-04,Call,18.5,0.12,0.12,True
2026-08-21,UUUUT212601050.U^H26,UUUU,2026-08-21,Put,10.5,,,True
2026-08-21,UUUUT212601100.U^H26,UUUU,2026-08-21,Put,11.0,,0.08,True
2026-08-21,UUUUT212601150.U^H26,UUUU,2026-08-21,Put,11.5,,0.01,True
2026-08-21,UUUUT212601200.U^H26,UUUU,2026-08-21,Put,12.0,,0.01,True
2026-08-21,UUUUT212601250.U^H26,UUUU,2026-08-21,Put,12.5,,0.01,True
2026-08-21,UUUUT212601300.U^H26,UUUU,2026-08-21,Put,13.0,,0.01,True
2026-08-21,UUUUT212601350.U^H26,UUUU,2026-08-21,Put,13.5,,0.01,True
2026-08-21,UUUUT212601400.U^H26,UUUU,2026-08-21,Put,14.0,,0.01,True
2026-08-21,UUUUT212601450.U^H26,UUUU,2026-08-21,Put,14.5,,0.02,True
2026-08-21,UUUUT212601500.U^H26,UUUU,2026-08-21,Put,15.0,,0.01,True
2026-08-21,UUUUT212601550.U^H26,UUUU,2026-08-21,Put,15.5,0.385,0.32,True
2026-08-21,UUUUT212601600.U^H26,UUUU,2026-08-21,Put,16.0,0.905,0.88,True
2026-08-21,UUUUT212601650.U^H26,UUUU,2026-08-21,Put,16.5,1.4,1.36,True
2026-08-21,UUUUT212601700.U^H26,UUUU,2026-08-21,Put,17.0,1.81,1.79,True
2026-08-21,UUUUT212601750.U^H26,UUUU,2026-08-21,Put,17.5,2.325,2.42,True
2026-08-21,UUUUT212601800.U^H26,UUUU,2026-08-21,Put,18.0,2.92,,True
2026-08-21,UUUUT212601850.U^H26,UUUU,2026-08-21,Put,18.5,3.3,,True
2026-08-21,UUUUT282601050.U^H26,UUUU,2026-08-28,Put,10.5,,0.01,True
2026-08-21,UUUUT282601100.U^H26,UUUU,2026-08-28,Put,11.0,,0.01,True
2026-08-21,UUUUT282601150.U^H26,UUUU,2026-08-28,Put,11.5,,0.01,True
2026-08-21,UUUUT282601200.U^H26,UUUU,2026-08-28,Put,12.0,,0.03,True
2026-08-21,UUUUT282601250.U^H26,UUUU,2026-08-28,Put,12.5,0.045,0.02,True
2026-08-21,UUUUT282601300.U^H26,UUUU,2026-08-28,Put,13.0,0.04,0.04,True
2026-08-21,UUUUT282601350.U^H26,UUUU,2026-08-28,Put,13.5,0.1,0.09,True
2026-08-21,UUUUT282601400.U^H26,UUUU,2026-08-28,Put,14.0,0.18,0.17,True
2026-08-21,UUUUT282601450.U^H26,UUUU,2026-08-28,Put,14.5,0.38,0.31,True
2026-08-21,UUUUT282601500.U^H26,UUUU,2026-08-28,Put,15.0,0.51,0.5,True
2026-08-21,UUUUT282601550.U^H26,UUUU,2026-08-28,Put,15.5,0.815,0.79,True
2026-08-21,UUUUT282601600.U^H26,UUUU,2026-08-28,Put,16.0,1.16,,True
2026-08-21,UUUUT282601650.U^H26,UUUU,2026-08-28,Put,16.5,1.51,1.64,True
2026-08-21,UUUUT282601700.U^H26,UUUU,2026-08-28,Put,17.0,1.945,1.94,True
2026-08-21,UUUUT282601750.U^H26,UUUU,2026-08-28,Put,17.5,2.435,2.66,True
2026-08-21,UUUUT282601800.U^H26,UUUU,2026-08-28,Put,18.0,2.875,2.85,True
2026-08-21,UUUUT282601850.U^H26,UUUU,2026-08-28,Put,18.5,3.45,3.58,True
2026-08-21,UUUUU042601050.U^I26,UUUU,2026-09-04,Put,10.5,,,True
2026-08-21,UUUUU042601100.U^I26,UUUU,2026-09-04,Put,11.0,,0.08,True
2026-08-21,UUUUU042601150.U^I26,UUUU,2026-09-04,Put,11.5,,0.04,True
2026-08-21,UUUUU042601200.U^I26,UUUU,2026-09-04,Put,12.0,,0.05,True
2026-08-21,UUUUU042601250.U^I26,UUUU,2026-09-04,Put,12.5,0.115,0.08,True
2026-08-21,UUUUU042601300.U^I26,UUUU,2026-09-04,Put,13.0,0.11,0.15,True
2026-08-21,UUUUU042601350.U^I26,UUUU,2026-09-04,Put,13.5,0.245,0.23,True
2026-08-21,UUUUU042601400.U^I26,UUUU,2026-09-04,Put,14.0,0.38,0.39,True
2026-08-21,UUUUU042601450.U^I26,UUUU,2026-09-04,Put,14.5,0.55,0.54,True
2026-08-21,UUUUU042601500.U^I26,UUUU,2026-09-04,Put,15.0,0.785,0.79,True
2026-08-21,UUUUU042601550.U^I26,UUUU,2026-09-04,Put,15.5,1.01,1.22,True
2026-08-21,UUUUU042601600.U^I26,UUUU,2026-09-04,Put,16.0,1.385,,True
2026-08-21,UUUUU042601650.U^I26,UUUU,2026-09-04,Put,16.5,1.725,1.78,True
2026-08-21,UUUUU042601700.U^I26,UUUU,2026-09-04,Put,17.0,2.08,2.17,True
2026-08-21,UUUUU042601750.U^I26,UUUU,2026-09-04,Put,17.5,2.56,,True
2026-08-21,UUUUU042601800.U^I26,UUUU,2026-09-04,Put,18.0,2.955,,True
2026-08-21,UUUUU042601850.U^I26,UUUU,2026-09-04,Put,18.5,3.575,,True
2026-08-24,UUUUH282601050.U^H26,UUUU,2026-08-28,Call,10.5,4.45,4.37,True
2026-08-24,UUUUH282601100.U^H26,UUUU,2026-08-28,Call,11.0,3.9,3.86,True
2026-08-24,UUUUH282601150.U^H26,UUUU,2026-08-28,Call,11.5,3.375,3.5,True
2026-08-24,UUUUH282601200.U^H26,UUUU,2026-08-28,Call,12.0,2.91,3.2,True
2026-08-24,UUUUH282601250.U^H26,UUUU,2026-08-28,Call,12.5,2.48,2.37,True
2026-08-24,UUUUH282601300.U^H26,UUUU,2026-08-28,Call,13.0,1.975,1.95,True
2026-08-24,UUUUH282601350.U^H26,UUUU,2026-08-28,Call,13.5,1.5,1.62,True
2026-08-24,UUUUH282601400.U^H26,UUUU,2026-08-28,Call,14.0,1.065,1.03,True
2026-08-24,UUUUH282601450.U^H26,UUUU,2026-08-28,Call,14.5,0.715,0.77,True
2026-08-24,UUUUH282601500.U^H26,UUUU,2026-08-28,Call,15.0,0.455,0.47,True
2026-08-24,UUUUH282601550.U^H26,UUUU,2026-08-28,Call,15.5,0.285,0.28,True
2026-08-24,UUUUH282601600.U^H26,UUUU,2026-08-28,Call,16.0,0.165,0.17,True
2026-08-24,UUUUH282601650.U^H26,UUUU,2026-08-28,Call,16.5,0.085,0.07,True
2026-08-24,UUUUH282601700.U^H26,UUUU,2026-08-28,Call,17.0,0.055,0.04,True
2026-08-24,UUUUH282601750.U^H26,UUUU,2026-08-28,Call,17.5,0.02,0.03,True
2026-08-24,UUUUH282601800.U^H26,UUUU,2026-08-28,Call,18.0,0.015,0.02,True
2026-08-24,UUUUH282601850.U^H26,UUUU,2026-08-28,Call,18.5,0.015,0.01,True
2026-08-24,UUUUI042601050.U^I26,UUUU,2026-09-04,Call,10.5,4.35,4.36,True
2026-08-24,UUUUI042601100.U^I26,UUUU,2026-09-04,Call,11.0,3.95,4.02,True
2026-08-24,UUUUI042601150.U^I26,UUUU,2026-09-04,Call,11.5,3.45,,True
2026-08-24,UUUUI042601200.U^I26,UUUU,2026-09-04,Call,12.0,2.97,3.2,True
2026-08-24,UUUUI042601250.U^I26,UUUU,2026-09-04,Call,12.5,2.575,2.79,True
2026-08-24,UUUUI042601300.U^I26,UUUU,2026-09-04,Call,13.0,2.08,2.19,True
2026-08-24,UUUUI042601350.U^I26,UUUU,2026-09-04,Call,13.5,1.755,1.69,True
2026-08-24,UUUUI042601400.U^I26,UUUU,2026-09-04,Call,14.0,1.23,1.3,True
2026-08-24,UUUUI042601450.U^I26,UUUU,2026-09-04,Call,14.5,0.965,1.01,True
2026-08-24,UUUUI042601500.U^I26,UUUU,2026-09-04,Call,15.0,0.755,0.77,True
2026-08-24,UUUUI042601550.U^I26,UUUU,2026-09-04,Call,15.5,0.535,0.56,True
2026-08-24,UUUUI042601600.U^I26,UUUU,2026-09-04,Call,16.0,0.395,0.42,True
2026-08-24,UUUUI042601650.U^I26,UUUU,2026-09-04,Call,16.5,0.31,0.28,True
2026-08-24,UUUUI042601700.U^I26,UUUU,2026-09-04,Call,17.0,0.215,0.18,True
2026-08-24,UUUUI042601750.U^I26,UUUU,2026-09-04,Call,17.5,0.09,0.12,True
2026-08-24,UUUUI042601800.U^I26,UUUU,2026-09-04,Call,18.0,0.105,0.11,True
2026-08-24,UUUUI042601850.U^I26,UUUU,2026-09-04,Call,18.5,0.1,0.12,True
2026-08-24,UUUUT282601050.U^H26,UUUU,2026-08-28,Put,10.5,,0.01,True
2026-08-24,UUUUT282601100.U^H26,UUUU,2026-08-28,Put,11.0,0.02,,True
2026-08-24,UUUUT282601150.U^H26,UUUU,2026-08-28,Put,11.5,,0.03,True
2026-08-24,UUUUT282601200.U^H26,UUUU,2026-08-28,Put,12.0,,,True
2026-08-24,UUUUT282601250.U^H26,UUUU,2026-08-28,Put,12.5,0.03,0.03,True
2026-08-24,UUUUT282601300.U^H26,UUUU,2026-08-28,Put,13.0,0.03,0.04,True
2026-08-24,UUUUT282601350.U^H26,UUUU,2026-08-28,Put,13.5,0.1,0.1,True
2026-08-24,UUUUT282601400.U^H26,UUUU,2026-08-28,Put,14.0,0.16,0.17,True
2026-08-24,UUUUT282601450.U^H26,UUUU,2026-08-28,Put,14.5,0.335,0.34,True
2026-08-24,UUUUT282601500.U^H26,UUUU,2026-08-28,Put,15.0,0.56,0.58,True
2026-08-24,UUUUT282601550.U^H26,UUUU,2026-08-28,Put,15.5,0.875,0.91,True
2026-08-24,UUUUT282601600.U^H26,UUUU,2026-08-28,Put,16.0,1.305,1.24,True
2026-08-24,UUUUT282601650.U^H26,UUUU,2026-08-28,Put,16.5,1.695,1.72,True
2026-08-24,UUUUT282601700.U^H26,UUUU,2026-08-28,Put,17.0,2.195,2.2,True
2026-08-24,UUUUT282601750.U^H26,UUUU,2026-08-28,Put,17.5,2.71,,True
2026-08-24,UUUUT282601800.U^H26,UUUU,2026-08-28,Put,18.0,3.185,2.88,True
2026-08-24,UUUUT282601850.U^H26,UUUU,2026-08-28,Put,18.5,3.625,3.6,True
2026-08-24,UUUUU042601050.U^I26,UUUU,2026-09-04,Put,10.5,,,True
2026-08-24,UUUUU042601100.U^I26,UUUU,2026-09-04,Put,11.0,,,True
2026-08-24,UUUUU042601150.U^I26,UUUU,2026-09-04,Put,11.5,,0.04,True
2026-08-24,UUUUU042601200.U^I26,UUUU,2026-09-04,Put,12.0,0.08,0.06,True
2026-08-24,UUUUU042601250.U^I26,UUUU,2026-09-04,Put,12.5,0.075,0.09,True
2026-08-24,UUUUU042601300.U^I26,UUUU,2026-09-04,Put,13.0,0.135,0.16,True
2026-08-24,UUUUU042601350.U^I26,UUUU,2026-09-04,Put,13.5,0.225,0.28,True
2026-08-24,UUUUU042601400.U^I26,UUUU,2026-09-04,Put,14.0,0.37,0.4,True
2026-08-24,UUUUU042601450.U^I26,UUUU,2026-09-04,Put,14.5,0.54,0.61,True
2026-08-24,UUUUU042601500.U^I26,UUUU,2026-09-04,Put,15.0,0.85,0.87,True
2026-08-24,UUUUU042601550.U^I26,UUUU,2026-09-04,Put,15.5,1.09,1.2,True
2026-08-24,UUUUU042601600.U^I26,UUUU,2026-09-04,Put,16.0,1.485,1.52,True
2026-08-24,UUUUU042601650.U^I26,UUUU,2026-09-04,Put,16.5,1.915,1.88,True
2026-08-24,UUUUU042601700.U^I26,UUUU,2026-09-04,Put,17.0,2.27,2.25,True
2026-08-24,UUUUU042601750.U^I26,UUUU,2026-09-04,Put,17.5,2.75,,True
2026-08-24,UUUUU042601800.U^I26,UUUU,2026-09-04,Put,18.0,3.2,3.25,True
2026-08-24,UUUUU042601850.U^I26,UUUU,2026-09-04,Put,18.5,3.675,3.67,True
2026-08-25,UUUUH282601050.U^H26,UUUU,2026-08-28,Call,10.5,5.475,,True
2026-08-25,UUUUH282601100.U^H26,UUUU,2026-08-28,Call,11.0,4.9,4.97,True
2026-08-25,UUUUH282601150.U^H26,UUUU,2026-08-28,Call,11.5,4.4,4.42,True
2026-08-25,UUUUH282601200.U^H26,UUUU,2026-08-28,Call,12.0,3.95,3.92,True
2026-08-25,UUUUH282601250.U^H26,UUUU,2026-08-28,Call,12.5,3.475,2.94,True
2026-08-25,UUUUH282601300.U^H26,UUUU,2026-08-28,Call,13.0,2.975,2.95,True
2026-08-25,UUUUH282601350.U^H26,UUUU,2026-08-28,Call,13.5,2.46,2.52,True
2026-08-25,UUUUH282601400.U^H26,UUUU,2026-08-28,Call,14.0,2.015,2.01,True
2026-08-25,UUUUH282601450.U^H26,UUUU,2026-08-28,Call,14.5,1.495,1.5,True
2026-08-25,UUUUH282601500.U^H26,UUUU,2026-08-28,Call,15.0,1.135,1.07,True
2026-08-25,UUUUH282601550.U^H26,UUUU,2026-08-28,Call,15.5,0.765,0.75,True
2026-08-25,UUUUH282601600.U^H26,UUUU,2026-08-28,Call,16.0,0.505,0.56,True
2026-08-25,UUUUH282601650.U^H26,UUUU,2026-08-28,Call,16.5,0.28,0.29,True
2026-08-25,UUUUH282601700.U^H26,UUUU,2026-08-28,Call,17.0,0.135,0.16,True
2026-08-25,UUUUH282601750.U^H26,UUUU,2026-08-28,Call,17.5,0.075,0.1,True
2026-08-25,UUUUH282601800.U^H26,UUUU,2026-08-28,Call,18.0,0.065,0.06,True
2026-08-25,UUUUH282601850.U^H26,UUUU,2026-08-28,Call,18.5,0.03,0.02,True
2026-08-25,UUUUI042601050.U^I26,UUUU,2026-09-04,Call,10.5,5.525,5.5,True
2026-08-25,UUUUI042601100.U^I26,UUUU,2026-09-04,Call,11.0,5.0,4.9,True
2026-08-25,UUUUI042601150.U^I26,UUUU,2026-09-04,Call,11.5,4.525,,True
2026-08-25,UUUUI042601200.U^I26,UUUU,2026-09-04,Call,12.0,3.85,3.9,True
2026-08-25,UUUUI042601250.U^I26,UUUU,2026-09-04,Call,12.5,3.525,3.38,True
2026-08-25,UUUUI042601300.U^I26,UUUU,2026-09-04,Call,13.0,3.06,3.1,True
2026-08-25,UUUUI042601350.U^I26,UUUU,2026-09-04,Call,13.5,2.56,2.56,True
2026-08-25,UUUUI042601400.U^I26,UUUU,2026-09-04,Call,14.0,2.105,2.1,True
2026-08-25,UUUUI042601450.U^I26,UUUU,2026-09-04,Call,14.5,1.73,1.78,True
2026-08-25,UUUUI042601500.U^I26,UUUU,2026-09-04,Call,15.0,1.385,1.36,True
2026-08-25,UUUUI042601550.U^I26,UUUU,2026-09-04,Call,15.5,1.065,1.03,True
2026-08-25,UUUUI042601600.U^I26,UUUU,2026-09-04,Call,16.0,0.81,0.83,True
2026-08-25,UUUUI042601650.U^I26,UUUU,2026-09-04,Call,16.5,0.565,0.61,True
2026-08-25,UUUUI042601700.U^I26,UUUU,2026-09-04,Call,17.0,0.425,0.43,True
2026-08-25,UUUUI042601750.U^I26,UUUU,2026-09-04,Call,17.5,0.315,0.36,True
2026-08-25,UUUUI042601800.U^I26,UUUU,2026-09-04,Call,18.0,0.185,0.22,True
2026-08-25,UUUUI042601850.U^I26,UUUU,2026-09-04,Call,18.5,0.155,0.19,True
2026-08-25,UUUUT282601050.U^H26,UUUU,2026-08-28,Put,10.5,,0.01,True
2026-08-25,UUUUT282601100.U^H26,UUUU,2026-08-28,Put,11.0,,,True
2026-08-25,UUUUT282601150.U^H26,UUUU,2026-08-28,Put,11.5,,,True
2026-08-25,UUUUT282601200.U^H26,UUUU,2026-08-28,Put,12.0,,0.01,True
2026-08-25,UUUUT282601250.U^H26,UUUU,2026-08-28,Put,12.5,,0.01,True
2026-08-25,UUUUT282601300.U^H26,UUUU,2026-08-28,Put,13.0,,0.01,True
2026-08-25,UUUUT282601350.U^H26,UUUU,2026-08-28,Put,13.5,0.02,0.02,True
2026-08-25,UUUUT282601400.U^H26,UUUU,2026-08-28,Put,14.0,0.035,0.03,True
2026-08-25,UUUUT282601450.U^H26,UUUU,2026-08-28,Put,14.5,0.095,0.08,True
2026-08-25,UUUUT282601500.U^H26,UUUU,2026-08-28,Put,15.0,0.15,0.16,True
2026-08-25,UUUUT282601550.U^H26,UUUU,2026-08-28,Put,15.5,0.265,0.32,True
2026-08-25,UUUUT282601600.U^H26,UUUU,2026-08-28,Put,16.0,0.5,0.5,True
2026-08-25,UUUUT282601650.U^H26,UUUU,2026-08-28,Put,16.5,0.875,0.76,True
2026-08-25,UUUUT282601700.U^H26,UUUU,2026-08-28,Put,17.0,1.26,1.27,True
2026-08-25,UUUUT282601750.U^H26,UUUU,2026-08-28,Put,17.5,1.665,1.79,True
2026-08-25,UUUUT282601800.U^H26,UUUU,2026-08-28,Put,18.0,2.135,2.2,True
2026-08-25,UUUUT282601850.U^H26,UUUU,2026-08-28,Put,18.5,2.6,3.17,True
2026-08-25,UUUUU042601050.U^I26,UUUU,2026-09-04,Put,10.5,,,True
2026-08-25,UUUUU042601100.U^I26,UUUU,2026-09-04,Put,11.0,,0.1,True
2026-08-25,UUUUU042601150.U^I26,UUUU,2026-09-04,Put,11.5,,0.14,True
2026-08-25,UUUUU042601200.U^I26,UUUU,2026-09-04,Put,12.0,0.05,0.06,True
2026-08-25,UUUUU042601250.U^I26,UUUU,2026-09-04,Put,12.5,0.045,0.1,True
2026-08-25,UUUUU042601300.U^I26,UUUU,2026-09-04,Put,13.0,0.08,,True
2026-08-25,UUUUU042601350.U^I26,UUUU,2026-09-04,Put,13.5,0.11,0.1,True
2026-08-25,UUUUU042601400.U^I26,UUUU,2026-09-04,Put,14.0,0.155,0.17,True
2026-08-25,UUUUU042601450.U^I26,UUUU,2026-09-04,Put,14.5,0.245,0.25,True
2026-08-25,UUUUU042601500.U^I26,UUUU,2026-09-04,Put,15.0,0.395,0.43,True
2026-08-25,UUUUU042601550.U^I26,UUUU,2026-09-04,Put,15.5,0.62,0.62,True
2026-08-25,UUUUU042601600.U^I26,UUUU,2026-09-04,Put,16.0,0.825,0.97,True
2026-08-25,UUUUU042601650.U^I26,UUUU,2026-09-04,Put,16.5,1.165,1.1,True
2026-08-25,UUUUU042601700.U^I26,UUUU,2026-09-04,Put,17.0,1.515,1.32,True
2026-08-25,UUUUU042601750.U^I26,UUUU,2026-09-04,Put,17.5,1.86,,True
2026-08-25,UUUUU042601800.U^I26,UUUU,2026-09-04,Put,18.0,2.295,,True
2026-08-25,UUUUU042601850.U^I26,UUUU,2026-09-04,Put,18.5,2.72,,True
2026-08-26,UUUUH282601050.U^H26,UUUU,2026-08-28,Call,10.5,5.3,5.07,True
2026-08-26,UUUUH282601100.U^H26,UUUU,2026-08-28,Call,11.0,4.8,4.64,True
2026-08-26,UUUUH282601150.U^H26,UUUU,2026-08-28,Call,11.5,4.1,,True
2026-08-26,UUUUH282601200.U^H26,UUUU,2026-08-28,Call,12.0,3.725,3.56,True
2026-08-26,UUUUH282601250.U^H26,UUUU,2026-08-28,Call,12.5,3.24,3.2,True
2026-08-26,UUUUH282601300.U^H26,UUUU,2026-08-28,Call,13.0,2.765,2.76,True
2026-08-26,UUUUH282601350.U^H26,UUUU,2026-08-28,Call,13.5,2.165,2.22,True
2026-08-26,UUUUH282601400.U^H26,UUUU,2026-08-28,Call,14.0,1.785,1.8,True
2026-08-26,UUUUH282601450.U^H26,UUUU,2026-08-28,Call,14.5,1.29,1.4,True
2026-08-26,UUUUH282601500.U^H26,UUUU,2026-08-28,Call,15.0,0.835,0.8,True
2026-08-26,UUUUH282601550.U^H26,UUUU,2026-08-28,Call,15.5,0.51,0.5,True
2026-08-26,UUUUH282601600.U^H26,UUUU,2026-08-28,Call,16.0,0.25,0.26,True
2026-08-26,UUUUH282601650.U^H26,UUUU,2026-08-28,Call,16.5,0.165,0.12,True
2026-08-26,UUUUH282601700.U^H26,UUUU,2026-08-28,Call,17.0,0.045,0.05,True
2026-08-26,UUUUH282601750.U^H26,UUUU,2026-08-28,Call,17.5,0.065,0.03,True
2026-08-26,UUUUH282601800.U^H26,UUUU,2026-08-28,Call,18.0,0.015,0.02,True
2026-08-26,UUUUH282601850.U^H26,UUUU,2026-08-28,Call,18.5,0.015,0.01,True
2026-08-26,UUUUI042601050.U^I26,UUUU,2026-09-04,Call,10.5,5.3,,True
2026-08-26,UUUUI042601100.U^I26,UUUU,2026-09-04,Call,11.0,4.675,,True
2026-08-26,UUUUI042601150.U^I26,UUUU,2026-09-04,Call,11.5,4.35,,True
2026-08-26,UUUUI042601200.U^I26,UUUU,2026-09-04,Call,12.0,3.8,4.08,True
2026-08-26,UUUUI042601250.U^I26,UUUU,2026-09-04,Call,12.5,3.305,,True
2026-08-26,UUUUI042601300.U^I26,UUUU,2026-09-04,Call,13.0,2.81,2.63,True
2026-08-26,UUUUI042601350.U^I26,UUUU,2026-09-04,Call,13.5,2.205,2.16,True
2026-08-26,UUUUI042601400.U^I26,UUUU,2026-09-04,Call,14.0,1.895,2.2,True
2026-08-26,UUUUI042601450.U^I26,UUUU,2026-09-04,Call,14.5,1.51,1.49,True
2026-08-26,UUUUI042601500.U^I26,UUUU,2026-09-04,Call,15.0,1.155,1.13,True
2026-08-26,UUUUI042601550.U^I26,UUUU,2026-09-04,Call,15.5,0.85,0.86,True
2026-08-26,UUUUI042601600.U^I26,UUUU,2026-09-04,Call,16.0,0.645,0.63,True
2026-08-26,UUUUI042601650.U^I26,UUUU,2026-09-04,Call,16.5,0.445,0.45,True
2026-08-26,UUUUI042601700.U^I26,UUUU,2026-09-04,Call,17.0,0.32,0.31,True
2026-08-26,UUUUI042601750.U^I26,UUUU,2026-09-04,Call,17.5,0.185,0.21,True
2026-08-26,UUUUI042601800.U^I26,UUUU,2026-09-04,Call,18.0,0.14,0.14,True
2026-08-26,UUUUI042601850.U^I26,UUUU,2026-09-04,Call,18.5,0.115,0.1,True
2026-08-26,UUUUT282601050.U^H26,UUUU,2026-08-28,Put,10.5,,,True
2026-08-26,UUUUT282601100.U^H26,UUUU,2026-08-28,Put,11.0,,,True
2026-08-26,UUUUT282601150.U^H26,UUUU,2026-08-28,Put,11.5,,,True
2026-08-26,UUUUT282601200.U^H26,UUUU,2026-08-28,Put,12.0,,,True
2026-08-26,UUUUT282601250.U^H26,UUUU,2026-08-28,Put,12.5,,,True
2026-08-26,UUUUT282601300.U^H26,UUUU,2026-08-28,Put,13.0,,0.01,True
2026-08-26,UUUUT282601350.U^H26,UUUU,2026-08-28,Put,13.5,0.055,0.02,True
2026-08-26,UUUUT282601400.U^H26,UUUU,2026-08-28,Put,14.0,0.025,0.03,True
2026-08-26,UUUUT282601450.U^H26,UUUU,2026-08-28,Put,14.5,0.065,0.06,True
2026-08-26,UUUUT282601500.U^H26,UUUU,2026-08-28,Put,15.0,0.135,0.11,True
2026-08-26,UUUUT282601550.U^H26,UUUU,2026-08-28,Put,15.5,0.285,0.28,True
2026-08-26,UUUUT282601600.U^H26,UUUU,2026-08-28,Put,16.0,0.535,0.56,True
2026-08-26,UUUUT282601650.U^H26,UUUU,2026-08-28,Put,16.5,0.935,1.06,True
2026-08-26,UUUUT282601700.U^H26,UUUU,2026-08-28,Put,17.0,1.385,1.52,True
2026-08-26,UUUUT282601750.U^H26,UUUU,2026-08-28,Put,17.5,1.825,1.94,True
2026-08-26,UUUUT282601800.U^H26,UUUU,2026-08-28,Put,18.0,2.38,2.43,True
2026-08-26,UUUUT282601850.U^H26,UUUU,2026-08-28,Put,18.5,2.8,2.42,True
2026-08-26,UUUUU042601050.U^I26,UUUU,2026-09-04,Put,10.5,,0.02,True
2026-08-26,UUUUU042601100.U^I26,UUUU,2026-09-04,Put,11.0,,0.01,True
2026-08-26,UUUUU042601150.U^I26,UUUU,2026-09-04,Put,11.5,,,True
2026-08-26,UUUUU042601200.U^I26,UUUU,2026-09-04,Put,12.0,0.08,0.12,True
2026-08-26,UUUUU042601250.U^I26,UUUU,2026-09-04,Put,12.5,0.085,,True
2026-08-26,UUUUU042601300.U^I26,UUUU,2026-09-04,Put,13.0,0.05,0.07,True
2026-08-26,UUUUU042601350.U^I26,UUUU,2026-09-04,Put,13.5,0.08,0.06,True
2026-08-26,UUUUU042601400.U^I26,UUUU,2026-09-04,Put,14.0,0.155,0.15,True
2026-08-26,UUUUU042601450.U^I26,UUUU,2026-09-04,Put,14.5,0.255,0.28,True
2026-08-26,UUUUU042601500.U^I26,UUUU,2026-09-04,Put,15.0,0.415,0.41,True
2026-08-26,UUUUU042601550.U^I26,UUUU,2026-09-04,Put,15.5,0.56,0.58,True
2026-08-26,UUUUU042601600.U^I26,UUUU,2026-09-04,Put,16.0,0.815,0.87,True
2026-08-26,UUUUU042601650.U^I26,UUUU,2026-09-04,Put,16.5,1.2,1.3,True
2026-08-26,UUUUU042601700.U^I26,UUUU,2026-09-04,Put,17.0,1.58,1.74,True
2026-08-26,UUUUU042601750.U^I26,UUUU,2026-09-04,Put,17.5,1.94,,True
2026-08-26,UUUUU042601800.U^I26,UUUU,2026-09-04,Put,18.0,2.47,,True
2026-08-26,UUUUU042601850.U^I26,UUUU,2026-09-04,Put,18.5,2.88,,True
2026-08-27,UUUUH282601050.U^H26,UUUU,2026-08-28,Call,10.5,5.25,5.22,True
2026-08-27,UUUUH282601100.U^H26,UUUU,2026-08-28,Call,11.0,4.75,4.75,True
2026-08-27,UUUUH282601150.U^H26,UUUU,2026-08-28,Call,11.5,4.2,4.13,True
2026-08-27,UUUUH282601200.U^H26,UUUU,2026-08-28,Call,12.0,3.725,3.77,True
2026-08-27,UUUUH282601250.U^H26,UUUU,2026-08-28,Call,12.5,3.275,3.23,True
2026-08-27,UUUUH282601300.U^H26,UUUU,2026-08-28,Call,13.0,2.695,2.78,True
2026-08-27,UUUUH282601350.U^H26,UUUU,2026-08-28,Call,13.5,2.24,2.12,True
2026-08-27,UUUUH282601400.U^H26,UUUU,2026-08-28,Call,14.0,1.775,1.72,True
2026-08-27,UUUUH282601450.U^H26,UUUU,2026-08-28,Call,14.5,1.27,1.23,True
2026-08-27,UUUUH282601500.U^H26,UUUU,2026-08-28,Call,15.0,0.825,0.78,True
2026-08-27,UUUUH282601550.U^H26,UUUU,2026-08-28,Call,15.5,0.415,0.4,True
2026-08-27,UUUUH282601600.U^H26,UUUU,2026-08-28,Call,16.0,0.135,0.1,True
2026-08-27,UUUUH282601650.U^H26,UUUU,2026-08-28,Call,16.5,0.05,0.05,True
2026-08-27,UUUUH282601700.U^H26,UUUU,2026-08-28,Call,17.0,0.02,0.02,True
2026-08-27,UUUUH282601750.U^H26,UUUU,2026-08-28,Call,17.5,,0.01,True
2026-08-27,UUUUH282601800.U^H26,UUUU,2026-08-28,Call,18.0,,0.01,True
2026-08-27,UUUUH282601850.U^H26,UUUU,2026-08-28,Call,18.5,,0.01,True
2026-08-27,UUUUI042601050.U^I26,UUUU,2026-09-04,Call,10.5,5.275,5.15,True
2026-08-27,UUUUI042601100.U^I26,UUUU,2026-09-04,Call,11.0,4.65,,True
2026-08-27,UUUUI042601150.U^I26,UUUU,2026-09-04,Call,11.5,4.3,,True
2026-08-27,UUUUI042601200.U^I26,UUUU,2026-09-04,Call,12.0,3.725,3.82,True
2026-08-27,UUUUI042601250.U^I26,UUUU,2026-09-04,Call,12.5,3.275,3.26,True
2026-08-27,UUUUI042601300.U^I26,UUUU,2026-09-04,Call,13.0,2.795,,True
2026-08-27,UUUUI042601350.U^I26,UUUU,2026-09-04,Call,13.5,2.34,2.32,True
2026-08-27,UUUUI042601400.U^I26,UUUU,2026-09-04,Call,14.0,1.86,1.88,True
2026-08-27,UUUUI042601450.U^I26,UUUU,2026-09-04,Call,14.5,1.47,1.48,True
2026-08-27,UUUUI042601500.U^I26,UUUU,2026-09-04,Call,15.0,1.095,1.1,True
2026-08-27,UUUUI042601550.U^I26,UUUU,2026-09-04,Call,15.5,0.83,0.77,True
2026-08-27,UUUUI042601600.U^I26,UUUU,2026-09-04,Call,16.0,0.545,0.54,True
2026-08-27,UUUUI042601650.U^I26,UUUU,2026-09-04,Call,16.5,0.37,0.4,True
2026-08-27,UUUUI042601700.U^I26,UUUU,2026-09-04,Call,17.0,0.235,0.25,True
2026-08-27,UUUUI042601750.U^I26,UUUU,2026-09-04,Call,17.5,0.15,0.15,True
2026-08-27,UUUUI042601800.U^I26,UUUU,2026-09-04,Call,18.0,0.065,0.11,True
2026-08-27,UUUUI042601850.U^I26,UUUU,2026-09-04,Call,18.5,0.065,0.07,True
2026-08-27,UUUUT282601050.U^H26,UUUU,2026-08-28,Put,10.5,,,True
2026-08-27,UUUUT282601100.U^H26,UUUU,2026-08-28,Put,11.0,,,True
2026-08-27,UUUUT282601150.U^H26,UUUU,2026-08-28,Put,11.5,,,True
2026-08-27,UUUUT282601200.U^H26,UUUU,2026-08-28,Put,12.0,,,True
2026-08-27,UUUUT282601250.U^H26,UUUU,2026-08-28,Put,12.5,,0.01,True
2026-08-27,UUUUT282601300.U^H26,UUUU,2026-08-28,Put,13.0,,0.01,True
2026-08-27,UUUUT282601350.U^H26,UUUU,2026-08-28,Put,13.5,,0.01,True
2026-08-27,UUUUT282601400.U^H26,UUUU,2026-08-28,Put,14.0,,0.01,True
2026-08-27,UUUUT282601450.U^H26,UUUU,2026-08-28,Put,14.5,0.05,0.05,True
2026-08-27,UUUUT282601500.U^H26,UUUU,2026-08-28,Put,15.0,0.055,0.04,True
2026-08-27,UUUUT282601550.U^H26,UUUU,2026-08-28,Put,15.5,0.165,0.16,True
2026-08-27,UUUUT282601600.U^H26,UUUU,2026-08-28,Put,16.0,0.395,0.46,True
2026-08-27,UUUUT282601650.U^H26,UUUU,2026-08-28,Put,16.5,0.88,,True
2026-08-27,UUUUT282601700.U^H26,UUUU,2026-08-28,Put,17.0,1.29,1.38,True
2026-08-27,UUUUT282601750.U^H26,UUUU,2026-08-28,Put,17.5,1.77,,True
2026-08-27,UUUUT282601800.U^H26,UUUU,2026-08-28,Put,18.0,2.275,,True
2026-08-27,UUUUT282601850.U^H26,UUUU,2026-08-28,Put,18.5,2.795,2.65,True
2026-08-27,UUUUU042601050.U^I26,UUUU,2026-09-04,Put,10.5,,,True
2026-08-27,UUUUU042601100.U^I26,UUUU,2026-09-04,Put,11.0,,,True
2026-08-27,UUUUU042601150.U^I26,UUUU,2026-09-04,Put,11.5,,,True
2026-08-27,UUUUU042601200.U^I26,UUUU,2026-09-04,Put,12.0,0.075,0.08,True
2026-08-27,UUUUU042601250.U^I26,UUUU,2026-09-04,Put,12.5,0.02,0.03,True
2026-08-27,UUUUU042601300.U^I26,UUUU,2026-09-04,Put,13.0,0.06,0.04,True
2026-08-27,UUUUU042601350.U^I26,UUUU,2026-09-04,Put,13.5,0.08,0.09,True
2026-08-27,UUUUU042601400.U^I26,UUUU,2026-09-04,Put,14.0,0.11,0.11,True
2026-08-27,UUUUU042601450.U^I26,UUUU,2026-09-04,Put,14.5,0.19,0.2,True
2026-08-27,UUUUU042601500.U^I26,UUUU,2026-09-04,Put,15.0,0.335,0.34,True
2026-08-27,UUUUU042601550.U^I26,UUUU,2026-09-04,Put,15.5,0.545,0.52,True
2026-08-27,UUUUU042601600.U^I26,UUUU,2026-09-04,Put,16.0,0.795,0.79,True
2026-08-27,UUUUU042601650.U^I26,UUUU,2026-09-04,Put,16.5,1.11,1.18,True
2026-08-27,UUUUU042601700.U^I26,UUUU,2026-09-04,Put,17.0,1.535,,True
2026-08-27,UUUUU042601750.U^I26,UUUU,2026-09-04,Put,17.5,1.945,1.92,True
2026-08-27,UUUUU042601800.U^I26,UUUU,2026-09-04,Put,18.0,2.41,,True
2026-08-27,UUUUU042601850.U^I26,UUUU,2026-09-04,Put,18.5,2.885,,True
2026-08-28,UUUUH282601050.U^H26,UUUU,2026-08-28,Call,10.5,4.15,,True
2026-08-28,UUUUH282601100.U^H26,UUUU,2026-08-28,Call,11.0,3.525,3.59,True
2026-08-28,UUUUH282601150.U^H26,UUUU,2026-08-28,Call,11.5,3.07,3.15,True
2026-08-28,UUUUH282601200.U^H26,UUUU,2026-08-28,Call,12.0,2.54,2.78,True
2026-08-28,UUUUH282601250.U^H26,UUUU,2026-08-28,Call,12.5,2.05,2.1,True
2026-08-28,UUUUH282601300.U^H26,UUUU,2026-08-28,Call,13.0,1.625,1.62,True
2026-08-28,UUUUH282601350.U^H26,UUUU,2026-08-28,Call,13.5,1.135,1.14,True
2026-08-28,UUUUH282601400.U^H26,UUUU,2026-08-28,Call,14.0,0.55,0.62,True
2026-08-28,UUUUH282601450.U^H26,UUUU,2026-08-28,Call,14.5,0.14,0.13,True
2026-08-28,UUUUH282601500.U^H26,UUUU,2026-08-28,Call,15.0,,0.02,True
2026-08-28,UUUUH282601550.U^H26,UUUU,2026-08-28,Call,15.5,,0.02,True
2026-08-28,UUUUH282601600.U^H26,UUUU,2026-08-28,Call,16.0,,0.03,True
2026-08-28,UUUUH282601650.U^H26,UUUU,2026-08-28,Call,16.5,,0.01,True
2026-08-28,UUUUH282601700.U^H26,UUUU,2026-08-28,Call,17.0,,0.03,True
2026-08-28,UUUUH282601750.U^H26,UUUU,2026-08-28,Call,17.5,,0.08,True
2026-08-28,UUUUH282601800.U^H26,UUUU,2026-08-28,Call,18.0,,0.02,True
2026-08-28,UUUUH282601850.U^H26,UUUU,2026-08-28,Call,18.5,,,True
2026-08-28,UUUUI042601050.U^I26,UUUU,2026-09-04,Call,10.5,4.525,5.27,True
2026-08-28,UUUUI042601100.U^I26,UUUU,2026-09-04,Call,11.0,3.825,,True
2026-08-28,UUUUI042601150.U^I26,UUUU,2026-09-04,Call,11.5,3.225,3.27,True
2026-08-28,UUUUI042601200.U^I26,UUUU,2026-09-04,Call,12.0,2.665,2.63,True
2026-08-28,UUUUI042601250.U^I26,UUUU,2026-09-04,Call,12.5,2.335,2.5,True
2026-08-28,UUUUI042601300.U^I26,UUUU,2026-09-04,Call,13.0,1.725,1.65,True
2026-08-28,UUUUI042601350.U^I26,UUUU,2026-09-04,Call,13.5,1.31,1.28,True
2026-08-28,UUUUI042601400.U^I26,UUUU,2026-09-04,Call,14.0,0.95,0.9,True
2026-08-28,UUUUI042601450.U^I26,UUUU,2026-09-04,Call,14.5,0.65,0.61,True
2026-08-28,UUUUI042601500.U^I26,UUUU,2026-09-04,Call,15.0,0.415,0.42,True
2026-08-28,UUUUI042601550.U^I26,UUUU,2026-09-04,Call,15.5,0.24,0.22,True
2026-08-28,UUUUI042601600.U^I26,UUUU,2026-09-04,Call,16.0,0.135,0.15,True
2026-08-28,UUUUI042601650.U^I26,UUUU,2026-09-04,Call,16.5,0.095,0.1,True
2026-08-28,UUUUI042601700.U^I26,UUUU,2026-09-04,Call,17.0,0.05,0.03,True
2026-08-28,UUUUI042601750.U^I26,UUUU,2026-09-04,Call,17.5,0.09,0.03,True
2026-08-28,UUUUI042601800.U^I26,UUUU,2026-09-04,Call,18.0,0.08,0.02,True
2026-08-28,UUUUI042601850.U^I26,UUUU,2026-09-04,Call,18.5,,0.02,True
2026-08-28,UUUUT282601050.U^H26,UUUU,2026-08-28,Put,10.5,,,True
2026-08-28,UUUUT282601100.U^H26,UUUU,2026-08-28,Put,11.0,,,True
2026-08-28,UUUUT282601150.U^H26,UUUU,2026-08-28,Put,11.5,,,True
2026-08-28,UUUUT282601200.U^H26,UUUU,2026-08-28,Put,12.0,,0.01,True
2026-08-28,UUUUT282601250.U^H26,UUUU,2026-08-28,Put,12.5,,,True
2026-08-28,UUUUT282601300.U^H26,UUUU,2026-08-28,Put,13.0,,0.01,True
2026-08-28,UUUUT282601350.U^H26,UUUU,2026-08-28,Put,13.5,,0.01,True
2026-08-28,UUUUT282601400.U^H26,UUUU,2026-08-28,Put,14.0,,0.01,True
2026-08-28,UUUUT282601450.U^H26,UUUU,2026-08-28,Put,14.5,,0.01,True
2026-08-28,UUUUT282601500.U^H26,UUUU,2026-08-28,Put,15.0,0.425,0.41,True
2026-08-28,UUUUT282601550.U^H26,UUUU,2026-08-28,Put,15.5,0.775,0.9,True
2026-08-28,UUUUT282601600.U^H26,UUUU,2026-08-28,Put,16.0,1.365,1.41,True
2026-08-28,UUUUT282601650.U^H26,UUUU,2026-08-28,Put,16.5,1.92,1.88,True
2026-08-28,UUUUT282601700.U^H26,UUUU,2026-08-28,Put,17.0,2.36,2.25,True
2026-08-28,UUUUT282601750.U^H26,UUUU,2026-08-28,Put,17.5,2.87,2.85,True
2026-08-28,UUUUT282601800.U^H26,UUUU,2026-08-28,Put,18.0,3.275,3.13,True
2026-08-28,UUUUT282601850.U^H26,UUUU,2026-08-28,Put,18.5,3.75,2.98,True
2026-08-28,UUUUU042601050.U^I26,UUUU,2026-09-04,Put,10.5,,,True
2026-08-28,UUUUU042601100.U^I26,UUUU,2026-09-04,Put,11.0,,,True
2026-08-28,UUUUU042601150.U^I26,UUUU,2026-09-04,Put,11.5,,0.36,True
2026-08-28,UUUUU042601200.U^I26,UUUU,2026-09-04,Put,12.0,0.08,0.02,True
2026-08-28,UUUUU042601250.U^I26,UUUU,2026-09-04,Put,12.5,0.055,0.03,True
2026-08-28,UUUUU042601300.U^I26,UUUU,2026-09-04,Put,13.0,0.055,0.07,True
2026-08-28,UUUUU042601350.U^I26,UUUU,2026-09-04,Put,13.5,0.13,0.11,True
2026-08-28,UUUUU042601400.U^I26,UUUU,2026-09-04,Put,14.0,0.23,0.29,True
2026-08-28,UUUUU042601450.U^I26,UUUU,2026-09-04,Put,14.5,0.47,0.44,True
2026-08-28,UUUUU042601500.U^I26,UUUU,2026-09-04,Put,15.0,0.755,0.77,True
2026-08-28,UUUUU042601550.U^I26,UUUU,2026-09-04,Put,15.5,1.105,1.12,True
2026-08-28,UUUUU042601600.U^I26,UUUU,2026-09-04,Put,16.0,1.485,1.53,True
2026-08-28,UUUUU042601650.U^I26,UUUU,2026-09-04,Put,16.5,1.89,1.89,True
2026-08-28,UUUUU042601700.U^I26,UUUU,2026-09-04,Put,17.0,2.415,2.4,True
2026-08-28,UUUUU042601750.U^I26,UUUU,2026-09-04,Put,17.5,2.88,2.4,True
2026-08-28,UUUUU042601800.U^I26,UUUU,2026-09-04,Put,18.0,3.35,2.94,True
2026-08-28,UUUUU042601850.U^I26,UUUU,2026-09-04,Put,18.5,3.775,3.7,True
2026-08-31,UUUUI042601050.U^I26,UUUU,2026-09-04,Call,10.5,4.175,4.21,True
2026-08-31,UUUUI042601100.U^I26,UUUU,2026-09-04,Call,11.0,3.7,3.63,True
2026-08-31,UUUUI042601150.U^I26,UUUU,2026-09-04,Call,11.5,3.185,3.2,True
2026-08-31,UUUUI042601200.U^I26,UUUU,2026-09-04,Call,12.0,2.68,2.72,True
2026-08-31,UUUUI042601250.U^I26,UUUU,2026-09-04,Call,12.5,2.31,2.24,True
2026-08-31,UUUUI042601300.U^I26,UUUU,2026-09-04,Call,13.0,1.795,1.75,True
2026-08-31,UUUUI042601350.U^I26,UUUU,2026-09-04,Call,13.5,1.345,1.28,True
2026-08-31,UUUUI042601400.U^I26,UUUU,2026-09-04,Call,14.0,0.915,0.86,True
2026-08-31,UUUUI042601450.U^I26,UUUU,2026-09-04,Call,14.5,0.6,0.6,True
2026-08-31,UUUUI042601500.U^I26,UUUU,2026-09-04,Call,15.0,0.355,0.35,True
2026-08-31,UUUUI042601550.U^I26,UUUU,2026-09-04,Call,15.5,0.19,0.19,True
2026-08-31,UUUUI042601600.U^I26,UUUU,2026-09-04,Call,16.0,0.095,0.1,True
2026-08-31,UUUUI042601650.U^I26,UUUU,2026-09-04,Call,16.5,0.045,0.04,True
2026-08-31,UUUUI042601700.U^I26,UUUU,2026-09-04,Call,17.0,0.025,0.03,True
2026-08-31,UUUUI042601750.U^I26,UUUU,2026-09-04,Call,17.5,0.015,0.01,True
2026-08-31,UUUUI042601800.U^I26,UUUU,2026-09-04,Call,18.0,0.015,0.02,True
2026-08-31,UUUUI042601850.U^I26,UUUU,2026-09-04,Call,18.5,,,True
2026-08-31,UUUUU042601050.U^I26,UUUU,2026-09-04,Put,10.5,,,True
2026-08-31,UUUUU042601100.U^I26,UUUU,2026-09-04,Put,11.0,,,True
2026-08-31,UUUUU042601150.U^I26,UUUU,2026-09-04,Put,11.5,,0.01,True
2026-08-31,UUUUU042601200.U^I26,UUUU,2026-09-04,Put,12.0,0.02,0.02,True
2026-08-31,UUUUU042601250.U^I26,UUUU,2026-09-04,Put,12.5,,0.01,True
2026-08-31,UUUUU042601300.U^I26,UUUU,2026-09-04,Put,13.0,0.03,0.04,True
2026-08-31,UUUUU042601350.U^I26,UUUU,2026-09-04,Put,13.5,0.07,0.1,True
2026-08-31,UUUUU042601400.U^I26,UUUU,2026-09-04,Put,14.0,0.175,0.16,True
2026-08-31,UUUUU042601450.U^I26,UUUU,2026-09-04,Put,14.5,0.365,0.34,True
2026-08-31,UUUUU042601500.U^I26,UUUU,2026-09-04,Put,15.0,0.575,0.62,True
2026-08-31,UUUUU042601550.U^I26,UUUU,2026-09-04,Put,15.5,0.935,1.0,True
2026-08-31,UUUUU042601600.U^I26,UUUU,2026-09-04,Put,16.0,1.37,1.37,True
2026-08-31,UUUUU042601650.U^I26,UUUU,2026-09-04,Put,16.5,1.825,1.82,True
2026-08-31,UUUUU042601700.U^I26,UUUU,2026-09-04,Put,17.0,2.33,2.35,True
2026-08-31,UUUUU042601750.U^I26,UUUU,2026-09-04,Put,17.5,2.73,2.74,True
2026-08-31,UUUUU042601800.U^I26,UUUU,2026-09-04,Put,18.0,3.225,3.32,True
2026-08-31,UUUUU042601850.U^I26,UUUU,2026-09-04,Put,18.5,3.75,3.75,True
2026-09-01,UUUUI042601050.U^I26,UUUU,2026-09-04,Call,10.5,3.5,3.73,True
2026-09-01,UUUUI042601100.U^I26,UUUU,2026-09-04,Call,11.0,3.315,3.21,True
2026-09-01,UUUUI042601150.U^I26,UUUU,2026-09-04,Call,11.5,2.85,,True
2026-09-01,UUUUI042601200.U^I26,UUUU,2026-09-04,Call,12.0,2.265,2.19,True
2026-09-01,UUUUI042601250.U^I26,UUUU,2026-09-04,Call,12.5,1.855,1.92,True
2026-09-01,UUUUI042601300.U^I26,UUUU,2026-09-04,Call,13.0,1.295,1.37,True
2026-09-01,UUUUI042601350.U^I26,UUUU,2026-09-04,Call,13.5,0.97,0.9,True
2026-09-01,UUUUI042601400.U^I26,UUUU,2026-09-04,Call,14.0,0.5,0.47,True
2026-09-01,UUUUI042601450.U^I26,UUUU,2026-09-04,Call,14.5,0.315,0.29,True
2026-09-01,UUUUI042601500.U^I26,UUUU,2026-09-04,Call,15.0,0.14,0.16,True
2026-09-01,UUUUI042601550.U^I26,UUUU,2026-09-04,Call,15.5,0.07,0.07,True
2026-09-01,UUUUI042601600.U^I26,UUUU,2026-09-04,Call,16.0,0.035,0.04,True
2026-09-01,UUUUI042601650.U^I26,UUUU,2026-09-04,Call,16.5,0.025,0.02,True
2026-09-01,UUUUI042601700.U^I26,UUUU,2026-09-04,Call,17.0,0.015,0.01,True
2026-09-01,UUUUI042601750.U^I26,UUUU,2026-09-04,Call,17.5,0.075,0.01,True
2026-09-01,UUUUI042601800.U^I26,UUUU,2026-09-04,Call,18.0,,0.02,True
2026-09-01,UUUUI042601850.U^I26,UUUU,2026-09-04,Call,18.5,,0.02,True
2026-09-01,UUUUU042601050.U^I26,UUUU,2026-09-04,Put,10.5,,,True
2026-09-01,UUUUU042601100.U^I26,UUUU,2026-09-04,Put,11.0,,,True
2026-09-01,UUUUU042601150.U^I26,UUUU,2026-09-04,Put,11.5,,,True
2026-09-01,UUUUU042601200.U^I26,UUUU,2026-09-04,Put,12.0,,,True
2026-09-01,UUUUU042601250.U^I26,UUUU,2026-09-04,Put,12.5,,0.01,True
2026-09-01,UUUUU042601300.U^I26,UUUU,2026-09-04,Put,13.0,0.03,0.05,True
2026-09-01,UUUUU042601350.U^I26,UUUU,2026-09-04,Put,13.5,0.14,0.12,True
2026-09-01,UUUUU042601400.U^I26,UUUU,2026-09-04,Put,14.0,0.29,0.29,True
2026-09-01,UUUUU042601450.U^I26,UUUU,2026-09-04,Put,14.5,0.52,0.52,True
2026-09-01,UUUUU042601500.U^I26,UUUU,2026-09-04,Put,15.0,0.915,0.93,True
2026-09-01,UUUUU042601550.U^I26,UUUU,2026-09-04,Put,15.5,1.35,1.36,True
2026-09-01,UUUUU042601600.U^I26,UUUU,2026-09-04,Put,16.0,1.805,1.83,True
2026-09-01,UUUUU042601650.U^I26,UUUU,2026-09-04,Put,16.5,2.3,2.32,True
2026-09-01,UUUUU042601700.U^I26,UUUU,2026-09-04,Put,17.0,2.715,2.81,True
2026-09-01,UUUUU042601750.U^I26,UUUU,2026-09-04,Put,17.5,3.2,3.25,True
2026-09-01,UUUUU042601800.U^I26,UUUU,2026-09-04,Put,18.0,3.725,3.82,True
2026-09-01,UUUUU042601850.U^I26,UUUU,2026-09-04,Put,18.5,4.05,4.29,True
2026-09-02,UUUUI042601050.U^I26,UUUU,2026-09-04,Call,10.5,3.825,3.74,True
2026-09-02,UUUUI042601100.U^I26,UUUU,2026-09-04,Call,11.0,3.3,3.23,True
2026-09-02,UUUUI042601150.U^I26,UUUU,2026-09-04,Call,11.5,2.795,2.77,True
2026-09-02,UUUUI042601200.U^I26,UUUU,2026-09-04,Call,12.0,2.325,2.13,True
2026-09-02,UUUUI042601250.U^I26,UUUU,2026-09-04,Call,12.5,1.845,1.74,True
2026-09-02,UUUUI042601300.U^I26,UUUU,2026-09-04,Call,13.0,1.275,1.31,True
2026-09-02,UUUUI042601350.U^I26,UUUU,2026-09-04,Call,13.5,0.875,0.8,True
2026-09-02,UUUUI042601400.U^I26,UUUU,2026-09-04,Call,14.0,0.46,0.48,True
2026-09-02,UUUUI042601450.U^I26,UUUU,2026-09-04,Call,14.5,0.245,0.23,True
2026-09-02,UUUUI042601500.U^I26,UUUU,2026-09-04,Call,15.0,0.095,0.1,True
2026-09-02,UUUUI042601550.U^I26,UUUU,2026-09-04,Call,15.5,0.03,0.03,True
2026-09-02,UUUUI042601600.U^I26,UUUU,2026-09-04,Call,16.0,0.015,0.02,True
2026-09-02,UUUUI042601650.U^I26,UUUU,2026-09-04,Call,16.5,,0.01,True
2026-09-02,UUUUI042601700.U^I26,UUUU,2026-09-04,Call,17.0,,0.01,True
2026-09-02,UUUUI042601750.U^I26,UUUU,2026-09-04,Call,17.5,,0.01,True
2026-09-02,UUUUI042601800.U^I26,UUUU,2026-09-04,Call,18.0,,0.01,True
2026-09-02,UUUUI042601850.U^I26,UUUU,2026-09-04,Call,18.5,,,True
2026-09-02,UUUUU042601050.U^I26,UUUU,2026-09-04,Put,10.5,,,True
2026-09-02,UUUUU042601100.U^I26,UUUU,2026-09-04,Put,11.0,,,True
2026-09-02,UUUUU042601150.U^I26,UUUU,2026-09-04,Put,11.5,,,True
2026-09-02,UUUUU042601200.U^I26,UUUU,2026-09-04,Put,12.0,,0.03,True
2026-09-02,UUUUU042601250.U^I26,UUUU,2026-09-04,Put,12.5,0.02,0.01,True
2026-09-02,UUUUU042601300.U^I26,UUUU,2026-09-04,Put,13.0,0.02,0.02,True
2026-09-02,UUUUU042601350.U^I26,UUUU,2026-09-04,Put,13.5,0.09,0.08,True
2026-09-02,UUUUU042601400.U^I26,UUUU,2026-09-04,Put,14.0,0.195,0.22,True
2026-09-02,UUUUU042601450.U^I26,UUUU,2026-09-04,Put,14.5,0.425,0.53,True
2026-09-02,UUUUU042601500.U^I26,UUUU,2026-09-04,Put,15.0,0.82,0.86,True
2026-09-02,UUUUU042601550.U^I26,UUUU,2026-09-04,Put,15.5,1.25,1.36,True
2026-09-02,UUUUU042601600.U^I26,UUUU,2026-09-04,Put,16.0,1.725,1.86,True
2026-09-02,UUUUU042601650.U^I26,UUUU,2026-09-04,Put,16.5,2.195,,True
2026-09-02,UUUUU042601700.U^I26,UUUU,2026-09-04,Put,17.0,2.78,2.47,True
2026-09-02,UUUUU042601750.U^I26,UUUU,2026-09-04,Put,17.5,3.205,,True
2026-09-02,UUUUU042601800.U^I26,UUUU,2026-09-04,Put,18.0,3.7,3.38,True
2026-09-02,UUUUU042601850.U^I26,UUUU,2026-09-04,Put,18.5,4.175,,True
2026-09-03,UUUUI042601050.U^I26,UUUU,2026-09-04,Call,10.5,3.7,3.55,True
2026-09-03,UUUUI042601100.U^I26,UUUU,2026-09-04,Call,11.0,3.225,3.37,True
2026-09-03,UUUUI042601150.U^I26,UUUU,2026-09-04,Call,11.5,2.75,,True
2026-09-03,UUUUI042601200.U^I26,UUUU,2026-09-04,Call,12.0,2.205,2.18,True
2026-09-03,UUUUI042601250.U^I26,UUUU,2026-09-04,Call,12.5,1.775,2.0,True
2026-09-03,UUUUI042601300.U^I26,UUUU,2026-09-04,Call,13.0,1.185,1.32,True
2026-09-03,UUUUI042601350.U^I26,UUUU,2026-09-04,Call,13.5,0.705,0.72,True
2026-09-03,UUUUI042601400.U^I26,UUUU,2026-09-04,Call,14.0,0.46,0.47,True
2026-09-03,UUUUI042601450.U^I26,UUUU,2026-09-04,Call,14.5,0.155,0.16,True
2026-09-03,UUUUI042601500.U^I26,UUUU,2026-09-04,Call,15.0,0.045,0.04,True
2026-09-03,UUUUI042601550.U^I26,UUUU,2026-09-04,Call,15.5,0.015,0.01,True
2026-09-03,UUUUI042601600.U^I26,UUUU,2026-09-04,Call,16.0,,0.01,True
2026-09-03,UUUUI042601650.U^I26,UUUU,2026-09-04,Call,16.5,,0.01,True
2026-09-03,UUUUI042601700.U^I26,UUUU,2026-09-04,Call,17.0,,0.05,True
2026-09-03,UUUUI042601750.U^I26,UUUU,2026-09-04,Call,17.5,,0.06,True
2026-09-03,UUUUI042601800.U^I26,UUUU,2026-09-04,Call,18.0,,0.01,True
2026-09-03,UUUUI042601850.U^I26,UUUU,2026-09-04,Call,18.5,,0.04,True
2026-09-03,UUUUU042601050.U^I26,UUUU,2026-09-04,Put,10.5,,,True
2026-09-03,UUUUU042601100.U^I26,UUUU,2026-09-04,Put,11.0,,0.01,True
2026-09-03,UUUUU042601150.U^I26,UUUU,2026-09-04,Put,11.5,,,True
2026-09-03,UUUUU042601200.U^I26,UUUU,2026-09-04,Put,12.0,,0.03,True
2026-09-03,UUUUU042601250.U^I26,UUUU,2026-09-04,Put,12.5,,,True
2026-09-03,UUUUU042601300.U^I26,UUUU,2026-09-04,Put,13.0,,0.02,True
2026-09-03,UUUUU042601350.U^I26,UUUU,2026-09-04,Put,13.5,0.06,0.05,True
2026-09-03,UUUUU042601400.U^I26,UUUU,2026-09-04,Put,14.0,0.115,0.11,True
2026-09-03,UUUUU042601450.U^I26,UUUU,2026-09-04,Put,14.5,0.39,0.59,True
2026-09-03,UUUUU042601500.U^I26,UUUU,2026-09-04,Put,15.0,0.77,0.68,True
2026-09-03,UUUUU042601550.U^I26,UUUU,2026-09-04,Put,15.5,1.16,1.56,True
2026-09-03,UUUUU042601600.U^I26,UUUU,2026-09-04,Put,16.0,1.755,1.8,True
2026-09-03,UUUUU042601650.U^I26,UUUU,2026-09-04,Put,16.5,2.23,2.43,True
2026-09-03,UUUUU042601700.U^I26,UUUU,2026-09-04,Put,17.0,2.75,2.81,True
2026-09-03,UUUUU042601750.U^I26,UUUU,2026-09-04,Put,17.5,3.175,3.35,True
2026-09-03,UUUUU042601800.U^I26,UUUU,2026-09-04,Put,18.0,3.775,3.78,True
2026-09-03,UUUUU042601850.U^I26,UUUU,2026-09-04,Put,18.5,4.15,,True
2026-09-04,UUUUI042601050.U^I26,UUUU,2026-09-04,Call,10.5,4.0,3.97,True
2026-09-04,UUUUI042601100.U^I26,UUUU,2026-09-04,Call,11.0,3.425,3.45,True
2026-09-04,UUUUI042601150.U^I26,UUUU,2026-09-04,Call,11.5,2.99,2.91,True
2026-09-04,UUUUI042601200.U^I26,UUUU,2026-09-04,Call,12.0,2.485,2.47,True
2026-09-04,UUUUI042601250.U^I26,UUUU,2026-09-04,Call,12.5,2.005,1.94,True
2026-09-04,UUUUI042601300.U^I26,UUUU,2026-09-04,Call,13.0,1.5,1.46,True
2026-09-04,UUUUI042601350.U^I26,UUUU,2026-09-04,Call,13.5,0.965,0.98,True
2026-09-04,UUUUI042601400.U^I26,UUUU,2026-09-04,Call,14.0,0.565,0.5,True
2026-09-04,UUUUI042601450.U^I26,UUUU,2026-09-04,Call,14.5,,0.04,True
2026-09-04,UUUUI042601500.U^I26,UUUU,2026-09-04,Call,15.0,,0.05,True
2026-09-04,UUUUI042601550.U^I26,UUUU,2026-09-04,Call,15.5,,0.01,True
2026-09-04,UUUUI042601600.U^I26,UUUU,2026-09-04,Call,16.0,,0.01,True
2026-09-04,UUUUI042601650.U^I26,UUUU,2026-09-04,Call,16.5,,0.02,True
2026-09-04,UUUUI042601700.U^I26,UUUU,2026-09-04,Call,17.0,,0.01,True
2026-09-04,UUUUI042601750.U^I26,UUUU,2026-09-04,Call,17.5,,0.03,True
2026-09-04,UUUUI042601800.U^I26,UUUU,2026-09-04,Call,18.0,,0.01,True
2026-09-04,UUUUI042601850.U^I26,UUUU,2026-09-04,Call,18.5,,0.08,True
2026-09-04,UUUUU042601050.U^I26,UUUU,2026-09-04,Put,10.5,,0.02,True
2026-09-04,UUUUU042601100.U^I26,UUUU,2026-09-04,Put,11.0,,,True
2026-09-04,UUUUU042601150.U^I26,UUUU,2026-09-04,Put,11.5,,,True
2026-09-04,UUUUU042601200.U^I26,UUUU,2026-09-04,Put,12.0,,0.01,True
2026-09-04,UUUUU042601250.U^I26,UUUU,2026-09-04,Put,12.5,,,True
2026-09-04,UUUUU042601300.U^I26,UUUU,2026-09-04,Put,13.0,,0.01,True
2026-09-04,UUUUU042601350.U^I26,UUUU,2026-09-04,Put,13.5,,0.01,True
2026-09-04,UUUUU042601400.U^I26,UUUU,2026-09-04,Put,14.0,,0.02,True
2026-09-04,UUUUU042601450.U^I26,UUUU,2026-09-04,Put,14.5,0.07,0.06,True
2026-09-04,UUUUU042601500.U^I26,UUUU,2026-09-04,Put,15.0,0.515,0.56,True
2026-09-04,UUUUU042601550.U^I26,UUUU,2026-09-04,Put,15.5,0.945,1.12,True
2026-09-04,UUUUU042601600.U^I26,UUUU,2026-09-04,Put,16.0,1.465,1.5,True
2026-09-04,UUUUU042601650.U^I26,UUUU,2026-09-04,Put,16.5,2.0,,True
2026-09-04,UUUUU042601700.U^I26,UUUU,2026-09-04,Put,17.0,2.54,,True
2026-09-04,UUUUU042601750.U^I26,UUUU,2026-09-04,Put,17.5,3.075,,True
2026-09-04,UUUUU042601800.U^I26,UUUU,2026-09-04,Put,18.0,3.525,,True
2026-09-04,UUUUU042601850.U^I26,UUUU,2026-09-04,Put,18.5,3.95,,True
